id,txid,timestamp,contractAddress,tokenId,owner,resource,amount,blockNumber
,0xdefe2b4ea9a43b5f352e59c8832245006d25dab211b13d6ccb75af2160cc1f3f,2024-07-21T21:23:04.000Z,0xC617FE2c8B4C0dF871E07b3796Fda41BD0996E7C,111,0x52904ad47ec751E1a9f87DE4d286761Dd85a7f76,fish,2000000000000000000,59645553
,0xcc07befd0fdddc3ee854b9ccace12496cb2873d17b521e44e8e059491d3b5482,2024-07-22T04:29:23.000Z,0xC617FE2c8B4C0dF871E07b3796Fda41BD0996E7C,1508,0x5973bf00521377Cfa4e22Dc51E8f7F733e8EF7A6,coconut,8000000000000000000,59657416
,0xd3c2eff5e4f012a875629976b6381ac572c36a297c2c2be2df9fe91871fb97b3,2024-07-24T07:48:16.000Z,0xC617FE2c8B4C0dF871E07b3796Fda41BD0996E7C,111,0x52904ad47ec751E1a9f87DE4d286761Dd85a7f76,wood,750000000000000000,59743168
,0xd3c2eff5e4f012a875629976b6381ac572c36a297c2c2be2df9fe91871fb97b3,2024-07-24T07:48:16.000Z,0xC617FE2c8B4C0dF871E07b3796Fda41BD0996E7C,111,0x52904ad47ec751E1a9f87DE4d286761Dd85a7f76,fish,5000000000000000000,59743168
,0xfa15c81ae87fa6df71a808fd62e0b0957b82e8b1e3c5d70a59de0c9ced760e6b,2024-07-24T19:15:55.000Z,0xC617FE2c8B4C0dF871E07b3796Fda41BD0996E7C,2391,0x2E86687784ea2cd157005F5b200BDAe6B20BE313,fish,1000000000000000000,59762441
,0xaceee2de4819e218276e0630423ceb4acfd82cc6f6195c2b7c049ba98980f2cb,2024-07-24T19:17:21.000Z,0xC617FE2c8B4C0dF871E07b3796Fda41BD0996E7C,2255,0x2E86687784ea2cd157005F5b200BDAe6B20BE313,fish,1000000000000000000,59762481
,0x805ff0a300dcc366fdcb83c03b845431eee80d7ce3834cf210380091c69c98a2,2024-07-24T19:18:49.000Z,0xC617FE2c8B4C0dF871E07b3796Fda41BD0996E7C,152,0x2E86687784ea2cd157005F5b200BDAe6B20BE313,coconut,2000000000000000000,59762523
,0x91734371223a72fe7e3e0453ac4a485b75f1c048cd50eb3f8445ea72ddcb26b0,2024-07-25T17:19:52.000Z,0xC617FE2c8B4C0dF871E07b3796Fda41BD0996E7C,845,0x0124b3ef01938106BBe79f04462D6944D78b6AE2,fish,6000000000000000000,59799431
,0x958fe89d2c0d03de02738f89c4a41d0ffb7e64fc85d06654344c61f554127bc3,2024-07-25T17:39:38.000Z,0xC617FE2c8B4C0dF871E07b3796Fda41BD0996E7C,434,0x1b6c502f9400f6619657d45f9686ea1991436C6c,fish,7000000000000000000,59799989
,0xdd69cbe99e67b98d4f2a4a25afe06d32fa4061ba219b2b55ac347f0776f43318,2024-07-25T17:50:48.000Z,0xC617FE2c8B4C0dF871E07b3796Fda41BD0996E7C,909,0xd8106418afaA5521e553Daa55574d474e930eA02,coconut,6000000000000000000,59800289
,0x0527f42bf70b4bc284e17ec6905ab1d8075200795e0bb5f108b9c9856a7b2f3f,2024-07-26T04:27:51.000Z,0xC617FE2c8B4C0dF871E07b3796Fda41BD0996E7C,776,0x86758FE743E4151c5f52aC990Bf80213eFF2BF1E,fish,17000000000000000000,59818105
,0xdb016e010a2866b3159c58a0ba6feb63bb3c1dfb52fda06f58e13dbc2939d76a,2024-07-26T11:00:54.000Z,0xC617FE2c8B4C0dF871E07b3796Fda41BD0996E7C,2255,0x2E86687784ea2cd157005F5b200BDAe6B20BE313,fish,2000000000000000000,59829096
,0x6e7d3393b07ab075b124008c1c757cbe59c34fd251cd541347d7c08d00ba48ab,2024-07-26T11:01:46.000Z,0xC617FE2c8B4C0dF871E07b3796Fda41BD0996E7C,2391,0x2E86687784ea2cd157005F5b200BDAe6B20BE313,fish,2000000000000000000,59829120
,0x8c935f919b3d5a4cd2ef11cc369febf2640f23b14e0a461a2bc070a00972deb0,2024-07-27T16:29:25.000Z,0xC617FE2c8B4C0dF871E07b3796Fda41BD0996E7C,101,0x86758FE743E4151c5f52aC990Bf80213eFF2BF1E,coconut,10000000000000000000,59877454
,0x716974aa8e465d6859bbce4cf165127cb9b79f7dc431b8394c9180e25eca1090,2024-07-29T11:51:35.000Z,0xC617FE2c8B4C0dF871E07b3796Fda41BD0996E7C,152,0x2E86687784ea2cd157005F5b200BDAe6B20BE313,fish,4000000000000000000,59947632
,0xdc019ec8755cc979418419adb2651b932e792b3f4b0ce0d051038048a7faa168,2024-07-29T21:55:46.000Z,0xC617FE2c8B4C0dF871E07b3796Fda41BD0996E7C,2423,0x60c5c003FFaee8deA12afbbda7481D5CBd5CC382,coconut,14000000000000000000,59964596
,0x1a1e8b5ad6067af20d20146158953181b2c165a98e9d9e4c3a24b840e1143123,2024-07-29T21:58:06.000Z,0xC617FE2c8B4C0dF871E07b3796Fda41BD0996E7C,1331,0x60c5c003FFaee8deA12afbbda7481D5CBd5CC382,coconut,28000000000000000000,59964651
,0x5aca7f9d84710b0a16709bd113bca11b164f626f59ef1a299ffcda86a375b1ad,2024-07-30T05:15:02.000Z,0xC617FE2c8B4C0dF871E07b3796Fda41BD0996E7C,1464,0x456480C55c72d5281987B712e4856A6b1Cb9Bf42,fish,7000000000000000000,59976677
,0xdf0c083c9c004339255f15c8a8210cac7605650683790f6a4f275a5cbd18edeb,2024-07-30T05:16:40.000Z,0xC617FE2c8B4C0dF871E07b3796Fda41BD0996E7C,757,0x456480C55c72d5281987B712e4856A6b1Cb9Bf42,fish,21000000000000000000,59976723
,0x45d5de5b34e1ea24277483d447ef03eb4c84d8019495c5d3d860b2b69ab685ba,2024-07-30T05:19:46.000Z,0xC617FE2c8B4C0dF871E07b3796Fda41BD0996E7C,1949,0x456480C55c72d5281987B712e4856A6b1Cb9Bf42,fish,7000000000000000000,59976811
,0x96f9b2095d1baee61b6924934be4ec580df6e1d4496ee4e1fc56723d8f1a3073,2024-07-30T10:17:59.000Z,0xC617FE2c8B4C0dF871E07b3796Fda41BD0996E7C,2148,0x8cA010fFF56976CeC6ebAF66A5f3f6812236aa8e,coconut,30000000000000000000,59984707
,0x2e23d0b55dfd82447d54528fb7a17343c3ca57636c75c13c3c45da82c5aad599,2024-07-30T10:19:27.000Z,0xC617FE2c8B4C0dF871E07b3796Fda41BD0996E7C,1638,0x8cA010fFF56976CeC6ebAF66A5f3f6812236aa8e,fish,15000000000000000000,59984742
,0xfc11f81781be2877b9f1bd2a101cba1015735e8cf7f7ece1ab4c5219c71ddace,2024-07-30T10:22:37.000Z,0xC617FE2c8B4C0dF871E07b3796Fda41BD0996E7C,541,0xa59a77af24739B0E832294aAbD3954670829DE41,fish,15000000000000000000,59984823
,0x5178c62fc7be70b47a9391be544626483f9a1d66e3f45db4d372978804e69466,2024-07-30T10:24:53.000Z,0xC617FE2c8B4C0dF871E07b3796Fda41BD0996E7C,778,0xa59a77af24739B0E832294aAbD3954670829DE41,fish,15000000000000000000,59984887
,0x2397ad281522621b2cd91dd5fbac7061e161ac9da870889a078ea3f00a0761b2,2024-07-30T10:26:45.000Z,0xC617FE2c8B4C0dF871E07b3796Fda41BD0996E7C,1098,0xa59a77af24739B0E832294aAbD3954670829DE41,fish,15000000000000000000,59984926
,0x0cb76af6ca5544bda53995685cdf0be2d70576f78c74dd344a244f59c41bac7c,2024-07-30T10:28:39.000Z,0xC617FE2c8B4C0dF871E07b3796Fda41BD0996E7C,1503,0xa59a77af24739B0E832294aAbD3954670829DE41,fish,15000000000000000000,59984978
,0x1ff7e1628d6e6a714725f24a6771142bd9dadd8d3ce5f051d3993ee34e11f540,2024-07-30T21:32:41.000Z,0xC617FE2c8B4C0dF871E07b3796Fda41BD0996E7C,166,0xfbf40842b8CF2496547E0E9207772513aC5F151f,fish,1000000000000000000,60003085
,0xda2b42a3a190fb95b0fbcd7c2b4dfca33157aa0afb3e01dc55f23c71ee658e67,2024-07-30T21:35:43.000Z,0xC617FE2c8B4C0dF871E07b3796Fda41BD0996E7C,80,0xfbf40842b8CF2496547E0E9207772513aC5F151f,fish,1000000000000000000,60003170
,0x949b00f591ad53b5f4dd64b7f361c643620890ccca6480ae93bfb68bb2dad15f,2024-07-31T10:40:57.000Z,0xC617FE2c8B4C0dF871E07b3796Fda41BD0996E7C,1319,0x8446117bF01FBd24996f2223f50036D1b0e7663C,fish,6000000000000000000,60024300
,0xb6b55c52f0ec905d9c568df591e934b58b3c7ec566f95ec2ec33a42685cf5bf0,2024-07-31T17:59:25.000Z,0xC617FE2c8B4C0dF871E07b3796Fda41BD0996E7C,852,0x86758FE743E4151c5f52aC990Bf80213eFF2BF1E,fish,15000000000000000000,60036405
,0x111d69eb12a71c2fef1e319f5590e603763c20c2dbaf4cc30f3e2f52dd4c765d,2024-07-31T22:15:32.000Z,0xC617FE2c8B4C0dF871E07b3796Fda41BD0996E7C,111,0x52904ad47ec751E1a9f87DE4d286761Dd85a7f76,wood,300000000000000000,60043424
,0x111d69eb12a71c2fef1e319f5590e603763c20c2dbaf4cc30f3e2f52dd4c765d,2024-07-31T22:15:32.000Z,0xC617FE2c8B4C0dF871E07b3796Fda41BD0996E7C,111,0x52904ad47ec751E1a9f87DE4d286761Dd85a7f76,fish,2000000000000000000,60043424
,0xd86046ba22891cf81ecced4ccaa23ad3bc420717a71e81894c5b36c3b5d6a6af,2024-07-31T23:26:32.000Z,0xC617FE2c8B4C0dF871E07b3796Fda41BD0996E7C,166,0xfbf40842b8CF2496547E0E9207772513aC5F151f,wood,150000000000000000,60045340
,0xd86046ba22891cf81ecced4ccaa23ad3bc420717a71e81894c5b36c3b5d6a6af,2024-07-31T23:26:32.000Z,0xC617FE2c8B4C0dF871E07b3796Fda41BD0996E7C,166,0xfbf40842b8CF2496547E0E9207772513aC5F151f,fish,1000000000000000000,60045340
,0xca0d33e0a2e66e214274bfda6d5ae1f7951f490f8b225acf08962371eb93e4c1,2024-07-31T23:30:54.000Z,0xC617FE2c8B4C0dF871E07b3796Fda41BD0996E7C,80,0xfbf40842b8CF2496547E0E9207772513aC5F151f,fish,19000000000000000000,60045448
,0xce311fff98fc30644e2781590ee0baf6451d1dbe814a818e23c71a361e6f597f,2024-08-01T07:59:44.000Z,0xC617FE2c8B4C0dF871E07b3796Fda41BD0996E7C,321,0xa59a77af24739B0E832294aAbD3954670829DE41,fish,20000000000000000000,60058841
,0x58a81fbb7b502e0b9ee461a4b21b0f09caf41d514cbd890b71683fed55528380,2024-08-01T14:49:44.000Z,0xC617FE2c8B4C0dF871E07b3796Fda41BD0996E7C,1710,0x0c41271C14570Ab79D05802C4ebEDD42BA49b112,fish,20000000000000000000,60070186
,0x2a75efee8baae5cdbde07559d772f62d2a5fff79d09d98f9f53d23ed297cd4d4,2024-08-01T20:12:35.000Z,0xC617FE2c8B4C0dF871E07b3796Fda41BD0996E7C,71,0xaDD6805b30eF7187A3B6CdFEE4060A3F0C98A248,fish,25000000000000000000,60078995
,0xf4c148f919de89ba6532ee85d0286b9cb04ede1382da45f1d3771129476c25f5,2024-08-02T21:44:32.000Z,0xC617FE2c8B4C0dF871E07b3796Fda41BD0996E7C,1347,0x54E24ca5423BEDaBb832E462222D67eD8dce70de,coconut,32000000000000000000,60120739
,0x2caac9e4af32ecd2e150795218396ecc380e3f8d480794da0373b775bcb469ad,2024-08-02T21:58:16.000Z,0xC617FE2c8B4C0dF871E07b3796Fda41BD0996E7C,166,0xfbf40842b8CF2496547E0E9207772513aC5F151f,fish,20000000000000000000,60121127
,0x1c85bc40beafc74fd7fd959947175e1fdf5de33adc683b56495782d7b0a72a75,2024-08-03T16:46:18.000Z,0xC617FE2c8B4C0dF871E07b3796Fda41BD0996E7C,2255,0x2E86687784ea2cd157005F5b200BDAe6B20BE313,fish,7000000000000000000,60151626
,0xa4498f3f68acc2cbb904031ac4068b15f4df814163af6fc7610540b8765f99c4,2024-08-04T11:41:42.000Z,0xC617FE2c8B4C0dF871E07b3796Fda41BD0996E7C,981,0xaDD6805b30eF7187A3B6CdFEE4060A3F0C98A248,fish,24000000000000000000,60182510
,0xbac1e258361742795fb61808dc48643dfa5b06caa0b3a08d7de5dc5a2626f3a0,2024-08-04T19:15:05.000Z,0xC617FE2c8B4C0dF871E07b3796Fda41BD0996E7C,2391,0x2E86687784ea2cd157005F5b200BDAe6B20BE313,fish,12000000000000000000,60194865
,0x5d6579f37695c3eeac03589e52fa33236fd1cdfe75a475e148376960a2e97d81,2024-08-04T20:14:15.000Z,0xC617FE2c8B4C0dF871E07b3796Fda41BD0996E7C,72,0x17DD8D739608Ba385588d747c490F1394dC2Fbb9,fish,15000000000000000000,60196430
,0x50bf5dc850d651eccf1ef63c04d463fcd79befd2349b34192b79eabcf503a277,2024-08-05T23:05:07.000Z,0xC617FE2c8B4C0dF871E07b3796Fda41BD0996E7C,2423,0x60c5c003FFaee8deA12afbbda7481D5CBd5CC382,coconut,6000000000000000000,60239669
,0xc2d258f6bb6a8d8cc2600bb34deeaa7ee52f7543d4747e73cb19234ff5681bc6,2024-08-06T04:23:58.000Z,0xC617FE2c8B4C0dF871E07b3796Fda41BD0996E7C,1573,0x17DD8D739608Ba385588d747c490F1394dC2Fbb9,coconut,30000000000000000000,60248209
,0xe313b740a73a29fa1105fe02cd0947926d27ce552c999d70765902f38d861970,2024-08-07T08:32:34.000Z,0xC617FE2c8B4C0dF871E07b3796Fda41BD0996E7C,1464,0x456480C55c72d5281987B712e4856A6b1Cb9Bf42,fish,14000000000000000000,60293808
,0xece1d9c5f439ba3b2c89c229c0cec248ce46f5f27f27bf56031aaa5ef7d20b19,2024-08-07T08:35:28.000Z,0xC617FE2c8B4C0dF871E07b3796Fda41BD0996E7C,1949,0x456480C55c72d5281987B712e4856A6b1Cb9Bf42,wood,3500000000000000000,60293875
,0xece1d9c5f439ba3b2c89c229c0cec248ce46f5f27f27bf56031aaa5ef7d20b19,2024-08-07T08:35:28.000Z,0xC617FE2c8B4C0dF871E07b3796Fda41BD0996E7C,1949,0x456480C55c72d5281987B712e4856A6b1Cb9Bf42,fish,14000000000000000000,60293875
,0xc3d2d37a3c92f46214ad59ea511fc3458b3655a6d806484d0af520700a6c645b,2024-08-07T21:35:40.000Z,0xC617FE2c8B4C0dF871E07b3796Fda41BD0996E7C,2349,0x4C446a2c63E36a1Ba09235855527FCC89DF447DF,fish,20000000000000000000,60314697
,0x1bd2d003496bf4f2366baf438aa4a44ad23863c5e327c2db447737cd74cf212c,2024-08-08T04:53:58.000Z,0xC617FE2c8B4C0dF871E07b3796Fda41BD0996E7C,1508,0x5973bf00521377Cfa4e22Dc51E8f7F733e8EF7A6,wood,200000000000000000,60326787
,0x1bd2d003496bf4f2366baf438aa4a44ad23863c5e327c2db447737cd74cf212c,2024-08-08T04:53:58.000Z,0xC617FE2c8B4C0dF871E07b3796Fda41BD0996E7C,1508,0x5973bf00521377Cfa4e22Dc51E8f7F733e8EF7A6,fish,1000000000000000000,60326787
,0xc33e711651c202d18b2de31845403395c729961e81673a780c3eab922644eda0,2024-08-09T04:57:45.000Z,0xC617FE2c8B4C0dF871E07b3796Fda41BD0996E7C,1508,0x5973bf00521377Cfa4e22Dc51E8f7F733e8EF7A6,wood,800000000000000000,60366943
,0xc33e711651c202d18b2de31845403395c729961e81673a780c3eab922644eda0,2024-08-09T04:57:45.000Z,0xC617FE2c8B4C0dF871E07b3796Fda41BD0996E7C,1508,0x5973bf00521377Cfa4e22Dc51E8f7F733e8EF7A6,fish,4000000000000000000,60366943
,0xd1c13bc745d70728077dbaaf8ca4b93545554915509c62504536887a36440f3e,2024-08-09T21:38:15.000Z,0xC617FE2c8B4C0dF871E07b3796Fda41BD0996E7C,395,0x4Baf5AC3709e3bd14f71E420456664E6e3B8cbb5,coconut,24000000000000000000,60394897
,0xee8ad9b20c244318211eab9b60ddcc4ce4b92fc640dcb40ba84d4e6b2f819b83,2024-08-09T22:11:45.000Z,0xC617FE2c8B4C0dF871E07b3796Fda41BD0996E7C,231,0x4Baf5AC3709e3bd14f71E420456664E6e3B8cbb5,coconut,24000000000000000000,60395827
,0xe0b2d4f98df2ee42488b8ed312fff827abe0b1fcdbe173f5aaa392157f02d15e,2024-08-11T05:33:03.000Z,0xC617FE2c8B4C0dF871E07b3796Fda41BD0996E7C,1668,0x5973bf00521377Cfa4e22Dc51E8f7F733e8EF7A6,fish,5000000000000000000,60448061
,0x6413f57785fc184eddac9d9af50bc24e3ce0b23d68510be0e9a461faf835ca2f,2024-08-11T10:20:53.000Z,0xC617FE2c8B4C0dF871E07b3796Fda41BD0996E7C,152,0x2E86687784ea2cd157005F5b200BDAe6B20BE313,fish,14000000000000000000,60456157
,0x452a1f637274f55b47ec08ab1eaca3c73833878a0e3546ef54a77f79d559fb2c,2024-08-11T10:21:43.000Z,0xC617FE2c8B4C0dF871E07b3796Fda41BD0996E7C,2255,0x2E86687784ea2cd157005F5b200BDAe6B20BE313,fish,5000000000000000000,60456180
,0x7b394ece0c164b32db6badd7c8971b359a4c16c7166a21fe481d3515e876a630,2024-08-11T19:22:57.000Z,0xC617FE2c8B4C0dF871E07b3796Fda41BD0996E7C,2051,0xaDD6805b30eF7187A3B6CdFEE4060A3F0C98A248,fish,6000000000000000000,60471255
,0x130d07bf650eed48f4455ae604f1eeda3353141fc1c30d2ff113dd5059f52938,2024-08-12T23:43:29.000Z,0xC617FE2c8B4C0dF871E07b3796Fda41BD0996E7C,1331,0x60c5c003FFaee8deA12afbbda7481D5CBd5CC382,wood,600000000000000000,60518195
,0x130d07bf650eed48f4455ae604f1eeda3353141fc1c30d2ff113dd5059f52938,2024-08-12T23:43:29.000Z,0xC617FE2c8B4C0dF871E07b3796Fda41BD0996E7C,1331,0x60c5c003FFaee8deA12afbbda7481D5CBd5CC382,coconut,6000000000000000000,60518195
,0x029ad186142f75ad4869a8a1da70696327bf132ed56bde4c57f21b83f4298507,2024-08-13T04:59:53.000Z,0xC617FE2c8B4C0dF871E07b3796Fda41BD0996E7C,1508,0x5973bf00521377Cfa4e22Dc51E8f7F733e8EF7A6,wood,2400000000000000000,60526990
,0x029ad186142f75ad4869a8a1da70696327bf132ed56bde4c57f21b83f4298507,2024-08-13T04:59:53.000Z,0xC617FE2c8B4C0dF871E07b3796Fda41BD0996E7C,1508,0x5973bf00521377Cfa4e22Dc51E8f7F733e8EF7A6,fish,12000000000000000000,60526990
,0x267cc9f21767827a9d13edc742686a36285ca3b08e373ffab28c62bcdd673724,2024-08-13T20:10:32.000Z,0xC617FE2c8B4C0dF871E07b3796Fda41BD0996E7C,1284,0xC0Faf6c468E281ECd878FDBb98bF66532776f807,coconut,12000000000000000000,60552311
,0x5906c82700810c9da6237dcf552cada5065f24fcee7ddd5ca3d3582dea60d610,2024-08-14T04:41:05.000Z,0xC617FE2c8B4C0dF871E07b3796Fda41BD0996E7C,559,0x5973bf00521377Cfa4e22Dc51E8f7F733e8EF7A6,fish,10000000000000000000,60566157
,0x2235487a10f5ba29363a03987d79d681bf28d20db441fc11213617108aa8f8d8,2024-08-14T18:44:17.000Z,0xC617FE2c8B4C0dF871E07b3796Fda41BD0996E7C,101,0x86758FE743E4151c5f52aC990Bf80213eFF2BF1E,fish,15000000000000000000,60589771
,0xd4d89c9015c53750556a6e6ce4fb1fa84b4c08abee2ef114b645f96dfe0dbf96,2024-08-14T20:17:51.000Z,0xC617FE2c8B4C0dF871E07b3796Fda41BD0996E7C,768,0x2E86687784ea2cd157005F5b200BDAe6B20BE313,fish,8000000000000000000,60592413
,0x2fef17a4777bdbd379fcb33b633cf9978354d89b1ba136fcb3254bc440730527,2024-08-14T20:21:17.000Z,0xC617FE2c8B4C0dF871E07b3796Fda41BD0996E7C,573,0x2E86687784ea2cd157005F5b200BDAe6B20BE313,fish,23000000000000000000,60592510
,0xe57932b8c69d33405cba9b7670982124ddd7efd1effbf1953614b5749b718681,2024-08-15T13:33:27.000Z,0xC617FE2c8B4C0dF871E07b3796Fda41BD0996E7C,111,0x52904ad47ec751E1a9f87DE4d286761Dd85a7f76,fish,9000000000000000000,60620981
,0x517d4e22a7be00de7d70a8caa22ebb52c6903b7fe24d560c318f27cf09ab1023,2024-08-15T18:11:19.000Z,0xC617FE2c8B4C0dF871E07b3796Fda41BD0996E7C,845,0x0124b3ef01938106BBe79f04462D6944D78b6AE2,fish,14000000000000000000,60628822
,0x9e092f63b8472b8dc7086cd15f8a42880dd4d2378a42e0b4ae325005bd4e9a5b,2024-08-16T05:39:05.000Z,0xC617FE2c8B4C0dF871E07b3796Fda41BD0996E7C,1668,0x5973bf00521377Cfa4e22Dc51E8f7F733e8EF7A6,fish,12000000000000000000,60648081
,0x14762d4d101cd27c16207a4143895d454dcd8957890b2f5016f40f8f1bfa7444,2024-08-18T04:52:22.000Z,0xC617FE2c8B4C0dF871E07b3796Fda41BD0996E7C,1760,0xC0Faf6c468E281ECd878FDBb98bF66532776f807,coconut,40000000000000000000,60727153
,0xfb3a4f86263f75071d6bcdaf28f4ff3308217049d82e60698140684bace79108,2024-08-21T08:07:30.000Z,0xC617FE2c8B4C0dF871E07b3796Fda41BD0996E7C,321,0xa59a77af24739B0E832294aAbD3954670829DE41,fish,10000000000000000000,60853001
,0x73caf7c09bff6b5256a2540c98683e7083671f3d0a5cb6f4bb95ff84c802e445,2024-08-21T09:37:16.000Z,0xC617FE2c8B4C0dF871E07b3796Fda41BD0996E7C,434,0x1b6c502f9400f6619657d45f9686ea1991436C6c,fish,12000000000000000000,60855534
,0x16ec274088ac18fd948fa6dd25a0fab7fc6b1a877126f87eda7e9f5089b843bf,2024-08-21T19:02:55.000Z,0xC617FE2c8B4C0dF871E07b3796Fda41BD0996E7C,2051,0xaDD6805b30eF7187A3B6CdFEE4060A3F0C98A248,wood,5600000000000000000,60871341
,0x16ec274088ac18fd948fa6dd25a0fab7fc6b1a877126f87eda7e9f5089b843bf,2024-08-21T19:02:55.000Z,0xC617FE2c8B4C0dF871E07b3796Fda41BD0996E7C,2051,0xaDD6805b30eF7187A3B6CdFEE4060A3F0C98A248,fish,28000000000000000000,60871341
,0xabeead5a4734edb3e180f56c58ebd8c449b53cfe6b86d4d2478428a281d16de3,2024-08-22T16:57:29.000Z,0xC617FE2c8B4C0dF871E07b3796Fda41BD0996E7C,776,0x86758FE743E4151c5f52aC990Bf80213eFF2BF1E,fish,10000000000000000000,60908376
,0xc9cdef884ec43b2a43629e34347e5a2b53c82faf8b0c01d3b701665ef4be3c57,2024-08-22T21:09:27.000Z,0xC617FE2c8B4C0dF871E07b3796Fda41BD0996E7C,1805,0x8446117bF01FBd24996f2223f50036D1b0e7663C,coconut,20000000000000000000,60915381
,0x82f26fec11ea6db1592c3c6d9c3c1d147b915f278cf5e791345edea8098b2715,2024-08-22T21:12:41.000Z,0xC617FE2c8B4C0dF871E07b3796Fda41BD0996E7C,1687,0x8446117bF01FBd24996f2223f50036D1b0e7663C,coconut,12000000000000000000,60915472
,0x63218d458a75d69b08abf21b72b5b5b10e8e24fd7d8539a65d85719c2f76208f,2024-08-22T21:25:59.000Z,0xC617FE2c8B4C0dF871E07b3796Fda41BD0996E7C,909,0xd8106418afaA5521e553Daa55574d474e930eA02,fish,16000000000000000000,60915848
,0x3cc4979a90a36678f43900242232f89e849caf21ccee1843d34b91cc464fd397,2024-08-23T20:28:27.000Z,0xC617FE2c8B4C0dF871E07b3796Fda41BD0996E7C,300,0x54E24ca5423BEDaBb832E462222D67eD8dce70de,coconut,20000000000000000000,60954673
,0x4754295cf18031dc84c0d34e65307e059dc2ecc9092a829087b9f4a34fe7545d,2024-08-24T04:44:09.000Z,0xC617FE2c8B4C0dF871E07b3796Fda41BD0996E7C,559,0x5973bf00521377Cfa4e22Dc51E8f7F733e8EF7A6,fish,19000000000000000000,60968364
,0xc03952bf3f5f41ce0b6324169e2bafc5aaab61281aee8f58448cc2d4ed714469,2024-08-24T19:14:20.000Z,0xC617FE2c8B4C0dF871E07b3796Fda41BD0996E7C,2148,0x8cA010fFF56976CeC6ebAF66A5f3f6812236aa8e,fish,25000000000000000000,60992448
,0x4ba6b14c33b6c18681292c6043cddb1f420a1fc4c59501381a78cd688309c3a5,2024-08-25T05:07:22.000Z,0xC617FE2c8B4C0dF871E07b3796Fda41BD0996E7C,1508,0x5973bf00521377Cfa4e22Dc51E8f7F733e8EF7A6,fish,21000000000000000000,61008955
,0x8aa2d57eff0523f2408f44e46eff37903af70739ccd66878a751d751e0218761,2024-08-25T14:35:37.000Z,0xC617FE2c8B4C0dF871E07b3796Fda41BD0996E7C,2423,0x60c5c003FFaee8deA12afbbda7481D5CBd5CC382,coconut,12000000000000000000,61024661
,0x1794e7da7451bc76404cf0918aba4384d36aa48e8bc8388a206c588593ce059b,2024-08-26T10:56:16.000Z,0xC617FE2c8B4C0dF871E07b3796Fda41BD0996E7C,111,0x52904ad47ec751E1a9f87DE4d286761Dd85a7f76,wood,750000000000000000,61058527
,0x1794e7da7451bc76404cf0918aba4384d36aa48e8bc8388a206c588593ce059b,2024-08-26T10:56:16.000Z,0xC617FE2c8B4C0dF871E07b3796Fda41BD0996E7C,111,0x52904ad47ec751E1a9f87DE4d286761Dd85a7f76,fish,5000000000000000000,61058527
,0x32005f6ab75d0e2991fc706eaa0de3a329b72cd9e937151db08cd9d3f13b36e3,2024-08-27T19:22:17.000Z,0xC617FE2c8B4C0dF871E07b3796Fda41BD0996E7C,2391,0x2E86687784ea2cd157005F5b200BDAe6B20BE313,fish,20000000000000000000,61112196
,0x4eb2b33493e9f9d7f0e3b21ee64fd07be77bbf54daa41d69c50076502ff9937a,2024-08-27T21:59:20.000Z,0xC617FE2c8B4C0dF871E07b3796Fda41BD0996E7C,847,0x60c5c003FFaee8deA12afbbda7481D5CBd5CC382,coconut,20000000000000000000,61116607
,0x2ac798d48de79154d737113b88186c28bf4beaa9b94fc80a89186fc9551082e2,2024-08-28T05:45:24.000Z,0xC617FE2c8B4C0dF871E07b3796Fda41BD0996E7C,1668,0x5973bf00521377Cfa4e22Dc51E8f7F733e8EF7A6,fish,28000000000000000000,61129752
,0xd6efcf37b67f10e0bc83bff299dcd774b1fab18950988afc5ea3d3b6b17b79c5,2024-08-28T22:06:51.000Z,0xC617FE2c8B4C0dF871E07b3796Fda41BD0996E7C,395,0x4Baf5AC3709e3bd14f71E420456664E6e3B8cbb5,coconut,20000000000000000000,61157349
,0x1649fb6f36f77132a029fafefa9588b3ef781d5f003ec6ee9daf89c3d5a504d6,2024-08-29T05:24:46.000Z,0xC617FE2c8B4C0dF871E07b3796Fda41BD0996E7C,757,0x456480C55c72d5281987B712e4856A6b1Cb9Bf42,fish,21000000000000000000,61169699
,0x910ed106762f4605dd6baccd0f0e053a45c495f8af9da1c77e970473a4e1d493,2024-08-29T05:27:06.000Z,0xC617FE2c8B4C0dF871E07b3796Fda41BD0996E7C,1464,0x456480C55c72d5281987B712e4856A6b1Cb9Bf42,fish,21000000000000000000,61169765
,0x96d28ccbcd820b049db6407f10bfc27c7843f2dc2c07aaa54bc70cf65740fadc,2024-08-29T05:32:40.000Z,0xC617FE2c8B4C0dF871E07b3796Fda41BD0996E7C,1949,0x456480C55c72d5281987B712e4856A6b1Cb9Bf42,wood,3500000000000000000,61169922
,0x96d28ccbcd820b049db6407f10bfc27c7843f2dc2c07aaa54bc70cf65740fadc,2024-08-29T05:32:40.000Z,0xC617FE2c8B4C0dF871E07b3796Fda41BD0996E7C,1949,0x456480C55c72d5281987B712e4856A6b1Cb9Bf42,fish,14000000000000000000,61169922
,0x2a2a3e6797554377477c04053ae32ea658843a8e6d0ec89191f0ef49ed328142,2024-08-29T16:49:52.000Z,0xC617FE2c8B4C0dF871E07b3796Fda41BD0996E7C,852,0x86758FE743E4151c5f52aC990Bf80213eFF2BF1E,fish,18000000000000000000,61188445
,0x836824f212ecf056e54ac79536b5de3019e8d8440bb8e9447f972ab13b564ad5,2024-08-30T10:26:40.000Z,0xC617FE2c8B4C0dF871E07b3796Fda41BD0996E7C,166,0xfbf40842b8CF2496547E0E9207772513aC5F151f,wood,1200000000000000000,61217757
,0x836824f212ecf056e54ac79536b5de3019e8d8440bb8e9447f972ab13b564ad5,2024-08-30T10:26:40.000Z,0xC617FE2c8B4C0dF871E07b3796Fda41BD0996E7C,166,0xfbf40842b8CF2496547E0E9207772513aC5F151f,fish,8000000000000000000,61217757
,0xbbdb58ea80e3b93f4b2b076eeffc503735fde780f07af2241a48031e5dbb1fa5,2024-08-30T12:39:15.000Z,0xC617FE2c8B4C0dF871E07b3796Fda41BD0996E7C,1303,0x80ADE958bb7d891c82edae1630949e80DDC70A36,fish,10000000000000000000,61221474
,0xcc76539adc55fb0a67e539a256a95d1132606e4ff41a6df6ebb6c86af7c4f888,2024-08-30T21:19:28.000Z,0xC617FE2c8B4C0dF871E07b3796Fda41BD0996E7C,595,0xfbf40842b8CF2496547E0E9207772513aC5F151f,fish,8000000000000000000,61235716
,0xfc2e398cdcbad6d1f16271325541a123f2d99171f1ffa678781f1661ce066938,2024-08-31T02:33:45.000Z,0xC617FE2c8B4C0dF871E07b3796Fda41BD0996E7C,465,0xC0Faf6c468E281ECd878FDBb98bF66532776f807,fish,13000000000000000000,61244129
,0x73002e9737b9ea09ceea864d72437800cbfc034bccb6ef41c42ceafc5af264cf,2024-08-31T09:35:32.000Z,0xC617FE2c8B4C0dF871E07b3796Fda41BD0996E7C,1638,0x8cA010fFF56976CeC6ebAF66A5f3f6812236aa8e,fish,24000000000000000000,61255653
,0xbdc07259f0a91e6e75fe742b526a2db79292718242efff3052fdf7b6218534b2,2024-08-31T09:37:48.000Z,0xC617FE2c8B4C0dF871E07b3796Fda41BD0996E7C,541,0xa59a77af24739B0E832294aAbD3954670829DE41,fish,24000000000000000000,61255717
,0x79758698e34c709cfc30b82fd2c9192201bf61c6b147adf6a92577c9230fdbdd,2024-08-31T09:40:32.000Z,0xC617FE2c8B4C0dF871E07b3796Fda41BD0996E7C,778,0xa59a77af24739B0E832294aAbD3954670829DE41,fish,24000000000000000000,61255794
,0x52706735115e967b0e4407c70107743491b8b9fd5255b1b13129a0dad518af4a,2024-08-31T09:42:44.000Z,0xC617FE2c8B4C0dF871E07b3796Fda41BD0996E7C,1098,0xa59a77af24739B0E832294aAbD3954670829DE41,fish,24000000000000000000,61255840
,0xc93945fb919c21f0520e15ba9350ea9fdcb95a6b8a40fead5f33bf366b49810d,2024-08-31T09:45:36.000Z,0xC617FE2c8B4C0dF871E07b3796Fda41BD0996E7C,1503,0xa59a77af24739B0E832294aAbD3954670829DE41,fish,24000000000000000000,61255921
,0xf2b6518dbcab92e300c48546c510feceb602ae40426bb8cbe4e3139c60fcd702,2024-08-31T13:35:59.000Z,0xC617FE2c8B4C0dF871E07b3796Fda41BD0996E7C,845,0x0124b3ef01938106BBe79f04462D6944D78b6AE2,fish,20000000000000000000,61262158
,0xdc5381935ed504cc55cd0890ceff5021ceb23e3c857ff9dd57d4fb2e36c92986,2024-08-31T16:56:41.000Z,0xC617FE2c8B4C0dF871E07b3796Fda41BD0996E7C,1347,0x54E24ca5423BEDaBb832E462222D67eD8dce70de,fish,20000000000000000000,61267641
,0x7cfb6ef5995ed7dee20db2f795862c3a089a6839a9cf935b75fce5a998e11bd4,2024-09-01T20:34:39.000Z,0xC617FE2c8B4C0dF871E07b3796Fda41BD0996E7C,71,0xaDD6805b30eF7187A3B6CdFEE4060A3F0C98A248,wood,3400000000000000000,61312083
,0x7cfb6ef5995ed7dee20db2f795862c3a089a6839a9cf935b75fce5a998e11bd4,2024-09-01T20:34:39.000Z,0xC617FE2c8B4C0dF871E07b3796Fda41BD0996E7C,71,0xaDD6805b30eF7187A3B6CdFEE4060A3F0C98A248,fish,17000000000000000000,61312083
,0xbe8dedc333259d735a1638845bd871929f71ef61e1835330c7b852e57c7bfd4c,2024-09-01T21:24:25.000Z,0xC617FE2c8B4C0dF871E07b3796Fda41BD0996E7C,111,0x52904ad47ec751E1a9f87DE4d286761Dd85a7f76,fish,6000000000000000000,61313438
,0x8e758e7158953328441fde0bcdf7b2862feb3158e8e928cf697ce1abaac5ba28,2024-09-02T19:18:54.000Z,0xC617FE2c8B4C0dF871E07b3796Fda41BD0996E7C,231,0x4Baf5AC3709e3bd14f71E420456664E6e3B8cbb5,coconut,32000000000000000000,61348258
,0xa78275d030aede34ea1772a513374f44283de51ec3c326b903a611872737b187,2024-09-02T20:44:48.000Z,0xC617FE2c8B4C0dF871E07b3796Fda41BD0996E7C,1284,0xC0Faf6c468E281ECd878FDBb98bF66532776f807,fish,28000000000000000000,61350485
,0xddd28efd6349ae191d950d94fb08bd7f82543f03d145df58e3e00c5b5909abd4,2024-09-02T20:59:25.000Z,0xC617FE2c8B4C0dF871E07b3796Fda41BD0996E7C,1331,0x60c5c003FFaee8deA12afbbda7481D5CBd5CC382,coconut,16000000000000000000,61350873
,0xb53f2a8d6510a44ba4c10976d0e40cf56dc48982ced94b73ab7e8f63d98990f5,2024-09-02T21:02:59.000Z,0xC617FE2c8B4C0dF871E07b3796Fda41BD0996E7C,2423,0x60c5c003FFaee8deA12afbbda7481D5CBd5CC382,coconut,10000000000000000000,61350974
,0xdace120bc5193acce17276139ad8695317be41aa9200e09dddea919df714bcb4,2024-09-04T21:41:58.000Z,0xC617FE2c8B4C0dF871E07b3796Fda41BD0996E7C,1319,0x8446117bF01FBd24996f2223f50036D1b0e7663C,fish,4000000000000000000,61428615
,0xf44f69ca53417065d812cf742f78d65fd5aa539f67b9f3b409c0a6be7a0ebbc4,2024-09-05T03:42:23.000Z,0xC617FE2c8B4C0dF871E07b3796Fda41BD0996E7C,776,0x86758FE743E4151c5f52aC990Bf80213eFF2BF1E,wood,6250000000000000000,61438611
,0xf44f69ca53417065d812cf742f78d65fd5aa539f67b9f3b409c0a6be7a0ebbc4,2024-09-05T03:42:23.000Z,0xC617FE2c8B4C0dF871E07b3796Fda41BD0996E7C,776,0x86758FE743E4151c5f52aC990Bf80213eFF2BF1E,fish,25000000000000000000,61438611
,0x2f47ccc60da65620b404fc53d7f8b0e7c5545cc79beff91e52fa3563440feb90,2024-09-05T16:48:15.000Z,0xC617FE2c8B4C0dF871E07b3796Fda41BD0996E7C,768,0x2E86687784ea2cd157005F5b200BDAe6B20BE313,fish,18000000000000000000,61460668
,0x197b18bfc62a980698aef8cee1671782650d828150a376c53174658473cea7f1,2024-09-05T20:42:07.000Z,0xC617FE2c8B4C0dF871E07b3796Fda41BD0996E7C,72,0x17DD8D739608Ba385588d747c490F1394dC2Fbb9,wood,2500000000000000000,61467246
,0x197b18bfc62a980698aef8cee1671782650d828150a376c53174658473cea7f1,2024-09-05T20:42:07.000Z,0xC617FE2c8B4C0dF871E07b3796Fda41BD0996E7C,72,0x17DD8D739608Ba385588d747c490F1394dC2Fbb9,coconut,20000000000000000000,61467246
,0x7c4a4e1f293ead906fedf7bd01f2ab734dda4d0cce26d0a663013a1ba08e50c2,2024-09-05T21:57:34.000Z,0xC617FE2c8B4C0dF871E07b3796Fda41BD0996E7C,1687,0x8446117bF01FBd24996f2223f50036D1b0e7663C,coconut,24000000000000000000,61469345
,0x993de410885a1c1a9f87aeefb42aa99d13353c7617652c6f1f249d7d8adc16a0,2024-09-06T11:36:53.000Z,0xC617FE2c8B4C0dF871E07b3796Fda41BD0996E7C,156,0xa59a77af24739B0E832294aAbD3954670829DE41,fish,49500000000000000000,61492057
,0x6746af83da511425b5340954e88cdbd970af964607545a3c24149862afa4f811,2024-09-08T18:14:56.000Z,0xC617FE2c8B4C0dF871E07b3796Fda41BD0996E7C,1710,0x0c41271C14570Ab79D05802C4ebEDD42BA49b112,fish,20000000000000000000,61583121
,0x119f685672f226867aa5d6a73dc5f05b0eb259b641887f6779e77c50053ef870,2024-09-09T13:45:21.000Z,0xC617FE2c8B4C0dF871E07b3796Fda41BD0996E7C,573,0x2E86687784ea2cd157005F5b200BDAe6B20BE313,fish,14000000000000000000,61615952
,0xb0cae0846ac17e2e26527df36a07ac8dd0a5f99d3ac2352334cbf049c988ffcd,2024-09-10T11:20:17.000Z,0xC617FE2c8B4C0dF871E07b3796Fda41BD0996E7C,595,0xfbf40842b8CF2496547E0E9207772513aC5F151f,wood,4000000000000000000,61651935
,0xb0cae0846ac17e2e26527df36a07ac8dd0a5f99d3ac2352334cbf049c988ffcd,2024-09-10T11:20:17.000Z,0xC617FE2c8B4C0dF871E07b3796Fda41BD0996E7C,595,0xfbf40842b8CF2496547E0E9207772513aC5F151f,fish,20000000000000000000,61651935
,0xc44406f6d1d7de99f2b37e2849572e80fd7ba70ff0d2ea5b24e712e43b57a7c0,2024-09-10T20:03:02.000Z,0xC617FE2c8B4C0dF871E07b3796Fda41BD0996E7C,321,0xa59a77af24739B0E832294aAbD3954670829DE41,fish,25000000000000000000,61666529
,0x1d3edb4f21c6387273eb2e244add08f22ac08afcaf6f30fca7a6c078c2098783,2024-09-10T20:31:38.000Z,0xC617FE2c8B4C0dF871E07b3796Fda41BD0996E7C,2349,0x4C446a2c63E36a1Ba09235855527FCC89DF447DF,fish,28000000000000000000,61667336
,0x96b90ceb7957beb1e8e776adb6aacc23ae5075f918e2a53e5cc008bbab832fa9,2024-09-10T21:41:38.000Z,0xC617FE2c8B4C0dF871E07b3796Fda41BD0996E7C,1720,0x5EcF130e55062db1a2E4eEF7849BcD4e40288C81,fish,22000000000000000000,61669308
,0xe8bb3ca3c713d5b6233eea4de0c8b6131d9887cb4d688c0a7a9410141ff7032b,2024-09-11T04:19:04.000Z,0xC617FE2c8B4C0dF871E07b3796Fda41BD0996E7C,45,0xC0Faf6c468E281ECd878FDBb98bF66532776f807,coconut,32000000000000000000,61680507
,0x42b8dab36e024a6bdec379b1b2f68476b96a7b39eea9ed8d909ac78559cbfd73,2024-09-11T15:02:19.000Z,0xC617FE2c8B4C0dF871E07b3796Fda41BD0996E7C,101,0x86758FE743E4151c5f52aC990Bf80213eFF2BF1E,wood,3000000000000000000,61698258
,0x42b8dab36e024a6bdec379b1b2f68476b96a7b39eea9ed8d909ac78559cbfd73,2024-09-11T15:02:19.000Z,0xC617FE2c8B4C0dF871E07b3796Fda41BD0996E7C,101,0x86758FE743E4151c5f52aC990Bf80213eFF2BF1E,fish,15000000000000000000,61698258
,0x262ec286c72adc4fba3d0b6936d84eb84ce598976d09b60daf7509caa961ea2e,2024-09-12T04:47:06.000Z,0xC617FE2c8B4C0dF871E07b3796Fda41BD0996E7C,559,0x5973bf00521377Cfa4e22Dc51E8f7F733e8EF7A6,wood,2500000000000000000,61721367
,0x262ec286c72adc4fba3d0b6936d84eb84ce598976d09b60daf7509caa961ea2e,2024-09-12T04:47:06.000Z,0xC617FE2c8B4C0dF871E07b3796Fda41BD0996E7C,559,0x5973bf00521377Cfa4e22Dc51E8f7F733e8EF7A6,fish,10000000000000000000,61721367
,0x1ecf9ad5df1cd27663562e77ed879975da84441210c78fff419ea9b945bd8cea,2024-09-13T03:31:54.000Z,0xC617FE2c8B4C0dF871E07b3796Fda41BD0996E7C,465,0xC0Faf6c468E281ECd878FDBb98bF66532776f807,fish,26000000000000000000,61759339
,0xfefc9a7d1121724991f6120fedc30e0c5260ac5b90aa2940476313cb830c2217,2024-09-13T06:35:00.000Z,0xC617FE2c8B4C0dF871E07b3796Fda41BD0996E7C,111,0x52904ad47ec751E1a9f87DE4d286761Dd85a7f76,wood,2000000000000000000,61764371
,0xfefc9a7d1121724991f6120fedc30e0c5260ac5b90aa2940476313cb830c2217,2024-09-13T06:35:00.000Z,0xC617FE2c8B4C0dF871E07b3796Fda41BD0996E7C,111,0x52904ad47ec751E1a9f87DE4d286761Dd85a7f76,fish,8000000000000000000,61764371
,0x4e1625a034a2aa3b1e564e0bcd1838ba4377c6b2e609ee5a363e001dd946b51b,2024-09-13T16:03:04.000Z,0xC617FE2c8B4C0dF871E07b3796Fda41BD0996E7C,1200,0x0124b3ef01938106BBe79f04462D6944D78b6AE2,fish,6000000000000000000,61780279
,0x6e18f7a348b48358d1c9fe708ea8c6e018ce2874efa6fd8a4e26f65db30a7609,2024-09-15T05:20:14.000Z,0xC617FE2c8B4C0dF871E07b3796Fda41BD0996E7C,1508,0x5973bf00521377Cfa4e22Dc51E8f7F733e8EF7A6,wood,1925000000000000000,61842328
,0x6e18f7a348b48358d1c9fe708ea8c6e018ce2874efa6fd8a4e26f65db30a7609,2024-09-15T05:20:14.000Z,0xC617FE2c8B4C0dF871E07b3796Fda41BD0996E7C,1508,0x5973bf00521377Cfa4e22Dc51E8f7F733e8EF7A6,fish,7000000000000000000,61842328
,0x9d2d3b11aeb8959bde3680bc1db9693a0bde810593f2d5d91f6e989418432c1f,2024-09-16T07:27:09.000Z,0xC617FE2c8B4C0dF871E07b3796Fda41BD0996E7C,152,0x2E86687784ea2cd157005F5b200BDAe6B20BE313,fish,22000000000000000000,61886196
,0x11d4388e84fa0cc3b0594299e356fd6fd8337f2064774056ae22f41019b2cfbb,2024-09-16T19:13:26.000Z,0xC617FE2c8B4C0dF871E07b3796Fda41BD0996E7C,1686,0x4Baf5AC3709e3bd14f71E420456664E6e3B8cbb5,coconut,30000000000000000000,61905908
,0x23d9f5c9485f265b1ae0c37f75ddd0c8af6e44cb51b4489907f184edeb864a39,2024-09-16T20:03:12.000Z,0xC617FE2c8B4C0dF871E07b3796Fda41BD0996E7C,2000,0x17DD8D739608Ba385588d747c490F1394dC2Fbb9,coconut,50000000000000000000,61907283
,0x07377afa363b0160218250a5956ebb396c48fd343d20089b6ec706e57a98244b,2024-09-16T20:08:26.000Z,0xC617FE2c8B4C0dF871E07b3796Fda41BD0996E7C,2219,0x17DD8D739608Ba385588d747c490F1394dC2Fbb9,fish,7500000000000000000,61907431
,0xbf84eafd3aa047d3942e0e341c50ebfee1d80328c811d5be908a8a80a230ca5c,2024-09-16T20:12:16.000Z,0xC617FE2c8B4C0dF871E07b3796Fda41BD0996E7C,1955,0x17DD8D739608Ba385588d747c490F1394dC2Fbb9,fish,7500000000000000000,61907539
,0x2deeae7f1a7f5127abefc6ee5db530ac8006577bc06feaa97512150d2296a342,2024-09-16T20:19:32.000Z,0xC617FE2c8B4C0dF871E07b3796Fda41BD0996E7C,568,0x17DD8D739608Ba385588d747c490F1394dC2Fbb9,coconut,10000000000000000000,61907736
,0x65c4c6f51be5f22423209941fb3eba2842080bb9de4d7cd41baa38118d109e30,2024-09-16T20:43:54.000Z,0xC617FE2c8B4C0dF871E07b3796Fda41BD0996E7C,936,0x54E24ca5423BEDaBb832E462222D67eD8dce70de,fish,19000000000000000000,61908402
,0xe2ee1bf117bd412ed4612e3213c96808bc28de086d0e2191746acf8552011a34,2024-09-17T18:59:44.000Z,0xC617FE2c8B4C0dF871E07b3796Fda41BD0996E7C,2391,0x2E86687784ea2cd157005F5b200BDAe6B20BE313,fish,10000000000000000000,61945662
,0x8367d1751822ac9fd529a371218a793c24c45bf64f32e0f832b140ed8248a812,2024-09-17T21:59:12.000Z,0xC617FE2c8B4C0dF871E07b3796Fda41BD0996E7C,1147,0x54E24ca5423BEDaBb832E462222D67eD8dce70de,tobacco,300000000000000,61950652
,0xfe8ff37dcffe1f06355f46cde71111f3c4e642047166278f58e269fa472a4ec0,2024-09-17T22:02:58.000Z,0xC617FE2c8B4C0dF871E07b3796Fda41BD0996E7C,760,0x54E24ca5423BEDaBb832E462222D67eD8dce70de,tobacco,866000000000000000,61950758
,0x6618572a3f00bfacc5c63f976714a001970c5f4721943332d04d8ee585e0cac4,2024-09-17T22:20:20.000Z,0xC617FE2c8B4C0dF871E07b3796Fda41BD0996E7C,487,0x54E24ca5423BEDaBb832E462222D67eD8dce70de,pig,3300000000000000,61951233
,0xab14f0f5823ba7a3888d0c73fd4739e56fb9323a76bdf79f575715b7bdbed717,2024-09-17T22:31:32.000Z,0xC617FE2c8B4C0dF871E07b3796Fda41BD0996E7C,313,0x54E24ca5423BEDaBb832E462222D67eD8dce70de,tobacco,6000000000000000,61951550
,0xb273b95352c2fbf59e0f43621405227cdf029a35ee8ed510a06fa83d20f5164b,2024-09-18T05:23:48.000Z,0xC617FE2c8B4C0dF871E07b3796Fda41BD0996E7C,1949,0x456480C55c72d5281987B712e4856A6b1Cb9Bf42,fish,7000000000000000000,61963131
,0x162e6bb84ae36cfb1716096ea0710c50ac7b29094f7deccef78d0eeeb92a1ffa,2024-09-21T11:38:47.000Z,0xC617FE2c8B4C0dF871E07b3796Fda41BD0996E7C,1760,0xC0Faf6c468E281ECd878FDBb98bF66532776f807,fish,21000000000000000000,62095052
,0xb417b81990da3c0705058c1f39485fb79be179f9c05244c330d0a26e6e6d075b,2024-09-21T18:32:42.000Z,0xC617FE2c8B4C0dF871E07b3796Fda41BD0996E7C,2150,0x8cA010fFF56976CeC6ebAF66A5f3f6812236aa8e,coconut,14000000000000000000,62106730
,0x4282bd6efc345c3085aadd3515a5dee1437db65ac7d6f60a2112f5fcf635817d,2024-09-24T14:32:43.000Z,0xC617FE2c8B4C0dF871E07b3796Fda41BD0996E7C,71,0xaDD6805b30eF7187A3B6CdFEE4060A3F0C98A248,wood,5750000000000000000,62220987
,0x4282bd6efc345c3085aadd3515a5dee1437db65ac7d6f60a2112f5fcf635817d,2024-09-24T14:32:43.000Z,0xC617FE2c8B4C0dF871E07b3796Fda41BD0996E7C,71,0xaDD6805b30eF7187A3B6CdFEE4060A3F0C98A248,fish,23000000000000000000,62220987
,0xfcc30462a662606f10fb3e86cecc6eedc6fef781b4d4c0cc1b7d6f88901a278e,2024-09-25T05:57:57.000Z,0xC617FE2c8B4C0dF871E07b3796Fda41BD0996E7C,1949,0x456480C55c72d5281987B712e4856A6b1Cb9Bf42,wood,5950000000000000000,62246933
,0xfcc30462a662606f10fb3e86cecc6eedc6fef781b4d4c0cc1b7d6f88901a278e,2024-09-25T05:57:57.000Z,0xC617FE2c8B4C0dF871E07b3796Fda41BD0996E7C,1949,0x456480C55c72d5281987B712e4856A6b1Cb9Bf42,fish,14000000000000000000,62246933
,0xaacfcc7239901cd01a755223e9db77b15bea44f98bd4e5640dbbfac2895aed38,2024-09-25T06:01:59.000Z,0xC617FE2c8B4C0dF871E07b3796Fda41BD0996E7C,757,0x456480C55c72d5281987B712e4856A6b1Cb9Bf42,fish,21000000000000000000,62247047
,0x1c578467326dfacfdf9622ba673da793f2feffa4ab2c90e656f05e9c4b36d3a5,2024-09-26T17:19:28.000Z,0xC617FE2c8B4C0dF871E07b3796Fda41BD0996E7C,1464,0x456480C55c72d5281987B712e4856A6b1Cb9Bf42,fish,7000000000000000000,62306601
,0x3c067f7b63eb46bc85d0e34bf4240a34c1c46627f797d53b5fad91561cd81a24,2024-09-28T05:56:27.000Z,0xC617FE2c8B4C0dF871E07b3796Fda41BD0996E7C,1668,0x5973bf00521377Cfa4e22Dc51E8f7F733e8EF7A6,fish,2000000000000000000,62368432
,0xb6e13e05f542b1dbf335e0e7b6318cdcfd87fee728ade6d82fd7a09f234060dd,2024-09-28T16:26:42.000Z,0xC617FE2c8B4C0dF871E07b3796Fda41BD0996E7C,845,0x0124b3ef01938106BBe79f04462D6944D78b6AE2,fish,20000000000000000000,62386119
,0x798e46858781acade983689434ef536dcbf682eff88f2f0b7f3df3f6e7802693,2024-09-28T19:10:31.000Z,0xC617FE2c8B4C0dF871E07b3796Fda41BD0996E7C,568,0x17DD8D739608Ba385588d747c490F1394dC2Fbb9,wood,1750000000000000000,62390720
,0x798e46858781acade983689434ef536dcbf682eff88f2f0b7f3df3f6e7802693,2024-09-28T19:10:31.000Z,0xC617FE2c8B4C0dF871E07b3796Fda41BD0996E7C,568,0x17DD8D739608Ba385588d747c490F1394dC2Fbb9,coconut,20000000000000000000,62390720
,0xe7b857b5ba4236d23655311e7e4776c7091074cdd281536c39b46355132132c3,2024-09-28T21:13:14.000Z,0xC617FE2c8B4C0dF871E07b3796Fda41BD0996E7C,80,0xfbf40842b8CF2496547E0E9207772513aC5F151f,wood,2475000000000000000,62394178
,0xe7b857b5ba4236d23655311e7e4776c7091074cdd281536c39b46355132132c3,2024-09-28T21:13:14.000Z,0xC617FE2c8B4C0dF871E07b3796Fda41BD0996E7C,80,0xfbf40842b8CF2496547E0E9207772513aC5F151f,fish,11000000000000000000,62394178
,0xac745fd2d2feb7d96266bd5d835c7c36efcbbfaea5ec2126ff8e848976585ca0,2024-09-29T05:13:09.000Z,0xC617FE2c8B4C0dF871E07b3796Fda41BD0996E7C,559,0x5973bf00521377Cfa4e22Dc51E8f7F733e8EF7A6,fish,20000000000000000000,62407682
,0x2f703a72b4ee89e7c80e662d422fd708e745094f25001eeb8f0e9b3f6b5aa336,2024-09-29T05:24:49.000Z,0xC617FE2c8B4C0dF871E07b3796Fda41BD0996E7C,1508,0x5973bf00521377Cfa4e22Dc51E8f7F733e8EF7A6,fish,20000000000000000000,62408011
,0x3f92985a5abc284d1c85b19f36fa1d1020913bd58e758772721fd06bfb0c0e40,2024-09-29T12:14:00.000Z,0xC617FE2c8B4C0dF871E07b3796Fda41BD0996E7C,1573,0x17DD8D739608Ba385588d747c490F1394dC2Fbb9,coconut,20000000000000000000,62419521
,0x6a880eb21a8ba425c46cb1729874b1eb31dfdb836d8510c63e3a31a4c72ad58a,2024-09-30T06:02:14.000Z,0xC617FE2c8B4C0dF871E07b3796Fda41BD0996E7C,1668,0x5973bf00521377Cfa4e22Dc51E8f7F733e8EF7A6,fish,25000000000000000000,62449633
,0x822d8f7c10d49afabb482064a2d0c4d9abd9d9004400f36fac84528bfe0fe8bd,2024-09-30T14:42:59.000Z,0xC617FE2c8B4C0dF871E07b3796Fda41BD0996E7C,901,0xaDD6805b30eF7187A3B6CdFEE4060A3F0C98A248,fish,24000000000000000000,62464290
,0x85653f5475fb6fe94409d08cc436b5b107374a08272ecd633edd66ccc91959e8,2024-09-30T15:33:01.000Z,0xAeB73203c0b648F143C1234b0b62906519b98aD5,615,0xcb38d3AcC98a4B60dA5a51ab80A9ecF1d150ae09,citrus,4500000000000000000,62465703
,0xbd6b09d1b2d1f4342667253271feea267d794a0989c798d659d0814836bd022d,2024-10-01T10:54:42.000Z,0xC617FE2c8B4C0dF871E07b3796Fda41BD0996E7C,1433,0x1302E7f449339B711eDeC50f80dC65610519F407,tobacco,10000000000000000000,62498353
,0x9d6d8617bc060b24b737b026f3168074f14b76443f537d131b37392e9ea4e7bf,2024-10-01T11:17:32.000Z,0xAeB73203c0b648F143C1234b0b62906519b98aD5,615,0xcb38d3AcC98a4B60dA5a51ab80A9ecF1d150ae09,coconut,10000000000000000000,62498998
,0x47c373e31d07e6dc9f7e7fdc9569b53a02472a7101ba23067715e39cf522f275,2024-10-01T11:48:14.000Z,0xAeB73203c0b648F143C1234b0b62906519b98aD5,615,0xcb38d3AcC98a4B60dA5a51ab80A9ecF1d150ae09,coconut,10000000000000000000,62499865
,0x61c698bf4ccb001b3491060f97fee8be5801c5365830862d4a1029cfd60f1e05,2024-10-01T11:53:40.000Z,0xAeB73203c0b648F143C1234b0b62906519b98aD5,615,0xcb38d3AcC98a4B60dA5a51ab80A9ecF1d150ae09,coconut,10000000000000000000,62500018
,0x082a0c0cda0357596bce547391c96143680e938b20e676ecfcbfc791ebc1092d,2024-10-01T13:54:28.000Z,0xAeB73203c0b648F143C1234b0b62906519b98aD5,615,0xcb38d3AcC98a4B60dA5a51ab80A9ecF1d150ae09,coconut,10000000000000000000,62503429
,0xbb8b672cd16a9ffe860a4c7ffdcb014a5a177c015da12f585ad805277f55f3ca,2024-10-01T14:30:20.000Z,0xAeB73203c0b648F143C1234b0b62906519b98aD5,615,0xcb38d3AcC98a4B60dA5a51ab80A9ecF1d150ae09,coconut,5000000000000000000,62504427
,0x321f41f610f5d898905d0e4480dbb0d6069316ebae26cdfdd9c73e5d97eb5342,2024-10-01T14:57:10.000Z,0xC617FE2c8B4C0dF871E07b3796Fda41BD0996E7C,1433,0x1302E7f449339B711eDeC50f80dC65610519F407,grain,10000000000000000000,62505164
,0x9a7f3fcc6db22ae97024b15f2aac07555cceeb3a7d14945bf039e3cad90abee5,2024-10-01T16:37:40.000Z,0xC617FE2c8B4C0dF871E07b3796Fda41BD0996E7C,434,0x1b6c502f9400f6619657d45f9686ea1991436C6c,fish,1000000000000000000,62507941
,0x108ff315443ce96e5bfdc0f0fa18c6916727d3e8dd557e73dc282fcdf15ae699,2024-10-01T18:30:18.000Z,0xC617FE2c8B4C0dF871E07b3796Fda41BD0996E7C,634,0x56fC3795F8FeFA60B4Ec9EDD8E5F463b89CdE378,cotton,22400000000000000000,62511104
,0xdbcb8928ccbfc47d898e75afe9fb31fc8df03f43826f6c8655373a8726d2b141,2024-10-01T18:36:02.000Z,0xC617FE2c8B4C0dF871E07b3796Fda41BD0996E7C,1341,0x56fC3795F8FeFA60B4Ec9EDD8E5F463b89CdE378,fish,36000000000000000000,62511266
,0x512f317de47e4ee3a44b7ad517d3226731773c2fb278ea1433dc75ac52ca4a28,2024-10-01T18:40:18.000Z,0xC617FE2c8B4C0dF871E07b3796Fda41BD0996E7C,439,0x56fC3795F8FeFA60B4Ec9EDD8E5F463b89CdE378,cotton,9600000000000000000,62511387
,0xaf95a1f9de7e2c32332bcf234c2ffca0ceb84db48ae983d5c6e9aa9594d0619a,2024-10-01T18:43:26.000Z,0xC617FE2c8B4C0dF871E07b3796Fda41BD0996E7C,439,0x56fC3795F8FeFA60B4Ec9EDD8E5F463b89CdE378,coconut,40000000000000000000,62511475
,0xeba042f9b16946e790826476b70514bce2b5df37a50db9e3931d5673ecc778f1,2024-10-01T18:47:26.000Z,0xC617FE2c8B4C0dF871E07b3796Fda41BD0996E7C,512,0x56fC3795F8FeFA60B4Ec9EDD8E5F463b89CdE378,citrus,30000000000000000000,62511588
,0xefcc53e54a80abc55f603b82ad25d1e8c74856edf7b5b19331dba69cf185513c,2024-10-01T18:48:52.000Z,0xC617FE2c8B4C0dF871E07b3796Fda41BD0996E7C,742,0x56fC3795F8FeFA60B4Ec9EDD8E5F463b89CdE378,coconut,18000000000000000000,62511629
,0x0d157f760b61e3c1204c9103887c5496d46329f43e279a7b2c95ce4c19af22e4,2024-10-01T18:50:52.000Z,0xC617FE2c8B4C0dF871E07b3796Fda41BD0996E7C,2286,0x56fC3795F8FeFA60B4Ec9EDD8E5F463b89CdE378,cotton,9450000000000000000,62511685
,0x0532d793896f5f47331f3e28380d6c10a79e9bb81b68cbad80300274de9a65e8,2024-10-01T18:53:16.000Z,0xC617FE2c8B4C0dF871E07b3796Fda41BD0996E7C,1282,0x56fC3795F8FeFA60B4Ec9EDD8E5F463b89CdE378,cotton,33600000000000000000,62511753
,0x914f20427695ff9fba36f208a13579fd4b625a6fa42f90074a159f7627099e62,2024-10-02T00:27:02.000Z,0xC617FE2c8B4C0dF871E07b3796Fda41BD0996E7C,595,0xfbf40842b8CF2496547E0E9207772513aC5F151f,wood,2000000000000000000,62521168
,0x914f20427695ff9fba36f208a13579fd4b625a6fa42f90074a159f7627099e62,2024-10-02T00:27:02.000Z,0xC617FE2c8B4C0dF871E07b3796Fda41BD0996E7C,595,0xfbf40842b8CF2496547E0E9207772513aC5F151f,fish,10000000000000000000,62521168
,0x36341bc6f5bfc1811862b4ec7288ccc01fe43abeb9023a043b6cc8a29d5eea62,2024-10-02T13:15:18.000Z,0xAeB73203c0b648F143C1234b0b62906519b98aD5,1110,0xD47A9e3cD588539C6173EE767f314d7Ac8b912E4,fish,25000000000000000000,62542755
,0x36341bc6f5bfc1811862b4ec7288ccc01fe43abeb9023a043b6cc8a29d5eea62,2024-10-02T13:15:18.000Z,0xAeB73203c0b648F143C1234b0b62906519b98aD5,4179,0xD47A9e3cD588539C6173EE767f314d7Ac8b912E4,fish,50000000000000000000,62542755
,0x36341bc6f5bfc1811862b4ec7288ccc01fe43abeb9023a043b6cc8a29d5eea62,2024-10-02T13:15:18.000Z,0xAeB73203c0b648F143C1234b0b62906519b98aD5,3482,0xD47A9e3cD588539C6173EE767f314d7Ac8b912E4,coconut,50000000000000000000,62542755
,0x36341bc6f5bfc1811862b4ec7288ccc01fe43abeb9023a043b6cc8a29d5eea62,2024-10-02T13:15:18.000Z,0xAeB73203c0b648F143C1234b0b62906519b98aD5,3482,0xD47A9e3cD588539C6173EE767f314d7Ac8b912E4,citrus,91000000000000000000,62542755
,0x36341bc6f5bfc1811862b4ec7288ccc01fe43abeb9023a043b6cc8a29d5eea62,2024-10-02T13:15:18.000Z,0xAeB73203c0b648F143C1234b0b62906519b98aD5,3482,0xD47A9e3cD588539C6173EE767f314d7Ac8b912E4,fish,90000000000000000000,62542755
,0x36341bc6f5bfc1811862b4ec7288ccc01fe43abeb9023a043b6cc8a29d5eea62,2024-10-02T13:15:18.000Z,0xAeB73203c0b648F143C1234b0b62906519b98aD5,3482,0xD47A9e3cD588539C6173EE767f314d7Ac8b912E4,tobacco,36399900000000000000,62542755
,0x36341bc6f5bfc1811862b4ec7288ccc01fe43abeb9023a043b6cc8a29d5eea62,2024-10-02T13:15:18.000Z,0xAeB73203c0b648F143C1234b0b62906519b98aD5,3482,0xD47A9e3cD588539C6173EE767f314d7Ac8b912E4,cotton,199300000000000000000,62542755
,0x36341bc6f5bfc1811862b4ec7288ccc01fe43abeb9023a043b6cc8a29d5eea62,2024-10-02T13:15:18.000Z,0xAeB73203c0b648F143C1234b0b62906519b98aD5,3482,0xD47A9e3cD588539C6173EE767f314d7Ac8b912E4,pig,12132400000000000000,62542755
,0x36341bc6f5bfc1811862b4ec7288ccc01fe43abeb9023a043b6cc8a29d5eea62,2024-10-02T13:15:18.000Z,0xAeB73203c0b648F143C1234b0b62906519b98aD5,3482,0xD47A9e3cD588539C6173EE767f314d7Ac8b912E4,wood,49275000000000000000,62542755
,0x36341bc6f5bfc1811862b4ec7288ccc01fe43abeb9023a043b6cc8a29d5eea62,2024-10-02T13:15:18.000Z,0xAeB73203c0b648F143C1234b0b62906519b98aD5,3482,0xD47A9e3cD588539C6173EE767f314d7Ac8b912E4,sugarcane,1666700000000000000,62542755
,0x36341bc6f5bfc1811862b4ec7288ccc01fe43abeb9023a043b6cc8a29d5eea62,2024-10-02T13:15:18.000Z,0xAeB73203c0b648F143C1234b0b62906519b98aD5,2547,0xD47A9e3cD588539C6173EE767f314d7Ac8b912E4,coconut,18000000000000000000,62542755
,0x36341bc6f5bfc1811862b4ec7288ccc01fe43abeb9023a043b6cc8a29d5eea62,2024-10-02T13:15:18.000Z,0xAeB73203c0b648F143C1234b0b62906519b98aD5,2547,0xD47A9e3cD588539C6173EE767f314d7Ac8b912E4,citrus,48000000000000000000,62542755
,0x36341bc6f5bfc1811862b4ec7288ccc01fe43abeb9023a043b6cc8a29d5eea62,2024-10-02T13:15:18.000Z,0xAeB73203c0b648F143C1234b0b62906519b98aD5,2547,0xD47A9e3cD588539C6173EE767f314d7Ac8b912E4,fish,10000000000000000000,62542755
,0x36341bc6f5bfc1811862b4ec7288ccc01fe43abeb9023a043b6cc8a29d5eea62,2024-10-02T13:15:18.000Z,0xAeB73203c0b648F143C1234b0b62906519b98aD5,441,0xD47A9e3cD588539C6173EE767f314d7Ac8b912E4,coconut,50000000000000000000,62542755
,0x36341bc6f5bfc1811862b4ec7288ccc01fe43abeb9023a043b6cc8a29d5eea62,2024-10-02T13:15:18.000Z,0xAeB73203c0b648F143C1234b0b62906519b98aD5,441,0xD47A9e3cD588539C6173EE767f314d7Ac8b912E4,citrus,50000000000000000000,62542755
,0x36341bc6f5bfc1811862b4ec7288ccc01fe43abeb9023a043b6cc8a29d5eea62,2024-10-02T13:15:18.000Z,0xAeB73203c0b648F143C1234b0b62906519b98aD5,441,0xD47A9e3cD588539C6173EE767f314d7Ac8b912E4,fish,50000000000000000000,62542755
,0x36341bc6f5bfc1811862b4ec7288ccc01fe43abeb9023a043b6cc8a29d5eea62,2024-10-02T13:15:18.000Z,0xAeB73203c0b648F143C1234b0b62906519b98aD5,441,0xD47A9e3cD588539C6173EE767f314d7Ac8b912E4,tobacco,16800000000000000000,62542755
,0x36341bc6f5bfc1811862b4ec7288ccc01fe43abeb9023a043b6cc8a29d5eea62,2024-10-02T13:15:18.000Z,0xAeB73203c0b648F143C1234b0b62906519b98aD5,441,0xD47A9e3cD588539C6173EE767f314d7Ac8b912E4,cotton,50000000000000000000,62542755
,0x36341bc6f5bfc1811862b4ec7288ccc01fe43abeb9023a043b6cc8a29d5eea62,2024-10-02T13:15:18.000Z,0xAeB73203c0b648F143C1234b0b62906519b98aD5,441,0xD47A9e3cD588539C6173EE767f314d7Ac8b912E4,pig,3733300000000000000,62542755
,0x36341bc6f5bfc1811862b4ec7288ccc01fe43abeb9023a043b6cc8a29d5eea62,2024-10-02T13:15:18.000Z,0xAeB73203c0b648F143C1234b0b62906519b98aD5,441,0xD47A9e3cD588539C6173EE767f314d7Ac8b912E4,sugarcane,5600000000000000000,62542755
,0x36341bc6f5bfc1811862b4ec7288ccc01fe43abeb9023a043b6cc8a29d5eea62,2024-10-02T13:15:18.000Z,0xAeB73203c0b648F143C1234b0b62906519b98aD5,3277,0xD47A9e3cD588539C6173EE767f314d7Ac8b912E4,coconut,50000000000000000000,62542755
,0x36341bc6f5bfc1811862b4ec7288ccc01fe43abeb9023a043b6cc8a29d5eea62,2024-10-02T13:15:18.000Z,0xAeB73203c0b648F143C1234b0b62906519b98aD5,3277,0xD47A9e3cD588539C6173EE767f314d7Ac8b912E4,citrus,50000000000000000000,62542755
,0x36341bc6f5bfc1811862b4ec7288ccc01fe43abeb9023a043b6cc8a29d5eea62,2024-10-02T13:15:18.000Z,0xAeB73203c0b648F143C1234b0b62906519b98aD5,3277,0xD47A9e3cD588539C6173EE767f314d7Ac8b912E4,fish,50000000000000000000,62542755
,0x36341bc6f5bfc1811862b4ec7288ccc01fe43abeb9023a043b6cc8a29d5eea62,2024-10-02T13:15:18.000Z,0xAeB73203c0b648F143C1234b0b62906519b98aD5,3277,0xD47A9e3cD588539C6173EE767f314d7Ac8b912E4,tobacco,22000000000000000000,62542755
,0x36341bc6f5bfc1811862b4ec7288ccc01fe43abeb9023a043b6cc8a29d5eea62,2024-10-02T13:15:18.000Z,0xAeB73203c0b648F143C1234b0b62906519b98aD5,3277,0xD47A9e3cD588539C6173EE767f314d7Ac8b912E4,wood,4200000000000000000,62542755
,0x36341bc6f5bfc1811862b4ec7288ccc01fe43abeb9023a043b6cc8a29d5eea62,2024-10-02T13:15:18.000Z,0xAeB73203c0b648F143C1234b0b62906519b98aD5,1190,0xD47A9e3cD588539C6173EE767f314d7Ac8b912E4,coconut,50000000000000000000,62542755
,0x36341bc6f5bfc1811862b4ec7288ccc01fe43abeb9023a043b6cc8a29d5eea62,2024-10-02T13:15:18.000Z,0xAeB73203c0b648F143C1234b0b62906519b98aD5,1190,0xD47A9e3cD588539C6173EE767f314d7Ac8b912E4,citrus,46000000000000000000,62542755
,0x36341bc6f5bfc1811862b4ec7288ccc01fe43abeb9023a043b6cc8a29d5eea62,2024-10-02T13:15:18.000Z,0xAeB73203c0b648F143C1234b0b62906519b98aD5,1190,0xD47A9e3cD588539C6173EE767f314d7Ac8b912E4,fish,50000000000000000000,62542755
,0x36341bc6f5bfc1811862b4ec7288ccc01fe43abeb9023a043b6cc8a29d5eea62,2024-10-02T13:15:18.000Z,0xAeB73203c0b648F143C1234b0b62906519b98aD5,1190,0xD47A9e3cD588539C6173EE767f314d7Ac8b912E4,tobacco,28000000000000000000,62542755
,0x36341bc6f5bfc1811862b4ec7288ccc01fe43abeb9023a043b6cc8a29d5eea62,2024-10-02T13:15:18.000Z,0xAeB73203c0b648F143C1234b0b62906519b98aD5,1190,0xD47A9e3cD588539C6173EE767f314d7Ac8b912E4,cotton,50000000000000000000,62542755
,0x36341bc6f5bfc1811862b4ec7288ccc01fe43abeb9023a043b6cc8a29d5eea62,2024-10-02T13:15:18.000Z,0xAeB73203c0b648F143C1234b0b62906519b98aD5,1190,0xD47A9e3cD588539C6173EE767f314d7Ac8b912E4,pig,27999800000000000000,62542755
,0x36341bc6f5bfc1811862b4ec7288ccc01fe43abeb9023a043b6cc8a29d5eea62,2024-10-02T13:15:18.000Z,0xAeB73203c0b648F143C1234b0b62906519b98aD5,1190,0xD47A9e3cD588539C6173EE767f314d7Ac8b912E4,grain,19600000000000000000,62542755
,0x36341bc6f5bfc1811862b4ec7288ccc01fe43abeb9023a043b6cc8a29d5eea62,2024-10-02T13:15:18.000Z,0xAeB73203c0b648F143C1234b0b62906519b98aD5,2560,0xD47A9e3cD588539C6173EE767f314d7Ac8b912E4,fish,50000000000000000000,62542755
,0x36341bc6f5bfc1811862b4ec7288ccc01fe43abeb9023a043b6cc8a29d5eea62,2024-10-02T13:15:18.000Z,0xAeB73203c0b648F143C1234b0b62906519b98aD5,184,0xD47A9e3cD588539C6173EE767f314d7Ac8b912E4,tobacco,6000000000000000000,62542755
,0x36341bc6f5bfc1811862b4ec7288ccc01fe43abeb9023a043b6cc8a29d5eea62,2024-10-02T13:15:18.000Z,0xAeB73203c0b648F143C1234b0b62906519b98aD5,24,0xD47A9e3cD588539C6173EE767f314d7Ac8b912E4,coconut,198000000000000000000,62542755
,0x36341bc6f5bfc1811862b4ec7288ccc01fe43abeb9023a043b6cc8a29d5eea62,2024-10-02T13:15:18.000Z,0xAeB73203c0b648F143C1234b0b62906519b98aD5,24,0xD47A9e3cD588539C6173EE767f314d7Ac8b912E4,citrus,88000000000000000000,62542755
,0x36341bc6f5bfc1811862b4ec7288ccc01fe43abeb9023a043b6cc8a29d5eea62,2024-10-02T13:15:18.000Z,0xAeB73203c0b648F143C1234b0b62906519b98aD5,24,0xD47A9e3cD588539C6173EE767f314d7Ac8b912E4,fish,248000000000000000000,62542755
,0x36341bc6f5bfc1811862b4ec7288ccc01fe43abeb9023a043b6cc8a29d5eea62,2024-10-02T13:15:18.000Z,0xAeB73203c0b648F143C1234b0b62906519b98aD5,24,0xD47A9e3cD588539C6173EE767f314d7Ac8b912E4,tobacco,8400000000000000000,62542755
,0x36341bc6f5bfc1811862b4ec7288ccc01fe43abeb9023a043b6cc8a29d5eea62,2024-10-02T13:15:18.000Z,0xAeB73203c0b648F143C1234b0b62906519b98aD5,24,0xD47A9e3cD588539C6173EE767f314d7Ac8b912E4,pig,3733300000000000000,62542755
,0x36341bc6f5bfc1811862b4ec7288ccc01fe43abeb9023a043b6cc8a29d5eea62,2024-10-02T13:15:18.000Z,0xAeB73203c0b648F143C1234b0b62906519b98aD5,24,0xD47A9e3cD588539C6173EE767f314d7Ac8b912E4,wood,13400000000000000000,62542755
,0x36341bc6f5bfc1811862b4ec7288ccc01fe43abeb9023a043b6cc8a29d5eea62,2024-10-02T13:15:18.000Z,0xAeB73203c0b648F143C1234b0b62906519b98aD5,24,0xD47A9e3cD588539C6173EE767f314d7Ac8b912E4,grain,31200000000000000000,62542755
,0x36341bc6f5bfc1811862b4ec7288ccc01fe43abeb9023a043b6cc8a29d5eea62,2024-10-02T13:15:18.000Z,0xAeB73203c0b648F143C1234b0b62906519b98aD5,22,0xD47A9e3cD588539C6173EE767f314d7Ac8b912E4,coconut,612000000000000000000,62542755
,0x36341bc6f5bfc1811862b4ec7288ccc01fe43abeb9023a043b6cc8a29d5eea62,2024-10-02T13:15:18.000Z,0xAeB73203c0b648F143C1234b0b62906519b98aD5,22,0xD47A9e3cD588539C6173EE767f314d7Ac8b912E4,citrus,178000000000000000000,62542755
,0x36341bc6f5bfc1811862b4ec7288ccc01fe43abeb9023a043b6cc8a29d5eea62,2024-10-02T13:15:18.000Z,0xAeB73203c0b648F143C1234b0b62906519b98aD5,22,0xD47A9e3cD588539C6173EE767f314d7Ac8b912E4,fish,666500000000000000000,62542755
,0x36341bc6f5bfc1811862b4ec7288ccc01fe43abeb9023a043b6cc8a29d5eea62,2024-10-02T13:15:18.000Z,0xAeB73203c0b648F143C1234b0b62906519b98aD5,22,0xD47A9e3cD588539C6173EE767f314d7Ac8b912E4,tobacco,20500000000000000000,62542755
,0x36341bc6f5bfc1811862b4ec7288ccc01fe43abeb9023a043b6cc8a29d5eea62,2024-10-02T13:15:18.000Z,0xAeB73203c0b648F143C1234b0b62906519b98aD5,22,0xD47A9e3cD588539C6173EE767f314d7Ac8b912E4,cotton,25200000000000000000,62542755
,0x36341bc6f5bfc1811862b4ec7288ccc01fe43abeb9023a043b6cc8a29d5eea62,2024-10-02T13:15:18.000Z,0xAeB73203c0b648F143C1234b0b62906519b98aD5,22,0xD47A9e3cD588539C6173EE767f314d7Ac8b912E4,pig,22220000000000000000,62542755
,0x36341bc6f5bfc1811862b4ec7288ccc01fe43abeb9023a043b6cc8a29d5eea62,2024-10-02T13:15:18.000Z,0xAeB73203c0b648F143C1234b0b62906519b98aD5,22,0xD47A9e3cD588539C6173EE767f314d7Ac8b912E4,wood,7000000000000000000,62542755
,0x36341bc6f5bfc1811862b4ec7288ccc01fe43abeb9023a043b6cc8a29d5eea62,2024-10-02T13:15:18.000Z,0xAeB73203c0b648F143C1234b0b62906519b98aD5,22,0xD47A9e3cD588539C6173EE767f314d7Ac8b912E4,grain,56000000000000000000,62542755
,0x36341bc6f5bfc1811862b4ec7288ccc01fe43abeb9023a043b6cc8a29d5eea62,2024-10-02T13:15:18.000Z,0xAeB73203c0b648F143C1234b0b62906519b98aD5,22,0xD47A9e3cD588539C6173EE767f314d7Ac8b912E4,planks,1200000000000000000,62542755
,0x36341bc6f5bfc1811862b4ec7288ccc01fe43abeb9023a043b6cc8a29d5eea62,2024-10-02T13:15:18.000Z,0xAeB73203c0b648F143C1234b0b62906519b98aD5,2158,0xD47A9e3cD588539C6173EE767f314d7Ac8b912E4,coconut,66750000000000000000,62542755
,0x36341bc6f5bfc1811862b4ec7288ccc01fe43abeb9023a043b6cc8a29d5eea62,2024-10-02T13:15:18.000Z,0xAeB73203c0b648F143C1234b0b62906519b98aD5,2158,0xD47A9e3cD588539C6173EE767f314d7Ac8b912E4,citrus,50000000000000000000,62542755
,0x36341bc6f5bfc1811862b4ec7288ccc01fe43abeb9023a043b6cc8a29d5eea62,2024-10-02T13:15:18.000Z,0xAeB73203c0b648F143C1234b0b62906519b98aD5,2158,0xD47A9e3cD588539C6173EE767f314d7Ac8b912E4,fish,70000000000000000000,62542755
,0x36341bc6f5bfc1811862b4ec7288ccc01fe43abeb9023a043b6cc8a29d5eea62,2024-10-02T13:15:18.000Z,0xAeB73203c0b648F143C1234b0b62906519b98aD5,2158,0xD47A9e3cD588539C6173EE767f314d7Ac8b912E4,cotton,47700000000000000000,62542755
,0x36341bc6f5bfc1811862b4ec7288ccc01fe43abeb9023a043b6cc8a29d5eea62,2024-10-02T13:15:18.000Z,0xAeB73203c0b648F143C1234b0b62906519b98aD5,2158,0xD47A9e3cD588539C6173EE767f314d7Ac8b912E4,grain,5000000000000000000,62542755
,0x36341bc6f5bfc1811862b4ec7288ccc01fe43abeb9023a043b6cc8a29d5eea62,2024-10-02T13:15:18.000Z,0xAeB73203c0b648F143C1234b0b62906519b98aD5,3467,0xD47A9e3cD588539C6173EE767f314d7Ac8b912E4,coconut,118000000000000000000,62542755
,0x36341bc6f5bfc1811862b4ec7288ccc01fe43abeb9023a043b6cc8a29d5eea62,2024-10-02T13:15:18.000Z,0xAeB73203c0b648F143C1234b0b62906519b98aD5,3467,0xD47A9e3cD588539C6173EE767f314d7Ac8b912E4,citrus,82500000000000000000,62542755
,0x36341bc6f5bfc1811862b4ec7288ccc01fe43abeb9023a043b6cc8a29d5eea62,2024-10-02T13:15:18.000Z,0xAeB73203c0b648F143C1234b0b62906519b98aD5,3467,0xD47A9e3cD588539C6173EE767f314d7Ac8b912E4,fish,244500000000000000000,62542755
,0x36341bc6f5bfc1811862b4ec7288ccc01fe43abeb9023a043b6cc8a29d5eea62,2024-10-02T13:15:18.000Z,0xAeB73203c0b648F143C1234b0b62906519b98aD5,3467,0xD47A9e3cD588539C6173EE767f314d7Ac8b912E4,pig,2666666666666666660,62542755
,0x36341bc6f5bfc1811862b4ec7288ccc01fe43abeb9023a043b6cc8a29d5eea62,2024-10-02T13:15:18.000Z,0xAeB73203c0b648F143C1234b0b62906519b98aD5,3275,0xD47A9e3cD588539C6173EE767f314d7Ac8b912E4,coconut,210000000000000000000,62542755
,0x36341bc6f5bfc1811862b4ec7288ccc01fe43abeb9023a043b6cc8a29d5eea62,2024-10-02T13:15:18.000Z,0xAeB73203c0b648F143C1234b0b62906519b98aD5,3275,0xD47A9e3cD588539C6173EE767f314d7Ac8b912E4,citrus,228500000000000000000,62542755
,0x36341bc6f5bfc1811862b4ec7288ccc01fe43abeb9023a043b6cc8a29d5eea62,2024-10-02T13:15:18.000Z,0xAeB73203c0b648F143C1234b0b62906519b98aD5,3275,0xD47A9e3cD588539C6173EE767f314d7Ac8b912E4,fish,765490000000000000000,62542755
,0x36341bc6f5bfc1811862b4ec7288ccc01fe43abeb9023a043b6cc8a29d5eea62,2024-10-02T13:15:18.000Z,0xAeB73203c0b648F143C1234b0b62906519b98aD5,3275,0xD47A9e3cD588539C6173EE767f314d7Ac8b912E4,tobacco,129273300000000000000,62542755
,0x36341bc6f5bfc1811862b4ec7288ccc01fe43abeb9023a043b6cc8a29d5eea62,2024-10-02T13:15:18.000Z,0xAeB73203c0b648F143C1234b0b62906519b98aD5,3275,0xD47A9e3cD588539C6173EE767f314d7Ac8b912E4,cotton,93600000000000000000,62542755
,0x36341bc6f5bfc1811862b4ec7288ccc01fe43abeb9023a043b6cc8a29d5eea62,2024-10-02T13:15:18.000Z,0xAeB73203c0b648F143C1234b0b62906519b98aD5,3275,0xD47A9e3cD588539C6173EE767f314d7Ac8b912E4,pig,100158999999999999990,62542755
,0x36341bc6f5bfc1811862b4ec7288ccc01fe43abeb9023a043b6cc8a29d5eea62,2024-10-02T13:15:18.000Z,0xAeB73203c0b648F143C1234b0b62906519b98aD5,3275,0xD47A9e3cD588539C6173EE767f314d7Ac8b912E4,wood,40000000000000000000,62542755
,0x36341bc6f5bfc1811862b4ec7288ccc01fe43abeb9023a043b6cc8a29d5eea62,2024-10-02T13:15:18.000Z,0xAeB73203c0b648F143C1234b0b62906519b98aD5,3275,0xD47A9e3cD588539C6173EE767f314d7Ac8b912E4,sugarcane,108693000000000000000,62542755
,0x36341bc6f5bfc1811862b4ec7288ccc01fe43abeb9023a043b6cc8a29d5eea62,2024-10-02T13:15:18.000Z,0xAeB73203c0b648F143C1234b0b62906519b98aD5,3275,0xD47A9e3cD588539C6173EE767f314d7Ac8b912E4,grain,14800000000000000000,62542755
,0x36341bc6f5bfc1811862b4ec7288ccc01fe43abeb9023a043b6cc8a29d5eea62,2024-10-02T13:15:18.000Z,0xAeB73203c0b648F143C1234b0b62906519b98aD5,3349,0xD47A9e3cD588539C6173EE767f314d7Ac8b912E4,coconut,20000000000000000000,62542755
,0x36341bc6f5bfc1811862b4ec7288ccc01fe43abeb9023a043b6cc8a29d5eea62,2024-10-02T13:15:18.000Z,0xAeB73203c0b648F143C1234b0b62906519b98aD5,3349,0xD47A9e3cD588539C6173EE767f314d7Ac8b912E4,citrus,20000000000000000000,62542755
,0x36341bc6f5bfc1811862b4ec7288ccc01fe43abeb9023a043b6cc8a29d5eea62,2024-10-02T13:15:18.000Z,0xAeB73203c0b648F143C1234b0b62906519b98aD5,3349,0xD47A9e3cD588539C6173EE767f314d7Ac8b912E4,fish,155000000000000000000,62542755
,0x36341bc6f5bfc1811862b4ec7288ccc01fe43abeb9023a043b6cc8a29d5eea62,2024-10-02T13:15:18.000Z,0xAeB73203c0b648F143C1234b0b62906519b98aD5,3349,0xD47A9e3cD588539C6173EE767f314d7Ac8b912E4,tobacco,5333333333333333330,62542755
,0x36341bc6f5bfc1811862b4ec7288ccc01fe43abeb9023a043b6cc8a29d5eea62,2024-10-02T13:15:18.000Z,0xAeB73203c0b648F143C1234b0b62906519b98aD5,3349,0xD47A9e3cD588539C6173EE767f314d7Ac8b912E4,pig,3333333333333333320,62542755
,0x36341bc6f5bfc1811862b4ec7288ccc01fe43abeb9023a043b6cc8a29d5eea62,2024-10-02T13:15:18.000Z,0xAeB73203c0b648F143C1234b0b62906519b98aD5,3475,0xD47A9e3cD588539C6173EE767f314d7Ac8b912E4,coconut,186000000000000000000,62542755
,0x36341bc6f5bfc1811862b4ec7288ccc01fe43abeb9023a043b6cc8a29d5eea62,2024-10-02T13:15:18.000Z,0xAeB73203c0b648F143C1234b0b62906519b98aD5,3475,0xD47A9e3cD588539C6173EE767f314d7Ac8b912E4,citrus,20000000000000000000,62542755
,0x36341bc6f5bfc1811862b4ec7288ccc01fe43abeb9023a043b6cc8a29d5eea62,2024-10-02T13:15:18.000Z,0xAeB73203c0b648F143C1234b0b62906519b98aD5,3475,0xD47A9e3cD588539C6173EE767f314d7Ac8b912E4,fish,105000000000000000000,62542755
,0x36341bc6f5bfc1811862b4ec7288ccc01fe43abeb9023a043b6cc8a29d5eea62,2024-10-02T13:15:18.000Z,0xAeB73203c0b648F143C1234b0b62906519b98aD5,3475,0xD47A9e3cD588539C6173EE767f314d7Ac8b912E4,tobacco,12670000000000000000,62542755
,0x36341bc6f5bfc1811862b4ec7288ccc01fe43abeb9023a043b6cc8a29d5eea62,2024-10-02T13:15:18.000Z,0xAeB73203c0b648F143C1234b0b62906519b98aD5,3475,0xD47A9e3cD588539C6173EE767f314d7Ac8b912E4,cotton,14000000000000000000,62542755
,0x36341bc6f5bfc1811862b4ec7288ccc01fe43abeb9023a043b6cc8a29d5eea62,2024-10-02T13:15:18.000Z,0xAeB73203c0b648F143C1234b0b62906519b98aD5,3475,0xD47A9e3cD588539C6173EE767f314d7Ac8b912E4,pig,18046666666666666650,62542755
,0x36341bc6f5bfc1811862b4ec7288ccc01fe43abeb9023a043b6cc8a29d5eea62,2024-10-02T13:15:18.000Z,0xAeB73203c0b648F143C1234b0b62906519b98aD5,3475,0xD47A9e3cD588539C6173EE767f314d7Ac8b912E4,grain,2000000000000000000,62542755
,0x36341bc6f5bfc1811862b4ec7288ccc01fe43abeb9023a043b6cc8a29d5eea62,2024-10-02T13:15:18.000Z,0xAeB73203c0b648F143C1234b0b62906519b98aD5,1112,0xD47A9e3cD588539C6173EE767f314d7Ac8b912E4,coconut,173000000000000000000,62542755
,0x36341bc6f5bfc1811862b4ec7288ccc01fe43abeb9023a043b6cc8a29d5eea62,2024-10-02T13:15:18.000Z,0xAeB73203c0b648F143C1234b0b62906519b98aD5,1112,0xD47A9e3cD588539C6173EE767f314d7Ac8b912E4,citrus,40000000000000000000,62542755
,0x36341bc6f5bfc1811862b4ec7288ccc01fe43abeb9023a043b6cc8a29d5eea62,2024-10-02T13:15:18.000Z,0xAeB73203c0b648F143C1234b0b62906519b98aD5,1112,0xD47A9e3cD588539C6173EE767f314d7Ac8b912E4,fish,323000000000000000000,62542755
,0x36341bc6f5bfc1811862b4ec7288ccc01fe43abeb9023a043b6cc8a29d5eea62,2024-10-02T13:15:18.000Z,0xAeB73203c0b648F143C1234b0b62906519b98aD5,1112,0xD47A9e3cD588539C6173EE767f314d7Ac8b912E4,tobacco,55066600000000000000,62542755
,0x36341bc6f5bfc1811862b4ec7288ccc01fe43abeb9023a043b6cc8a29d5eea62,2024-10-02T13:15:18.000Z,0xAeB73203c0b648F143C1234b0b62906519b98aD5,1112,0xD47A9e3cD588539C6173EE767f314d7Ac8b912E4,cotton,16000000000000000000,62542755
,0x36341bc6f5bfc1811862b4ec7288ccc01fe43abeb9023a043b6cc8a29d5eea62,2024-10-02T13:15:18.000Z,0xAeB73203c0b648F143C1234b0b62906519b98aD5,1112,0xD47A9e3cD588539C6173EE767f314d7Ac8b912E4,pig,19590000000000000000,62542755
,0x36341bc6f5bfc1811862b4ec7288ccc01fe43abeb9023a043b6cc8a29d5eea62,2024-10-02T13:15:18.000Z,0xAeB73203c0b648F143C1234b0b62906519b98aD5,1112,0xD47A9e3cD588539C6173EE767f314d7Ac8b912E4,wood,28500000000000000000,62542755
,0x36341bc6f5bfc1811862b4ec7288ccc01fe43abeb9023a043b6cc8a29d5eea62,2024-10-02T13:15:18.000Z,0xAeB73203c0b648F143C1234b0b62906519b98aD5,1112,0xD47A9e3cD588539C6173EE767f314d7Ac8b912E4,sugarcane,14000000000000000000,62542755
,0x36341bc6f5bfc1811862b4ec7288ccc01fe43abeb9023a043b6cc8a29d5eea62,2024-10-02T13:15:18.000Z,0xAeB73203c0b648F143C1234b0b62906519b98aD5,1112,0xD47A9e3cD588539C6173EE767f314d7Ac8b912E4,grain,20000000000000000000,62542755
,0x36341bc6f5bfc1811862b4ec7288ccc01fe43abeb9023a043b6cc8a29d5eea62,2024-10-02T13:15:18.000Z,0xAeB73203c0b648F143C1234b0b62906519b98aD5,1090,0xD47A9e3cD588539C6173EE767f314d7Ac8b912E4,coconut,751000000000000000000,62542755
,0x36341bc6f5bfc1811862b4ec7288ccc01fe43abeb9023a043b6cc8a29d5eea62,2024-10-02T13:15:18.000Z,0xAeB73203c0b648F143C1234b0b62906519b98aD5,1090,0xD47A9e3cD588539C6173EE767f314d7Ac8b912E4,citrus,680500000000000000000,62542755
,0x36341bc6f5bfc1811862b4ec7288ccc01fe43abeb9023a043b6cc8a29d5eea62,2024-10-02T13:15:18.000Z,0xAeB73203c0b648F143C1234b0b62906519b98aD5,1090,0xD47A9e3cD588539C6173EE767f314d7Ac8b912E4,fish,2598500000000000000000,62542755
,0x36341bc6f5bfc1811862b4ec7288ccc01fe43abeb9023a043b6cc8a29d5eea62,2024-10-02T13:15:18.000Z,0xAeB73203c0b648F143C1234b0b62906519b98aD5,1090,0xD47A9e3cD588539C6173EE767f314d7Ac8b912E4,tobacco,242679000000000000000,62542755
,0x36341bc6f5bfc1811862b4ec7288ccc01fe43abeb9023a043b6cc8a29d5eea62,2024-10-02T13:15:18.000Z,0xAeB73203c0b648F143C1234b0b62906519b98aD5,1090,0xD47A9e3cD588539C6173EE767f314d7Ac8b912E4,cotton,814200000000000000000,62542755
,0x36341bc6f5bfc1811862b4ec7288ccc01fe43abeb9023a043b6cc8a29d5eea62,2024-10-02T13:15:18.000Z,0xAeB73203c0b648F143C1234b0b62906519b98aD5,1090,0xD47A9e3cD588539C6173EE767f314d7Ac8b912E4,pig,127823300000000000000,62542755
,0x36341bc6f5bfc1811862b4ec7288ccc01fe43abeb9023a043b6cc8a29d5eea62,2024-10-02T13:15:18.000Z,0xAeB73203c0b648F143C1234b0b62906519b98aD5,1090,0xD47A9e3cD588539C6173EE767f314d7Ac8b912E4,wood,13800000000000000000,62542755
,0x36341bc6f5bfc1811862b4ec7288ccc01fe43abeb9023a043b6cc8a29d5eea62,2024-10-02T13:15:18.000Z,0xAeB73203c0b648F143C1234b0b62906519b98aD5,1090,0xD47A9e3cD588539C6173EE767f314d7Ac8b912E4,sugarcane,149230000000000000000,62542755
,0x36341bc6f5bfc1811862b4ec7288ccc01fe43abeb9023a043b6cc8a29d5eea62,2024-10-02T13:15:18.000Z,0xAeB73203c0b648F143C1234b0b62906519b98aD5,1090,0xD47A9e3cD588539C6173EE767f314d7Ac8b912E4,grain,79800000000000000000,62542755
,0x36341bc6f5bfc1811862b4ec7288ccc01fe43abeb9023a043b6cc8a29d5eea62,2024-10-02T13:15:18.000Z,0xAeB73203c0b648F143C1234b0b62906519b98aD5,3304,0xD47A9e3cD588539C6173EE767f314d7Ac8b912E4,coconut,342000000000000000000,62542755
,0x36341bc6f5bfc1811862b4ec7288ccc01fe43abeb9023a043b6cc8a29d5eea62,2024-10-02T13:15:18.000Z,0xAeB73203c0b648F143C1234b0b62906519b98aD5,3304,0xD47A9e3cD588539C6173EE767f314d7Ac8b912E4,citrus,384933300000000000000,62542755
,0x36341bc6f5bfc1811862b4ec7288ccc01fe43abeb9023a043b6cc8a29d5eea62,2024-10-02T13:15:18.000Z,0xAeB73203c0b648F143C1234b0b62906519b98aD5,3304,0xD47A9e3cD588539C6173EE767f314d7Ac8b912E4,fish,512000000000000000000,62542755
,0x36341bc6f5bfc1811862b4ec7288ccc01fe43abeb9023a043b6cc8a29d5eea62,2024-10-02T13:15:18.000Z,0xAeB73203c0b648F143C1234b0b62906519b98aD5,3304,0xD47A9e3cD588539C6173EE767f314d7Ac8b912E4,tobacco,100795300000000000000,62542755
,0x36341bc6f5bfc1811862b4ec7288ccc01fe43abeb9023a043b6cc8a29d5eea62,2024-10-02T13:15:18.000Z,0xAeB73203c0b648F143C1234b0b62906519b98aD5,3304,0xD47A9e3cD588539C6173EE767f314d7Ac8b912E4,cotton,154000000000000000000,62542755
,0x36341bc6f5bfc1811862b4ec7288ccc01fe43abeb9023a043b6cc8a29d5eea62,2024-10-02T13:15:18.000Z,0xAeB73203c0b648F143C1234b0b62906519b98aD5,3304,0xD47A9e3cD588539C6173EE767f314d7Ac8b912E4,pig,4799300000000000000,62542755
,0x36341bc6f5bfc1811862b4ec7288ccc01fe43abeb9023a043b6cc8a29d5eea62,2024-10-02T13:15:18.000Z,0xAeB73203c0b648F143C1234b0b62906519b98aD5,1189,0xD47A9e3cD588539C6173EE767f314d7Ac8b912E4,fish,48000000000000000000,62542755
,0x36341bc6f5bfc1811862b4ec7288ccc01fe43abeb9023a043b6cc8a29d5eea62,2024-10-02T13:15:18.000Z,0xAeB73203c0b648F143C1234b0b62906519b98aD5,19,0xD47A9e3cD588539C6173EE767f314d7Ac8b912E4,coconut,96000000000000000000,62542755
,0x36341bc6f5bfc1811862b4ec7288ccc01fe43abeb9023a043b6cc8a29d5eea62,2024-10-02T13:15:18.000Z,0xAeB73203c0b648F143C1234b0b62906519b98aD5,19,0xD47A9e3cD588539C6173EE767f314d7Ac8b912E4,fish,204000000000000000000,62542755
,0x36341bc6f5bfc1811862b4ec7288ccc01fe43abeb9023a043b6cc8a29d5eea62,2024-10-02T13:15:18.000Z,0xAeB73203c0b648F143C1234b0b62906519b98aD5,19,0xD47A9e3cD588539C6173EE767f314d7Ac8b912E4,tobacco,63466600000000000000,62542755
,0x36341bc6f5bfc1811862b4ec7288ccc01fe43abeb9023a043b6cc8a29d5eea62,2024-10-02T13:15:18.000Z,0xAeB73203c0b648F143C1234b0b62906519b98aD5,19,0xD47A9e3cD588539C6173EE767f314d7Ac8b912E4,cotton,95200000000000000000,62542755
,0x36341bc6f5bfc1811862b4ec7288ccc01fe43abeb9023a043b6cc8a29d5eea62,2024-10-02T13:15:18.000Z,0xAeB73203c0b648F143C1234b0b62906519b98aD5,19,0xD47A9e3cD588539C6173EE767f314d7Ac8b912E4,pig,16799800000000000000,62542755
,0x36341bc6f5bfc1811862b4ec7288ccc01fe43abeb9023a043b6cc8a29d5eea62,2024-10-02T13:15:18.000Z,0xAeB73203c0b648F143C1234b0b62906519b98aD5,19,0xD47A9e3cD588539C6173EE767f314d7Ac8b912E4,sugarcane,37333266666000000000,62542755
,0x36341bc6f5bfc1811862b4ec7288ccc01fe43abeb9023a043b6cc8a29d5eea62,2024-10-02T13:15:18.000Z,0xAeB73203c0b648F143C1234b0b62906519b98aD5,1097,0xD47A9e3cD588539C6173EE767f314d7Ac8b912E4,coconut,298000000000000000000,62542755
,0x36341bc6f5bfc1811862b4ec7288ccc01fe43abeb9023a043b6cc8a29d5eea62,2024-10-02T13:15:18.000Z,0xAeB73203c0b648F143C1234b0b62906519b98aD5,1097,0xD47A9e3cD588539C6173EE767f314d7Ac8b912E4,citrus,374000000000000000000,62542755
,0x36341bc6f5bfc1811862b4ec7288ccc01fe43abeb9023a043b6cc8a29d5eea62,2024-10-02T13:15:18.000Z,0xAeB73203c0b648F143C1234b0b62906519b98aD5,1097,0xD47A9e3cD588539C6173EE767f314d7Ac8b912E4,fish,553000000000000000000,62542755
,0x36341bc6f5bfc1811862b4ec7288ccc01fe43abeb9023a043b6cc8a29d5eea62,2024-10-02T13:15:18.000Z,0xAeB73203c0b648F143C1234b0b62906519b98aD5,1097,0xD47A9e3cD588539C6173EE767f314d7Ac8b912E4,cotton,680050000000000000000,62542755
,0x36341bc6f5bfc1811862b4ec7288ccc01fe43abeb9023a043b6cc8a29d5eea62,2024-10-02T13:15:18.000Z,0xAeB73203c0b648F143C1234b0b62906519b98aD5,1097,0xD47A9e3cD588539C6173EE767f314d7Ac8b912E4,wood,34000000000000000000,62542755
,0x36341bc6f5bfc1811862b4ec7288ccc01fe43abeb9023a043b6cc8a29d5eea62,2024-10-02T13:15:18.000Z,0xAeB73203c0b648F143C1234b0b62906519b98aD5,1097,0xD47A9e3cD588539C6173EE767f314d7Ac8b912E4,grain,147300000000000000000,62542755
,0x36341bc6f5bfc1811862b4ec7288ccc01fe43abeb9023a043b6cc8a29d5eea62,2024-10-02T13:15:18.000Z,0xAeB73203c0b648F143C1234b0b62906519b98aD5,4,0xD47A9e3cD588539C6173EE767f314d7Ac8b912E4,fish,42000000000000000000,62542755
,0x36341bc6f5bfc1811862b4ec7288ccc01fe43abeb9023a043b6cc8a29d5eea62,2024-10-02T13:15:18.000Z,0xAeB73203c0b648F143C1234b0b62906519b98aD5,81,0xD47A9e3cD588539C6173EE767f314d7Ac8b912E4,fish,804000000000000000000,62542755
,0x36341bc6f5bfc1811862b4ec7288ccc01fe43abeb9023a043b6cc8a29d5eea62,2024-10-02T13:15:18.000Z,0xAeB73203c0b648F143C1234b0b62906519b98aD5,32,0xD47A9e3cD588539C6173EE767f314d7Ac8b912E4,coconut,148000000000000000000,62542755
,0x36341bc6f5bfc1811862b4ec7288ccc01fe43abeb9023a043b6cc8a29d5eea62,2024-10-02T13:15:18.000Z,0xAeB73203c0b648F143C1234b0b62906519b98aD5,32,0xD47A9e3cD588539C6173EE767f314d7Ac8b912E4,citrus,148000000000000000000,62542755
,0x36341bc6f5bfc1811862b4ec7288ccc01fe43abeb9023a043b6cc8a29d5eea62,2024-10-02T13:15:18.000Z,0xAeB73203c0b648F143C1234b0b62906519b98aD5,32,0xD47A9e3cD588539C6173EE767f314d7Ac8b912E4,fish,731500000000000000000,62542755
,0x36341bc6f5bfc1811862b4ec7288ccc01fe43abeb9023a043b6cc8a29d5eea62,2024-10-02T13:15:18.000Z,0xAeB73203c0b648F143C1234b0b62906519b98aD5,32,0xD47A9e3cD588539C6173EE767f314d7Ac8b912E4,tobacco,39200000000000000000,62542755
,0x36341bc6f5bfc1811862b4ec7288ccc01fe43abeb9023a043b6cc8a29d5eea62,2024-10-02T13:15:18.000Z,0xAeB73203c0b648F143C1234b0b62906519b98aD5,32,0xD47A9e3cD588539C6173EE767f314d7Ac8b912E4,cotton,137200000000000000000,62542755
,0x36341bc6f5bfc1811862b4ec7288ccc01fe43abeb9023a043b6cc8a29d5eea62,2024-10-02T13:15:18.000Z,0xAeB73203c0b648F143C1234b0b62906519b98aD5,32,0xD47A9e3cD588539C6173EE767f314d7Ac8b912E4,pig,18666600000000000000,62542755
,0x36341bc6f5bfc1811862b4ec7288ccc01fe43abeb9023a043b6cc8a29d5eea62,2024-10-02T13:15:18.000Z,0xAeB73203c0b648F143C1234b0b62906519b98aD5,32,0xD47A9e3cD588539C6173EE767f314d7Ac8b912E4,wood,72200000000000000000,62542755
,0x36341bc6f5bfc1811862b4ec7288ccc01fe43abeb9023a043b6cc8a29d5eea62,2024-10-02T13:15:18.000Z,0xAeB73203c0b648F143C1234b0b62906519b98aD5,32,0xD47A9e3cD588539C6173EE767f314d7Ac8b912E4,sugarcane,19199999999999999000,62542755
,0x36341bc6f5bfc1811862b4ec7288ccc01fe43abeb9023a043b6cc8a29d5eea62,2024-10-02T13:15:18.000Z,0xAeB73203c0b648F143C1234b0b62906519b98aD5,32,0xD47A9e3cD588539C6173EE767f314d7Ac8b912E4,grain,154000000000000000000,62542755
,0x36341bc6f5bfc1811862b4ec7288ccc01fe43abeb9023a043b6cc8a29d5eea62,2024-10-02T13:15:18.000Z,0xAeB73203c0b648F143C1234b0b62906519b98aD5,32,0xD47A9e3cD588539C6173EE767f314d7Ac8b912E4,planks,16150000000000000000,62542755
,0x36341bc6f5bfc1811862b4ec7288ccc01fe43abeb9023a043b6cc8a29d5eea62,2024-10-02T13:15:18.000Z,0xAeB73203c0b648F143C1234b0b62906519b98aD5,254,0xD47A9e3cD588539C6173EE767f314d7Ac8b912E4,fish,42000000000000000000,62542755
,0x36341bc6f5bfc1811862b4ec7288ccc01fe43abeb9023a043b6cc8a29d5eea62,2024-10-02T13:15:18.000Z,0xAeB73203c0b648F143C1234b0b62906519b98aD5,254,0xD47A9e3cD588539C6173EE767f314d7Ac8b912E4,pig,5600000000000000000,62542755
,0x36341bc6f5bfc1811862b4ec7288ccc01fe43abeb9023a043b6cc8a29d5eea62,2024-10-02T13:15:18.000Z,0xAeB73203c0b648F143C1234b0b62906519b98aD5,3279,0xD47A9e3cD588539C6173EE767f314d7Ac8b912E4,coconut,342000000000000000000,62542755
,0x36341bc6f5bfc1811862b4ec7288ccc01fe43abeb9023a043b6cc8a29d5eea62,2024-10-02T13:15:18.000Z,0xAeB73203c0b648F143C1234b0b62906519b98aD5,3279,0xD47A9e3cD588539C6173EE767f314d7Ac8b912E4,citrus,144000000000000000000,62542755
,0x36341bc6f5bfc1811862b4ec7288ccc01fe43abeb9023a043b6cc8a29d5eea62,2024-10-02T13:15:18.000Z,0xAeB73203c0b648F143C1234b0b62906519b98aD5,3279,0xD47A9e3cD588539C6173EE767f314d7Ac8b912E4,fish,1065000000000000000000,62542755
,0x36341bc6f5bfc1811862b4ec7288ccc01fe43abeb9023a043b6cc8a29d5eea62,2024-10-02T13:15:18.000Z,0xAeB73203c0b648F143C1234b0b62906519b98aD5,3279,0xD47A9e3cD588539C6173EE767f314d7Ac8b912E4,tobacco,80266666666000000000,62542755
,0x36341bc6f5bfc1811862b4ec7288ccc01fe43abeb9023a043b6cc8a29d5eea62,2024-10-02T13:15:18.000Z,0xAeB73203c0b648F143C1234b0b62906519b98aD5,3279,0xD47A9e3cD588539C6173EE767f314d7Ac8b912E4,cotton,89200000000000000000,62542755
,0x36341bc6f5bfc1811862b4ec7288ccc01fe43abeb9023a043b6cc8a29d5eea62,2024-10-02T13:15:18.000Z,0xAeB73203c0b648F143C1234b0b62906519b98aD5,3279,0xD47A9e3cD588539C6173EE767f314d7Ac8b912E4,pig,3733300000000000000,62542755
,0x36341bc6f5bfc1811862b4ec7288ccc01fe43abeb9023a043b6cc8a29d5eea62,2024-10-02T13:15:18.000Z,0xAeB73203c0b648F143C1234b0b62906519b98aD5,3279,0xD47A9e3cD588539C6173EE767f314d7Ac8b912E4,wood,80200000000000000000,62542755
,0x36341bc6f5bfc1811862b4ec7288ccc01fe43abeb9023a043b6cc8a29d5eea62,2024-10-02T13:15:18.000Z,0xAeB73203c0b648F143C1234b0b62906519b98aD5,3279,0xD47A9e3cD588539C6173EE767f314d7Ac8b912E4,sugarcane,78399966000000000000,62542755
,0x36341bc6f5bfc1811862b4ec7288ccc01fe43abeb9023a043b6cc8a29d5eea62,2024-10-02T13:15:18.000Z,0xAeB73203c0b648F143C1234b0b62906519b98aD5,3337,0xD47A9e3cD588539C6173EE767f314d7Ac8b912E4,coconut,48000000000000000000,62542755
,0x36341bc6f5bfc1811862b4ec7288ccc01fe43abeb9023a043b6cc8a29d5eea62,2024-10-02T13:15:18.000Z,0xAeB73203c0b648F143C1234b0b62906519b98aD5,3337,0xD47A9e3cD588539C6173EE767f314d7Ac8b912E4,citrus,389499866666666666000,62542755
,0x36341bc6f5bfc1811862b4ec7288ccc01fe43abeb9023a043b6cc8a29d5eea62,2024-10-02T13:15:18.000Z,0xAeB73203c0b648F143C1234b0b62906519b98aD5,3337,0xD47A9e3cD588539C6173EE767f314d7Ac8b912E4,fish,1317000000000000000000,62542755
,0x36341bc6f5bfc1811862b4ec7288ccc01fe43abeb9023a043b6cc8a29d5eea62,2024-10-02T13:15:18.000Z,0xAeB73203c0b648F143C1234b0b62906519b98aD5,3337,0xD47A9e3cD588539C6173EE767f314d7Ac8b912E4,tobacco,48533333330000000000,62542755
,0x36341bc6f5bfc1811862b4ec7288ccc01fe43abeb9023a043b6cc8a29d5eea62,2024-10-02T13:15:18.000Z,0xAeB73203c0b648F143C1234b0b62906519b98aD5,3337,0xD47A9e3cD588539C6173EE767f314d7Ac8b912E4,cotton,33600000000000000000,62542755
,0x36341bc6f5bfc1811862b4ec7288ccc01fe43abeb9023a043b6cc8a29d5eea62,2024-10-02T13:15:18.000Z,0xAeB73203c0b648F143C1234b0b62906519b98aD5,3337,0xD47A9e3cD588539C6173EE767f314d7Ac8b912E4,pig,3733300000000000000,62542755
,0x36341bc6f5bfc1811862b4ec7288ccc01fe43abeb9023a043b6cc8a29d5eea62,2024-10-02T13:15:18.000Z,0xAeB73203c0b648F143C1234b0b62906519b98aD5,3337,0xD47A9e3cD588539C6173EE767f314d7Ac8b912E4,wood,177300000000000000000,62542755
,0x36341bc6f5bfc1811862b4ec7288ccc01fe43abeb9023a043b6cc8a29d5eea62,2024-10-02T13:15:18.000Z,0xAeB73203c0b648F143C1234b0b62906519b98aD5,3337,0xD47A9e3cD588539C6173EE767f314d7Ac8b912E4,sugarcane,44790000000000000000,62542755
,0x36341bc6f5bfc1811862b4ec7288ccc01fe43abeb9023a043b6cc8a29d5eea62,2024-10-02T13:15:18.000Z,0xAeB73203c0b648F143C1234b0b62906519b98aD5,2201,0xD47A9e3cD588539C6173EE767f314d7Ac8b912E4,coconut,50000000000000000000,62542755
,0x36341bc6f5bfc1811862b4ec7288ccc01fe43abeb9023a043b6cc8a29d5eea62,2024-10-02T13:15:18.000Z,0xAeB73203c0b648F143C1234b0b62906519b98aD5,2201,0xD47A9e3cD588539C6173EE767f314d7Ac8b912E4,citrus,148000000000000000000,62542755
,0x36341bc6f5bfc1811862b4ec7288ccc01fe43abeb9023a043b6cc8a29d5eea62,2024-10-02T13:15:18.000Z,0xAeB73203c0b648F143C1234b0b62906519b98aD5,2201,0xD47A9e3cD588539C6173EE767f314d7Ac8b912E4,fish,389000000000000000000,62542755
,0x36341bc6f5bfc1811862b4ec7288ccc01fe43abeb9023a043b6cc8a29d5eea62,2024-10-02T13:15:18.000Z,0xAeB73203c0b648F143C1234b0b62906519b98aD5,2201,0xD47A9e3cD588539C6173EE767f314d7Ac8b912E4,tobacco,82133333333333330000,62542755
,0x36341bc6f5bfc1811862b4ec7288ccc01fe43abeb9023a043b6cc8a29d5eea62,2024-10-02T13:15:18.000Z,0xAeB73203c0b648F143C1234b0b62906519b98aD5,1111,0xD47A9e3cD588539C6173EE767f314d7Ac8b912E4,fish,63700000000000000000,62542755
,0x36341bc6f5bfc1811862b4ec7288ccc01fe43abeb9023a043b6cc8a29d5eea62,2024-10-02T13:15:18.000Z,0xAeB73203c0b648F143C1234b0b62906519b98aD5,1135,0xD47A9e3cD588539C6173EE767f314d7Ac8b912E4,coconut,50000000000000000000,62542755
,0x36341bc6f5bfc1811862b4ec7288ccc01fe43abeb9023a043b6cc8a29d5eea62,2024-10-02T13:15:18.000Z,0xAeB73203c0b648F143C1234b0b62906519b98aD5,1135,0xD47A9e3cD588539C6173EE767f314d7Ac8b912E4,fish,50000000000000000000,62542755
,0xb034f355092decec515900a476a55be81ee051de2d7af30f762c63e503f45267,2024-10-02T13:16:48.000Z,0xAeB73203c0b648F143C1234b0b62906519b98aD5,3330,0xD47A9e3cD588539C6173EE767f314d7Ac8b912E4,coconut,50000000000000000000,62542798
,0xb034f355092decec515900a476a55be81ee051de2d7af30f762c63e503f45267,2024-10-02T13:16:48.000Z,0xAeB73203c0b648F143C1234b0b62906519b98aD5,3330,0xD47A9e3cD588539C6173EE767f314d7Ac8b912E4,fish,84000000000000000000,62542798
,0xb034f355092decec515900a476a55be81ee051de2d7af30f762c63e503f45267,2024-10-02T13:16:48.000Z,0xAeB73203c0b648F143C1234b0b62906519b98aD5,3330,0xD47A9e3cD588539C6173EE767f314d7Ac8b912E4,tobacco,36000000000000000000,62542798
,0xb034f355092decec515900a476a55be81ee051de2d7af30f762c63e503f45267,2024-10-02T13:16:48.000Z,0xAeB73203c0b648F143C1234b0b62906519b98aD5,3330,0xD47A9e3cD588539C6173EE767f314d7Ac8b912E4,cotton,96400000000000000000,62542798
,0xb034f355092decec515900a476a55be81ee051de2d7af30f762c63e503f45267,2024-10-02T13:16:48.000Z,0xAeB73203c0b648F143C1234b0b62906519b98aD5,3330,0xD47A9e3cD588539C6173EE767f314d7Ac8b912E4,wood,32450000000000000000,62542798
,0xb034f355092decec515900a476a55be81ee051de2d7af30f762c63e503f45267,2024-10-02T13:16:48.000Z,0xAeB73203c0b648F143C1234b0b62906519b98aD5,3330,0xD47A9e3cD588539C6173EE767f314d7Ac8b912E4,planks,18000000000000000000,62542798
,0xb034f355092decec515900a476a55be81ee051de2d7af30f762c63e503f45267,2024-10-02T13:16:48.000Z,0xAeB73203c0b648F143C1234b0b62906519b98aD5,1088,0xD47A9e3cD588539C6173EE767f314d7Ac8b912E4,coconut,73000000000000000000,62542798
,0xb034f355092decec515900a476a55be81ee051de2d7af30f762c63e503f45267,2024-10-02T13:16:48.000Z,0xAeB73203c0b648F143C1234b0b62906519b98aD5,1088,0xD47A9e3cD588539C6173EE767f314d7Ac8b912E4,citrus,55000000000000000000,62542798
,0xb034f355092decec515900a476a55be81ee051de2d7af30f762c63e503f45267,2024-10-02T13:16:48.000Z,0xAeB73203c0b648F143C1234b0b62906519b98aD5,1088,0xD47A9e3cD588539C6173EE767f314d7Ac8b912E4,cotton,47600000000000000000,62542798
,0xb034f355092decec515900a476a55be81ee051de2d7af30f762c63e503f45267,2024-10-02T13:16:48.000Z,0xAeB73203c0b648F143C1234b0b62906519b98aD5,1088,0xD47A9e3cD588539C6173EE767f314d7Ac8b912E4,pig,14933300000000000000,62542798
,0xb034f355092decec515900a476a55be81ee051de2d7af30f762c63e503f45267,2024-10-02T13:16:48.000Z,0xAeB73203c0b648F143C1234b0b62906519b98aD5,1088,0xD47A9e3cD588539C6173EE767f314d7Ac8b912E4,sugarcane,11200000000000000000,62542798
,0xb034f355092decec515900a476a55be81ee051de2d7af30f762c63e503f45267,2024-10-02T13:16:48.000Z,0xAeB73203c0b648F143C1234b0b62906519b98aD5,1088,0xD47A9e3cD588539C6173EE767f314d7Ac8b912E4,grain,11200000000000000000,62542798
,0xb034f355092decec515900a476a55be81ee051de2d7af30f762c63e503f45267,2024-10-02T13:16:48.000Z,0xAeB73203c0b648F143C1234b0b62906519b98aD5,1108,0xD47A9e3cD588539C6173EE767f314d7Ac8b912E4,coconut,574000000000000000000,62542798
,0xb034f355092decec515900a476a55be81ee051de2d7af30f762c63e503f45267,2024-10-02T13:16:48.000Z,0xAeB73203c0b648F143C1234b0b62906519b98aD5,1108,0xD47A9e3cD588539C6173EE767f314d7Ac8b912E4,citrus,176000000000000000000,62542798
,0xb034f355092decec515900a476a55be81ee051de2d7af30f762c63e503f45267,2024-10-02T13:16:48.000Z,0xAeB73203c0b648F143C1234b0b62906519b98aD5,1108,0xD47A9e3cD588539C6173EE767f314d7Ac8b912E4,fish,92000000000000000000,62542798
,0xb034f355092decec515900a476a55be81ee051de2d7af30f762c63e503f45267,2024-10-02T13:16:48.000Z,0xAeB73203c0b648F143C1234b0b62906519b98aD5,1108,0xD47A9e3cD588539C6173EE767f314d7Ac8b912E4,tobacco,96532000000000000000,62542798
,0xb034f355092decec515900a476a55be81ee051de2d7af30f762c63e503f45267,2024-10-02T13:16:48.000Z,0xAeB73203c0b648F143C1234b0b62906519b98aD5,1108,0xD47A9e3cD588539C6173EE767f314d7Ac8b912E4,cotton,167400000000000000000,62542798
,0xb034f355092decec515900a476a55be81ee051de2d7af30f762c63e503f45267,2024-10-02T13:16:48.000Z,0xAeB73203c0b648F143C1234b0b62906519b98aD5,1108,0xD47A9e3cD588539C6173EE767f314d7Ac8b912E4,pig,33866600000000000000,62542798
,0xb034f355092decec515900a476a55be81ee051de2d7af30f762c63e503f45267,2024-10-02T13:16:48.000Z,0xAeB73203c0b648F143C1234b0b62906519b98aD5,1108,0xD47A9e3cD588539C6173EE767f314d7Ac8b912E4,wood,34400000000000000000,62542798
,0xb034f355092decec515900a476a55be81ee051de2d7af30f762c63e503f45267,2024-10-02T13:16:48.000Z,0xAeB73203c0b648F143C1234b0b62906519b98aD5,1108,0xD47A9e3cD588539C6173EE767f314d7Ac8b912E4,sugarcane,5333000000000000000,62542798
,0xb034f355092decec515900a476a55be81ee051de2d7af30f762c63e503f45267,2024-10-02T13:16:48.000Z,0xAeB73203c0b648F143C1234b0b62906519b98aD5,374,0xD47A9e3cD588539C6173EE767f314d7Ac8b912E4,coconut,9000000000000000000,62542798
,0xb034f355092decec515900a476a55be81ee051de2d7af30f762c63e503f45267,2024-10-02T13:16:48.000Z,0xAeB73203c0b648F143C1234b0b62906519b98aD5,422,0xD47A9e3cD588539C6173EE767f314d7Ac8b912E4,tobacco,3000000000000000000,62542798
,0xb034f355092decec515900a476a55be81ee051de2d7af30f762c63e503f45267,2024-10-02T13:16:48.000Z,0xAeB73203c0b648F143C1234b0b62906519b98aD5,422,0xD47A9e3cD588539C6173EE767f314d7Ac8b912E4,pig,2133333333333333320,62542798
,0xb034f355092decec515900a476a55be81ee051de2d7af30f762c63e503f45267,2024-10-02T13:16:48.000Z,0xAeB73203c0b648F143C1234b0b62906519b98aD5,1403,0xD47A9e3cD588539C6173EE767f314d7Ac8b912E4,sugarcane,23000000000000000000,62542798
,0xb034f355092decec515900a476a55be81ee051de2d7af30f762c63e503f45267,2024-10-02T13:16:48.000Z,0xAeB73203c0b648F143C1234b0b62906519b98aD5,1403,0xD47A9e3cD588539C6173EE767f314d7Ac8b912E4,planks,7000000000000000000,62542798
,0xad3c60e7bd15290e0dba162caba9d597fef39437f1b158d10cc0c0ee6be68b2a,2024-10-02T13:23:44.000Z,0xAeB73203c0b648F143C1234b0b62906519b98aD5,122,0xD47A9e3cD588539C6173EE767f314d7Ac8b912E4,coconut,220000000000000000000,62542993
,0xad3c60e7bd15290e0dba162caba9d597fef39437f1b158d10cc0c0ee6be68b2a,2024-10-02T13:23:44.000Z,0xAeB73203c0b648F143C1234b0b62906519b98aD5,122,0xD47A9e3cD588539C6173EE767f314d7Ac8b912E4,citrus,290000000000000000000,62542993
,0xad3c60e7bd15290e0dba162caba9d597fef39437f1b158d10cc0c0ee6be68b2a,2024-10-02T13:23:44.000Z,0xAeB73203c0b648F143C1234b0b62906519b98aD5,122,0xD47A9e3cD588539C6173EE767f314d7Ac8b912E4,fish,195000000000000000000,62542993
,0xad3c60e7bd15290e0dba162caba9d597fef39437f1b158d10cc0c0ee6be68b2a,2024-10-02T13:23:44.000Z,0xAeB73203c0b648F143C1234b0b62906519b98aD5,122,0xD47A9e3cD588539C6173EE767f314d7Ac8b912E4,wood,22000000000000000000,62542993
,0xad3c60e7bd15290e0dba162caba9d597fef39437f1b158d10cc0c0ee6be68b2a,2024-10-02T13:23:44.000Z,0xAeB73203c0b648F143C1234b0b62906519b98aD5,104,0xD47A9e3cD588539C6173EE767f314d7Ac8b912E4,coconut,254250000000000000000,62542993
,0xad3c60e7bd15290e0dba162caba9d597fef39437f1b158d10cc0c0ee6be68b2a,2024-10-02T13:23:44.000Z,0xAeB73203c0b648F143C1234b0b62906519b98aD5,104,0xD47A9e3cD588539C6173EE767f314d7Ac8b912E4,citrus,165000000000000000000,62542993
,0xad3c60e7bd15290e0dba162caba9d597fef39437f1b158d10cc0c0ee6be68b2a,2024-10-02T13:23:44.000Z,0xAeB73203c0b648F143C1234b0b62906519b98aD5,104,0xD47A9e3cD588539C6173EE767f314d7Ac8b912E4,fish,262000000000000000000,62542993
,0xad3c60e7bd15290e0dba162caba9d597fef39437f1b158d10cc0c0ee6be68b2a,2024-10-02T13:23:44.000Z,0xAeB73203c0b648F143C1234b0b62906519b98aD5,104,0xD47A9e3cD588539C6173EE767f314d7Ac8b912E4,tobacco,60333300000000000000,62542993
,0xad3c60e7bd15290e0dba162caba9d597fef39437f1b158d10cc0c0ee6be68b2a,2024-10-02T13:23:44.000Z,0xAeB73203c0b648F143C1234b0b62906519b98aD5,104,0xD47A9e3cD588539C6173EE767f314d7Ac8b912E4,cotton,81000000000000000000,62542993
,0xad3c60e7bd15290e0dba162caba9d597fef39437f1b158d10cc0c0ee6be68b2a,2024-10-02T13:23:44.000Z,0xAeB73203c0b648F143C1234b0b62906519b98aD5,104,0xD47A9e3cD588539C6173EE767f314d7Ac8b912E4,pig,8000000000000000000,62542993
,0xad3c60e7bd15290e0dba162caba9d597fef39437f1b158d10cc0c0ee6be68b2a,2024-10-02T13:23:44.000Z,0xAeB73203c0b648F143C1234b0b62906519b98aD5,104,0xD47A9e3cD588539C6173EE767f314d7Ac8b912E4,wood,34000000000000000000,62542993
,0xad3c60e7bd15290e0dba162caba9d597fef39437f1b158d10cc0c0ee6be68b2a,2024-10-02T13:23:44.000Z,0xAeB73203c0b648F143C1234b0b62906519b98aD5,104,0xD47A9e3cD588539C6173EE767f314d7Ac8b912E4,sugarcane,2000000000000000000,62542993
,0xad3c60e7bd15290e0dba162caba9d597fef39437f1b158d10cc0c0ee6be68b2a,2024-10-02T13:23:44.000Z,0xAeB73203c0b648F143C1234b0b62906519b98aD5,104,0xD47A9e3cD588539C6173EE767f314d7Ac8b912E4,grain,47500000000000000000,62542993
,0xad3c60e7bd15290e0dba162caba9d597fef39437f1b158d10cc0c0ee6be68b2a,2024-10-02T13:23:44.000Z,0xAeB73203c0b648F143C1234b0b62906519b98aD5,104,0xD47A9e3cD588539C6173EE767f314d7Ac8b912E4,planks,5500000000000000000,62542993
,0xad3c60e7bd15290e0dba162caba9d597fef39437f1b158d10cc0c0ee6be68b2a,2024-10-02T13:23:44.000Z,0xAeB73203c0b648F143C1234b0b62906519b98aD5,3362,0xD47A9e3cD588539C6173EE767f314d7Ac8b912E4,coconut,176000000000000000000,62542993
,0xad3c60e7bd15290e0dba162caba9d597fef39437f1b158d10cc0c0ee6be68b2a,2024-10-02T13:23:44.000Z,0xAeB73203c0b648F143C1234b0b62906519b98aD5,3362,0xD47A9e3cD588539C6173EE767f314d7Ac8b912E4,citrus,40000000000000000000,62542993
,0xad3c60e7bd15290e0dba162caba9d597fef39437f1b158d10cc0c0ee6be68b2a,2024-10-02T13:23:44.000Z,0xAeB73203c0b648F143C1234b0b62906519b98aD5,3362,0xD47A9e3cD588539C6173EE767f314d7Ac8b912E4,fish,166000000000000000000,62542993
,0xad3c60e7bd15290e0dba162caba9d597fef39437f1b158d10cc0c0ee6be68b2a,2024-10-02T13:23:44.000Z,0xAeB73203c0b648F143C1234b0b62906519b98aD5,3362,0xD47A9e3cD588539C6173EE767f314d7Ac8b912E4,tobacco,65600000000000000000,62542993
,0xad3c60e7bd15290e0dba162caba9d597fef39437f1b158d10cc0c0ee6be68b2a,2024-10-02T13:23:44.000Z,0xAeB73203c0b648F143C1234b0b62906519b98aD5,3362,0xD47A9e3cD588539C6173EE767f314d7Ac8b912E4,cotton,22400000000000000000,62542993
,0xad3c60e7bd15290e0dba162caba9d597fef39437f1b158d10cc0c0ee6be68b2a,2024-10-02T13:23:44.000Z,0xAeB73203c0b648F143C1234b0b62906519b98aD5,3362,0xD47A9e3cD588539C6173EE767f314d7Ac8b912E4,wood,15000000000000000000,62542993
,0xad3c60e7bd15290e0dba162caba9d597fef39437f1b158d10cc0c0ee6be68b2a,2024-10-02T13:23:44.000Z,0xAeB73203c0b648F143C1234b0b62906519b98aD5,1104,0xD47A9e3cD588539C6173EE767f314d7Ac8b912E4,coconut,192000000000000000000,62542993
,0xad3c60e7bd15290e0dba162caba9d597fef39437f1b158d10cc0c0ee6be68b2a,2024-10-02T13:23:44.000Z,0xAeB73203c0b648F143C1234b0b62906519b98aD5,1104,0xD47A9e3cD588539C6173EE767f314d7Ac8b912E4,citrus,96000000000000000000,62542993
,0xad3c60e7bd15290e0dba162caba9d597fef39437f1b158d10cc0c0ee6be68b2a,2024-10-02T13:23:44.000Z,0xAeB73203c0b648F143C1234b0b62906519b98aD5,1104,0xD47A9e3cD588539C6173EE767f314d7Ac8b912E4,fish,164000000000000000000,62542993
,0xad3c60e7bd15290e0dba162caba9d597fef39437f1b158d10cc0c0ee6be68b2a,2024-10-02T13:23:44.000Z,0xAeB73203c0b648F143C1234b0b62906519b98aD5,427,0xD47A9e3cD588539C6173EE767f314d7Ac8b912E4,wood,7000000000000000000,62542993
,0xad3c60e7bd15290e0dba162caba9d597fef39437f1b158d10cc0c0ee6be68b2a,2024-10-02T13:23:44.000Z,0xAeB73203c0b648F143C1234b0b62906519b98aD5,2300,0xD47A9e3cD588539C6173EE767f314d7Ac8b912E4,coconut,160000000000000000000,62542993
,0xad3c60e7bd15290e0dba162caba9d597fef39437f1b158d10cc0c0ee6be68b2a,2024-10-02T13:23:44.000Z,0xAeB73203c0b648F143C1234b0b62906519b98aD5,2300,0xD47A9e3cD588539C6173EE767f314d7Ac8b912E4,citrus,30000000000000000000,62542993
,0xad3c60e7bd15290e0dba162caba9d597fef39437f1b158d10cc0c0ee6be68b2a,2024-10-02T13:23:44.000Z,0xAeB73203c0b648F143C1234b0b62906519b98aD5,2300,0xD47A9e3cD588539C6173EE767f314d7Ac8b912E4,fish,146000000000000000000,62542993
,0xad3c60e7bd15290e0dba162caba9d597fef39437f1b158d10cc0c0ee6be68b2a,2024-10-02T13:23:44.000Z,0xAeB73203c0b648F143C1234b0b62906519b98aD5,2300,0xD47A9e3cD588539C6173EE767f314d7Ac8b912E4,tobacco,18666666666666666648,62542993
,0xad3c60e7bd15290e0dba162caba9d597fef39437f1b158d10cc0c0ee6be68b2a,2024-10-02T13:23:44.000Z,0xAeB73203c0b648F143C1234b0b62906519b98aD5,2300,0xD47A9e3cD588539C6173EE767f314d7Ac8b912E4,cotton,22400000000000000000,62542993
,0xad3c60e7bd15290e0dba162caba9d597fef39437f1b158d10cc0c0ee6be68b2a,2024-10-02T13:23:44.000Z,0xAeB73203c0b648F143C1234b0b62906519b98aD5,2629,0xD47A9e3cD588539C6173EE767f314d7Ac8b912E4,coconut,4000000000000000000,62542993
,0xad3c60e7bd15290e0dba162caba9d597fef39437f1b158d10cc0c0ee6be68b2a,2024-10-02T13:23:44.000Z,0xAeB73203c0b648F143C1234b0b62906519b98aD5,2629,0xD47A9e3cD588539C6173EE767f314d7Ac8b912E4,citrus,17000000000000000000,62542993
,0xad3c60e7bd15290e0dba162caba9d597fef39437f1b158d10cc0c0ee6be68b2a,2024-10-02T13:23:44.000Z,0xAeB73203c0b648F143C1234b0b62906519b98aD5,2629,0xD47A9e3cD588539C6173EE767f314d7Ac8b912E4,fish,6000000000000000000,62542993
,0xad3c60e7bd15290e0dba162caba9d597fef39437f1b158d10cc0c0ee6be68b2a,2024-10-02T13:23:44.000Z,0xAeB73203c0b648F143C1234b0b62906519b98aD5,2629,0xD47A9e3cD588539C6173EE767f314d7Ac8b912E4,tobacco,4666666666666000000,62542993
,0xad3c60e7bd15290e0dba162caba9d597fef39437f1b158d10cc0c0ee6be68b2a,2024-10-02T13:23:44.000Z,0xAeB73203c0b648F143C1234b0b62906519b98aD5,2629,0xD47A9e3cD588539C6173EE767f314d7Ac8b912E4,cotton,8400000000000000000,62542993
,0xad3c60e7bd15290e0dba162caba9d597fef39437f1b158d10cc0c0ee6be68b2a,2024-10-02T13:23:44.000Z,0xAeB73203c0b648F143C1234b0b62906519b98aD5,3359,0xD47A9e3cD588539C6173EE767f314d7Ac8b912E4,citrus,50000000000000000000,62542993
,0xad3c60e7bd15290e0dba162caba9d597fef39437f1b158d10cc0c0ee6be68b2a,2024-10-02T13:23:44.000Z,0xAeB73203c0b648F143C1234b0b62906519b98aD5,3359,0xD47A9e3cD588539C6173EE767f314d7Ac8b912E4,cotton,4000000000000000000,62542993
,0xad3c60e7bd15290e0dba162caba9d597fef39437f1b158d10cc0c0ee6be68b2a,2024-10-02T13:23:44.000Z,0xAeB73203c0b648F143C1234b0b62906519b98aD5,637,0xD47A9e3cD588539C6173EE767f314d7Ac8b912E4,fish,25000000000000000000,62542993
,0xad3c60e7bd15290e0dba162caba9d597fef39437f1b158d10cc0c0ee6be68b2a,2024-10-02T13:23:44.000Z,0xAeB73203c0b648F143C1234b0b62906519b98aD5,4189,0xD47A9e3cD588539C6173EE767f314d7Ac8b912E4,fish,49500000000000000000,62542993
,0xad3c60e7bd15290e0dba162caba9d597fef39437f1b158d10cc0c0ee6be68b2a,2024-10-02T13:23:44.000Z,0xAeB73203c0b648F143C1234b0b62906519b98aD5,1193,0xD47A9e3cD588539C6173EE767f314d7Ac8b912E4,coconut,10000000000000000000,62542993
,0xad3c60e7bd15290e0dba162caba9d597fef39437f1b158d10cc0c0ee6be68b2a,2024-10-02T13:23:44.000Z,0xAeB73203c0b648F143C1234b0b62906519b98aD5,1193,0xD47A9e3cD588539C6173EE767f314d7Ac8b912E4,citrus,40000000000000000000,62542993
,0xad3c60e7bd15290e0dba162caba9d597fef39437f1b158d10cc0c0ee6be68b2a,2024-10-02T13:23:44.000Z,0xAeB73203c0b648F143C1234b0b62906519b98aD5,1193,0xD47A9e3cD588539C6173EE767f314d7Ac8b912E4,fish,40000000000000000000,62542993
,0xad3c60e7bd15290e0dba162caba9d597fef39437f1b158d10cc0c0ee6be68b2a,2024-10-02T13:23:44.000Z,0xAeB73203c0b648F143C1234b0b62906519b98aD5,1193,0xD47A9e3cD588539C6173EE767f314d7Ac8b912E4,tobacco,17400000000000000000,62542993
,0xad3c60e7bd15290e0dba162caba9d597fef39437f1b158d10cc0c0ee6be68b2a,2024-10-02T13:23:44.000Z,0xAeB73203c0b648F143C1234b0b62906519b98aD5,1193,0xD47A9e3cD588539C6173EE767f314d7Ac8b912E4,pig,1000000000000000000,62542993
,0xad3c60e7bd15290e0dba162caba9d597fef39437f1b158d10cc0c0ee6be68b2a,2024-10-02T13:23:44.000Z,0xAeB73203c0b648F143C1234b0b62906519b98aD5,2260,0xD47A9e3cD588539C6173EE767f314d7Ac8b912E4,citrus,49500000000000000000,62542993
,0xad3c60e7bd15290e0dba162caba9d597fef39437f1b158d10cc0c0ee6be68b2a,2024-10-02T13:23:44.000Z,0xAeB73203c0b648F143C1234b0b62906519b98aD5,2260,0xD47A9e3cD588539C6173EE767f314d7Ac8b912E4,fish,49333333333333330000,62542993
,0xad3c60e7bd15290e0dba162caba9d597fef39437f1b158d10cc0c0ee6be68b2a,2024-10-02T13:23:44.000Z,0xAeB73203c0b648F143C1234b0b62906519b98aD5,2260,0xD47A9e3cD588539C6173EE767f314d7Ac8b912E4,pig,666666666666666600,62542993
,0xad3c60e7bd15290e0dba162caba9d597fef39437f1b158d10cc0c0ee6be68b2a,2024-10-02T13:23:44.000Z,0xAeB73203c0b648F143C1234b0b62906519b98aD5,2206,0xD47A9e3cD588539C6173EE767f314d7Ac8b912E4,coconut,48000000000000000000,62542993
,0xad3c60e7bd15290e0dba162caba9d597fef39437f1b158d10cc0c0ee6be68b2a,2024-10-02T13:23:44.000Z,0xAeB73203c0b648F143C1234b0b62906519b98aD5,2206,0xD47A9e3cD588539C6173EE767f314d7Ac8b912E4,fish,112500000000000000000,62542993
,0xad3c60e7bd15290e0dba162caba9d597fef39437f1b158d10cc0c0ee6be68b2a,2024-10-02T13:23:44.000Z,0xAeB73203c0b648F143C1234b0b62906519b98aD5,2206,0xD47A9e3cD588539C6173EE767f314d7Ac8b912E4,cotton,49200000000000000000,62542993
,0xad3c60e7bd15290e0dba162caba9d597fef39437f1b158d10cc0c0ee6be68b2a,2024-10-02T13:23:44.000Z,0xAeB73203c0b648F143C1234b0b62906519b98aD5,1206,0xD47A9e3cD588539C6173EE767f314d7Ac8b912E4,coconut,76000000000000000000,62542993
,0xad3c60e7bd15290e0dba162caba9d597fef39437f1b158d10cc0c0ee6be68b2a,2024-10-02T13:23:44.000Z,0xAeB73203c0b648F143C1234b0b62906519b98aD5,1206,0xD47A9e3cD588539C6173EE767f314d7Ac8b912E4,citrus,176000000000000000000,62542993
,0xad3c60e7bd15290e0dba162caba9d597fef39437f1b158d10cc0c0ee6be68b2a,2024-10-02T13:23:44.000Z,0xAeB73203c0b648F143C1234b0b62906519b98aD5,1206,0xD47A9e3cD588539C6173EE767f314d7Ac8b912E4,fish,225000000000000000000,62542993
,0xad3c60e7bd15290e0dba162caba9d597fef39437f1b158d10cc0c0ee6be68b2a,2024-10-02T13:23:44.000Z,0xAeB73203c0b648F143C1234b0b62906519b98aD5,1206,0xD47A9e3cD588539C6173EE767f314d7Ac8b912E4,tobacco,18666600000000000000,62542993
,0xad3c60e7bd15290e0dba162caba9d597fef39437f1b158d10cc0c0ee6be68b2a,2024-10-02T13:23:44.000Z,0xAeB73203c0b648F143C1234b0b62906519b98aD5,1206,0xD47A9e3cD588539C6173EE767f314d7Ac8b912E4,cotton,56000000000000000000,62542993
,0xad3c60e7bd15290e0dba162caba9d597fef39437f1b158d10cc0c0ee6be68b2a,2024-10-02T13:23:44.000Z,0xAeB73203c0b648F143C1234b0b62906519b98aD5,1206,0xD47A9e3cD588539C6173EE767f314d7Ac8b912E4,sugarcane,18666600000000000000,62542993
,0xad3c60e7bd15290e0dba162caba9d597fef39437f1b158d10cc0c0ee6be68b2a,2024-10-02T13:23:44.000Z,0xAeB73203c0b648F143C1234b0b62906519b98aD5,1206,0xD47A9e3cD588539C6173EE767f314d7Ac8b912E4,grain,47600000000000000000,62542993
,0xad3c60e7bd15290e0dba162caba9d597fef39437f1b158d10cc0c0ee6be68b2a,2024-10-02T13:23:44.000Z,0xAeB73203c0b648F143C1234b0b62906519b98aD5,3403,0xD47A9e3cD588539C6173EE767f314d7Ac8b912E4,coconut,296000000000000000000,62542993
,0xad3c60e7bd15290e0dba162caba9d597fef39437f1b158d10cc0c0ee6be68b2a,2024-10-02T13:23:44.000Z,0xAeB73203c0b648F143C1234b0b62906519b98aD5,3403,0xD47A9e3cD588539C6173EE767f314d7Ac8b912E4,citrus,196000000000000000000,62542993
,0xad3c60e7bd15290e0dba162caba9d597fef39437f1b158d10cc0c0ee6be68b2a,2024-10-02T13:23:44.000Z,0xAeB73203c0b648F143C1234b0b62906519b98aD5,3403,0xD47A9e3cD588539C6173EE767f314d7Ac8b912E4,fish,457760000000000000000,62542993
,0xad3c60e7bd15290e0dba162caba9d597fef39437f1b158d10cc0c0ee6be68b2a,2024-10-02T13:23:44.000Z,0xAeB73203c0b648F143C1234b0b62906519b98aD5,3403,0xD47A9e3cD588539C6173EE767f314d7Ac8b912E4,tobacco,18666000000000000000,62542993
,0xad3c60e7bd15290e0dba162caba9d597fef39437f1b158d10cc0c0ee6be68b2a,2024-10-02T13:23:44.000Z,0xAeB73203c0b648F143C1234b0b62906519b98aD5,3403,0xD47A9e3cD588539C6173EE767f314d7Ac8b912E4,cotton,72400000000000000000,62542993
,0xad3c60e7bd15290e0dba162caba9d597fef39437f1b158d10cc0c0ee6be68b2a,2024-10-02T13:23:44.000Z,0xAeB73203c0b648F143C1234b0b62906519b98aD5,3403,0xD47A9e3cD588539C6173EE767f314d7Ac8b912E4,pig,3733000000000000000,62542993
,0xad3c60e7bd15290e0dba162caba9d597fef39437f1b158d10cc0c0ee6be68b2a,2024-10-02T13:23:44.000Z,0xAeB73203c0b648F143C1234b0b62906519b98aD5,3403,0xD47A9e3cD588539C6173EE767f314d7Ac8b912E4,wood,12000000000000000000,62542993
,0xad3c60e7bd15290e0dba162caba9d597fef39437f1b158d10cc0c0ee6be68b2a,2024-10-02T13:23:44.000Z,0xAeB73203c0b648F143C1234b0b62906519b98aD5,3403,0xD47A9e3cD588539C6173EE767f314d7Ac8b912E4,grain,8400000000000000000,62542993
,0xad3c60e7bd15290e0dba162caba9d597fef39437f1b158d10cc0c0ee6be68b2a,2024-10-02T13:23:44.000Z,0xAeB73203c0b648F143C1234b0b62906519b98aD5,74,0xD47A9e3cD588539C6173EE767f314d7Ac8b912E4,coconut,148000000000000000000,62542993
,0xad3c60e7bd15290e0dba162caba9d597fef39437f1b158d10cc0c0ee6be68b2a,2024-10-02T13:23:44.000Z,0xAeB73203c0b648F143C1234b0b62906519b98aD5,74,0xD47A9e3cD588539C6173EE767f314d7Ac8b912E4,citrus,98000000000000000000,62542993
,0xad3c60e7bd15290e0dba162caba9d597fef39437f1b158d10cc0c0ee6be68b2a,2024-10-02T13:23:44.000Z,0xAeB73203c0b648F143C1234b0b62906519b98aD5,74,0xD47A9e3cD588539C6173EE767f314d7Ac8b912E4,fish,99500000000000000000,62542993
,0x8105adfa71e7ec3b2344a8c266379738835194abce6f351caa2474d1dbf85935,2024-10-02T13:24:56.000Z,0xAeB73203c0b648F143C1234b0b62906519b98aD5,3456,0xD47A9e3cD588539C6173EE767f314d7Ac8b912E4,fish,98000000000000000000,62543027
,0x8105adfa71e7ec3b2344a8c266379738835194abce6f351caa2474d1dbf85935,2024-10-02T13:24:56.000Z,0xAeB73203c0b648F143C1234b0b62906519b98aD5,1165,0xD47A9e3cD588539C6173EE767f314d7Ac8b912E4,coconut,32000000000000000000,62543027
,0x8105adfa71e7ec3b2344a8c266379738835194abce6f351caa2474d1dbf85935,2024-10-02T13:24:56.000Z,0xAeB73203c0b648F143C1234b0b62906519b98aD5,1165,0xD47A9e3cD588539C6173EE767f314d7Ac8b912E4,fish,25000000000000000000,62543027
,0x8105adfa71e7ec3b2344a8c266379738835194abce6f351caa2474d1dbf85935,2024-10-02T13:24:56.000Z,0xAeB73203c0b648F143C1234b0b62906519b98aD5,1165,0xD47A9e3cD588539C6173EE767f314d7Ac8b912E4,sugarcane,2666000000000000000,62543027
,0x8105adfa71e7ec3b2344a8c266379738835194abce6f351caa2474d1dbf85935,2024-10-02T13:24:56.000Z,0xAeB73203c0b648F143C1234b0b62906519b98aD5,3346,0xD47A9e3cD588539C6173EE767f314d7Ac8b912E4,coconut,276999000000000000000,62543027
,0x8105adfa71e7ec3b2344a8c266379738835194abce6f351caa2474d1dbf85935,2024-10-02T13:24:56.000Z,0xAeB73203c0b648F143C1234b0b62906519b98aD5,3346,0xD47A9e3cD588539C6173EE767f314d7Ac8b912E4,citrus,56000000000000000000,62543027
,0x8105adfa71e7ec3b2344a8c266379738835194abce6f351caa2474d1dbf85935,2024-10-02T13:24:56.000Z,0xAeB73203c0b648F143C1234b0b62906519b98aD5,3346,0xD47A9e3cD588539C6173EE767f314d7Ac8b912E4,fish,278000000000000000000,62543027
,0x8105adfa71e7ec3b2344a8c266379738835194abce6f351caa2474d1dbf85935,2024-10-02T13:24:56.000Z,0xAeB73203c0b648F143C1234b0b62906519b98aD5,3346,0xD47A9e3cD588539C6173EE767f314d7Ac8b912E4,tobacco,39199000000000000000,62543027
,0x8105adfa71e7ec3b2344a8c266379738835194abce6f351caa2474d1dbf85935,2024-10-02T13:24:56.000Z,0xAeB73203c0b648F143C1234b0b62906519b98aD5,3346,0xD47A9e3cD588539C6173EE767f314d7Ac8b912E4,pig,31398999999999999995,62543027
,0x8105adfa71e7ec3b2344a8c266379738835194abce6f351caa2474d1dbf85935,2024-10-02T13:24:56.000Z,0xAeB73203c0b648F143C1234b0b62906519b98aD5,3346,0xD47A9e3cD588539C6173EE767f314d7Ac8b912E4,grain,22400000000000000000,62543027
,0x8105adfa71e7ec3b2344a8c266379738835194abce6f351caa2474d1dbf85935,2024-10-02T13:24:56.000Z,0xAeB73203c0b648F143C1234b0b62906519b98aD5,3278,0xD47A9e3cD588539C6173EE767f314d7Ac8b912E4,coconut,394000000000000000000,62543027
,0x8105adfa71e7ec3b2344a8c266379738835194abce6f351caa2474d1dbf85935,2024-10-02T13:24:56.000Z,0xAeB73203c0b648F143C1234b0b62906519b98aD5,3278,0xD47A9e3cD588539C6173EE767f314d7Ac8b912E4,citrus,389000000000000000000,62543027
,0x8105adfa71e7ec3b2344a8c266379738835194abce6f351caa2474d1dbf85935,2024-10-02T13:24:56.000Z,0xAeB73203c0b648F143C1234b0b62906519b98aD5,3278,0xD47A9e3cD588539C6173EE767f314d7Ac8b912E4,fish,662500000000000000000,62543027
,0x8105adfa71e7ec3b2344a8c266379738835194abce6f351caa2474d1dbf85935,2024-10-02T13:24:56.000Z,0xAeB73203c0b648F143C1234b0b62906519b98aD5,3278,0xD47A9e3cD588539C6173EE767f314d7Ac8b912E4,tobacco,295500000000000000000,62543027
,0x8105adfa71e7ec3b2344a8c266379738835194abce6f351caa2474d1dbf85935,2024-10-02T13:24:56.000Z,0xAeB73203c0b648F143C1234b0b62906519b98aD5,3278,0xD47A9e3cD588539C6173EE767f314d7Ac8b912E4,cotton,522800000000000000000,62543027
,0x8105adfa71e7ec3b2344a8c266379738835194abce6f351caa2474d1dbf85935,2024-10-02T13:24:56.000Z,0xAeB73203c0b648F143C1234b0b62906519b98aD5,3278,0xD47A9e3cD588539C6173EE767f314d7Ac8b912E4,wood,10500000000000000000,62543027
,0x8105adfa71e7ec3b2344a8c266379738835194abce6f351caa2474d1dbf85935,2024-10-02T13:24:56.000Z,0xAeB73203c0b648F143C1234b0b62906519b98aD5,3278,0xD47A9e3cD588539C6173EE767f314d7Ac8b912E4,grain,63800000000000000000,62543027
,0x8105adfa71e7ec3b2344a8c266379738835194abce6f351caa2474d1dbf85935,2024-10-02T13:24:56.000Z,0xAeB73203c0b648F143C1234b0b62906519b98aD5,3278,0xD47A9e3cD588539C6173EE767f314d7Ac8b912E4,planks,22500000000000000000,62543027
,0x8105adfa71e7ec3b2344a8c266379738835194abce6f351caa2474d1dbf85935,2024-10-02T13:24:56.000Z,0xAeB73203c0b648F143C1234b0b62906519b98aD5,8438,0xD47A9e3cD588539C6173EE767f314d7Ac8b912E4,tobacco,50000000000000000000,62543027
,0x8105adfa71e7ec3b2344a8c266379738835194abce6f351caa2474d1dbf85935,2024-10-02T13:24:56.000Z,0xAeB73203c0b648F143C1234b0b62906519b98aD5,8456,0xD47A9e3cD588539C6173EE767f314d7Ac8b912E4,tobacco,48000000000000000000,62543027
,0x8105adfa71e7ec3b2344a8c266379738835194abce6f351caa2474d1dbf85935,2024-10-02T13:24:56.000Z,0xAeB73203c0b648F143C1234b0b62906519b98aD5,8374,0xD47A9e3cD588539C6173EE767f314d7Ac8b912E4,coconut,30000000000000000000,62543027
,0x8105adfa71e7ec3b2344a8c266379738835194abce6f351caa2474d1dbf85935,2024-10-02T13:24:56.000Z,0xAeB73203c0b648F143C1234b0b62906519b98aD5,8374,0xD47A9e3cD588539C6173EE767f314d7Ac8b912E4,wood,16800000000000000000,62543027
,0x8105adfa71e7ec3b2344a8c266379738835194abce6f351caa2474d1dbf85935,2024-10-02T13:24:56.000Z,0xAeB73203c0b648F143C1234b0b62906519b98aD5,8450,0xD47A9e3cD588539C6173EE767f314d7Ac8b912E4,cotton,44800000000000000000,62543027
,0x8105adfa71e7ec3b2344a8c266379738835194abce6f351caa2474d1dbf85935,2024-10-02T13:24:56.000Z,0xAeB73203c0b648F143C1234b0b62906519b98aD5,2274,0xD47A9e3cD588539C6173EE767f314d7Ac8b912E4,fish,49500000000000000000,62543027
,0x8105adfa71e7ec3b2344a8c266379738835194abce6f351caa2474d1dbf85935,2024-10-02T13:24:56.000Z,0xAeB73203c0b648F143C1234b0b62906519b98aD5,2219,0xD47A9e3cD588539C6173EE767f314d7Ac8b912E4,coconut,135000000000000000000,62543027
,0x8105adfa71e7ec3b2344a8c266379738835194abce6f351caa2474d1dbf85935,2024-10-02T13:24:56.000Z,0xAeB73203c0b648F143C1234b0b62906519b98aD5,2219,0xD47A9e3cD588539C6173EE767f314d7Ac8b912E4,citrus,412500000000000000000,62543027
,0x8105adfa71e7ec3b2344a8c266379738835194abce6f351caa2474d1dbf85935,2024-10-02T13:24:56.000Z,0xAeB73203c0b648F143C1234b0b62906519b98aD5,2219,0xD47A9e3cD588539C6173EE767f314d7Ac8b912E4,fish,196000000000000000000,62543027
,0x8105adfa71e7ec3b2344a8c266379738835194abce6f351caa2474d1dbf85935,2024-10-02T13:24:56.000Z,0xAeB73203c0b648F143C1234b0b62906519b98aD5,2219,0xD47A9e3cD588539C6173EE767f314d7Ac8b912E4,tobacco,6666000000000000000,62543027
,0x8105adfa71e7ec3b2344a8c266379738835194abce6f351caa2474d1dbf85935,2024-10-02T13:24:56.000Z,0xAeB73203c0b648F143C1234b0b62906519b98aD5,2219,0xD47A9e3cD588539C6173EE767f314d7Ac8b912E4,cotton,127000000000000000000,62543027
,0x8105adfa71e7ec3b2344a8c266379738835194abce6f351caa2474d1dbf85935,2024-10-02T13:24:56.000Z,0xAeB73203c0b648F143C1234b0b62906519b98aD5,2219,0xD47A9e3cD588539C6173EE767f314d7Ac8b912E4,pig,3333300000000000000,62543027
,0x8105adfa71e7ec3b2344a8c266379738835194abce6f351caa2474d1dbf85935,2024-10-02T13:24:56.000Z,0xAeB73203c0b648F143C1234b0b62906519b98aD5,2219,0xD47A9e3cD588539C6173EE767f314d7Ac8b912E4,grain,500000000000000000,62543027
,0x8105adfa71e7ec3b2344a8c266379738835194abce6f351caa2474d1dbf85935,2024-10-02T13:24:56.000Z,0xAeB73203c0b648F143C1234b0b62906519b98aD5,1006,0xD47A9e3cD588539C6173EE767f314d7Ac8b912E4,sugarcane,4500000000000000000,62543027
,0x8105adfa71e7ec3b2344a8c266379738835194abce6f351caa2474d1dbf85935,2024-10-02T13:24:56.000Z,0xAeB73203c0b648F143C1234b0b62906519b98aD5,1006,0xD47A9e3cD588539C6173EE767f314d7Ac8b912E4,grain,37800000000000000000,62543027
