TokenID,coconut,citrus,fish,tobacco,cotton,pig,wood,sugarcane,grain,meat,coconut liquor,crate-packed citrus,crate-packed coconuts,barrel-packed fish,barrel-packed meat,bags,bag-packed tobacco,bag-packed grain,bag-packed cotton,bag-packed sugarcane,clay,bricks,planks,crates,barrels,wild game,stone
1,4,4,5,0.8667,2,0.3333,0.2,0.1667,0.25,0.4,3.3333,9,9,3,3,0.4,2.6667,2.6667,2.6667,2.6667,0.1,4,0,0,0,0,0
2,4,4,3.5,0.6667,1.2,0.2,0.1667,0,0,0,1,5,5,1.6667,1.6667,0.2,2,2,2,2,0,2,0,0,0,0,0
3,3,3,1.5,0.6667,1.2,0.2,0.2333,0,0,0,1.3333,6,6,2,2,0.3,2.3333,2.3333,2.3333,2.3333,0,3,0,0,0,0,0
4,3.75,3.75,1.5,0.6,0.8,0.1333,0.2167,0,0,0,2.25,5.75,5.75,1.9167,1.9167,0.375,1.5833,1.5833,1.5833,1.5833,0,3.75,0,0,0,0.95,0
5,0.5,0.5,1.5,0.5333,0.4,0.0667,0.1667,0,0,0,0.8333,1.5,1.5,0.5,0.5,0.05,1.5,1.5,1.5,1.5,0,0.5,0,0,0,0,0
6,2,2,1.5,1.0667,1.05,0.2,0.1333,0.3,0.45,0,1,4,4,1.3333,1.3333,0.2,1.3333,2.6667,1.3333,1.3333,0.25,4,0,0,0,0,0
7,2.25,2.25,4,0.8333,2.2,0.3667,0.1833,0,0,0,1.75,7.75,7.75,2.5833,2.5833,0.225,2.9167,2.9167,2.9167,2.9167,0,2.25,0,0,0,0,0
8,4,4,3,0.6,0.8,0.1333,0.1,0,0,0,1.6667,4,4,1.3333,1.3333,0.2,1,1,1,1,0,2,0,0,0,0,0
9,0.25,0.25,1.5,0.5333,0.4,0.0667,0.15,0,0,0,1.0833,1.25,1.25,0.4167,0.4167,0.025,1.4167,1.4167,1.4167,1.4167,0,0.25,0,0,0,0,0
10,2.25,2.25,3,0.7,1.4,0.2333,0.15,0,0,0,2.4167,5.75,5.75,1.9167,1.9167,0.225,1.9167,1.9167,1.9167,1.9167,0,2.25,0,0,0,0,0
11,0,0,1.5,0.6667,0.4,0.0667,0.1333,0.0667,0.1,0,0.6667,1,1,0.3333,0.3333,0,1.3333,1.3333,1.3333,1.3333,0,0,0,0,0,0,0
12,3,3,1.5,0.6,0.8,0.1333,0.1667,0,0,0,2.3333,5,5,1.6667,1.6667,0.3,1.3333,1.3333,1.3333,1.3333,0,3,0,0,0,0,0
13,4.25,4.25,2.5,0.6667,1.2,0.2,0.2167,0,0,0,1.4167,7.25,7.25,2.4167,2.4167,0.425,1.75,1.75,1.75,1.75,0,4.25,0,0,0,0,0
14,5,5,6.5,0.8,2,0.3333,0.1333,0,0,0,1.3333,8,8,2.6667,2.6667,0.3,2,2,2,2,0,3,0,0,0,0,0
15,0,0,1.5,0.6,0.4,0.0667,0.1333,0.0333,0.05,0.5,0.6667,1,1,0.3333,0.3333,0,8,1.3333,2.6667,1.3333,0.1,0,0,0,0,0,0
16,3,3,1.5,0.6667,1.2,0.2,0.2333,0,0,0,1.3333,6,6,2,2,0.3,2.3333,2.3333,2.3333,2.3333,0,3,0,0,0,0.8,0
17,4.25,4.25,3.5,0.6,0.8,0.1333,0.15,0,0,0,1.0833,4.25,4.25,1.4167,1.4167,0.225,1.4167,1.4167,1.4167,1.4167,0,2.25,0,0,0,0,0
18,2,2,3,1.2,1.6,0.2,0.1,0,0,0,1.6667,5,5,1.6667,1.6667,0.2,1.3333,1.3333,1.3333,1.3333,0.15,4,0,0,0,0,0
19,3,3,3.5,0.7333,1.6,0.2667,0.1333,0,0,0,1.6667,7,7,2.3333,2.3333,0.3,1.6667,1.6667,1.6667,1.6667,0,3,0,0,0,0,0
20,1.5,1.5,2.5,0.5333,0.4,0.0667,0.2333,0,0,0,1.1667,1.5,1.5,0.5,0.5,0.05,1.8333,1.8333,1.8333,1.8333,0,0.5,0,0,0,0,0
21,4,4,2,0.6667,0.8,0.1333,0.1667,0.0667,0.1,0.7,1.6667,5,5,1.6667,1.6667,0.3,8,1.3333,2.6667,1.3333,0.1,3,0,0,0,1.2,0
22,0,0,1.5,0.5333,0.4,0.0667,0.1333,0,0,0,0.6667,1,1,0.3333,0.3333,0,1.3333,1.3333,1.3333,1.3333,0,0,0,0,0,0,0
23,0.75,0.75,1.5,0.6,0.4,0.0667,0.1833,0.0333,0.05,0.575,0.9167,1.75,1.75,0.5833,0.5833,0.075,9.5,1.5833,3.1667,1.5833,0.1187,0.75,0,0,0,0,0
24,2.5,2.5,3.5,0.8333,1.5,0.2333,0.1,0,0,0,2.1667,6,6,2,2,0.25,1.6667,1.6667,1.6667,1.6667,0.0875,2.5,0,0,0,0,0.2375
25,4,4,5,0.7,1.4,0.2333,0.1333,0,0,0,1.3333,5.5,5.5,1.8333,1.8333,0.2,1.8333,1.8333,1.8333,1.8333,0,2,0,0,0,0,0
26,2,2,1,0.6,0.8,0.1333,0.1,0,0,0,2.3333,4,4,1.3333,1.3333,0.2,1,1,1,1,0,2,0,0,0,0,0
27,4.25,4.25,2.5,0.6,0.8,0.1333,0.2167,0,0,0,1.75,5.25,5.25,1.75,1.75,0.325,1.75,1.75,1.75,1.75,0,3.25,0,0,0,1.15,0
28,3,3,4.5,0.9,1.4,0.2333,0.3,0.3,0.45,0,3.3333,6.5,6.5,2.1667,2.1667,0.3,1.1667,1.1667,1.1667,2.3333,0,3,0,0,0,0,0
29,4,4,2.5,0.6,0.8,0.1333,0.1667,0,0,0,2.3333,5,5,1.6667,1.6667,0.3,1.3333,1.3333,1.3333,1.3333,0,3,0,0,0,0,0
30,3,3,1,0.6667,0.8,0.1333,0.1667,0.0667,0.1,0.7,1.6667,5,5,1.6667,1.6667,0.3,8,1.3333,2.6667,1.3333,0.075,3,0,0,0,0,0
31,2.75,2.75,1.5,0.6667,1.2,0.2,0.2167,0,0,0,1.5833,5.75,5.75,1.9167,1.9167,0.275,2.25,2.25,2.25,2.25,0,2.75,0,0,0,0,0
32,3.25,3.25,5,0.8,2,0.3333,0.1833,0,0,0,2.4167,8.25,8.25,2.75,2.75,0.325,2.4167,2.4167,2.4167,2.4167,0,3.25,0,0,0,0,0
33,2.25,2.25,1.5,0.6667,1.2,0.2,0.1833,0,0,0,1.4167,5.25,5.25,1.75,1.75,0.225,2.0833,2.0833,2.0833,2.0833,0,2.25,0,0,0,0,0
34,4.25,4.25,8.5,1.0333,2.7,0.4333,0.0833,0,0,0,2.4167,9.75,9.75,3.25,3.25,0.325,2.25,2.25,2.25,2.25,0.0813,3.25,0,0,0,0,0.2313
35,4.5,4.5,3,0.7333,0.8,0.1333,0.1333,0.1333,0.2,0,1.5,4.5,4.5,1.5,1.5,0.25,1.1667,1.1667,1.1667,1.1667,0,2.5,0,0,0,0,0
36,5.5,5.5,5,0.7,1.4,0.2333,0.2333,0,0,0,2.1667,7,7,2.3333,2.3333,0.35,2.3333,2.3333,2.3333,2.3333,0,3.5,0,0,0,0,0
37,2.5,2.5,4,0.9,1.8,0.3,0.1667,0.2667,0.4,0,1.8333,7,7,2.3333,2.3333,0.25,2.3333,2.3333,2.3333,2.3333,0,2.5,0,0,0,2,0
38,3.25,3.25,2.5,0.6,0.8,0.1333,0.15,0,0,0,1.0833,4.25,4.25,1.4167,1.4167,0.225,1.4167,1.4167,1.4167,1.4167,0,2.25,0,0,0,0,0
39,4.25,4.25,4,0.9333,1.6,0.2667,0.525,0.4,0.6,0,2.4167,8.25,8.25,2.75,2.75,0.425,2.4167,2.4167,2.4167,4.8333,0,4.25,0,0,0,0,0
40,2.25,2.25,2,0.6,0.8,0.1333,0.0833,0,0,0,3.75,4.25,4.25,1.4167,1.4167,0.225,1.0833,1.0833,1.0833,1.0833,0,2.25,0,0,0,1.25,0
41,4.25,4.25,3.5,0.6667,1.2,0.2,0.15,0,0,0,1.0833,6.25,6.25,2.0833,2.0833,0.325,1.4167,1.4167,1.4167,1.4167,0,3.25,0,0,0,0.95,0
42,3.25,3.25,4,0.7667,1.8,0.3,0.15,0,0,0,1.4167,7.75,7.75,2.5833,2.5833,0.325,1.9167,1.9167,1.9167,1.9167,0,3.25,0,0,0,0,0
43,4.75,4.75,4.5,0.7667,1.1,0.4333,0.15,0,0,0,1.5833,5.25,5.25,1.75,1.75,0.275,1.4167,2.8333,1.4167,2.8333,0,2.75,0,0,0,0,0
44,3.75,3.75,1.5,0.6,0.8,0.1333,0.2167,0,0,0,2.25,5.75,5.75,1.9167,1.9167,0.375,1.5833,1.5833,1.5833,1.5833,0,3.75,0,0,0,0,0
45,2,2,1,0.6,0.8,0.1333,1.1,0,0,1.1,1.3333,4,4,1.3333,1.3333,0.2,1,1,1,1,0,2,0.3,0.2222,0.1,1,0
46,3.75,3.75,2.5,0.6,0.8,0.1333,0.1833,0,0,0,2.25,4.75,4.75,1.5833,1.5833,0.275,1.5833,1.5833,1.5833,1.5833,0,2.75,0,0.9167,0.675,0,0.1437
47,3.5,3.5,3.5,0.8333,1.5,0.2333,0.2,0,0,0,2.1667,7,7,2.3333,2.3333,0.35,2,2,2,2,0.1125,3.5,0,0,0,0,0.2625
48,4,4,1.5,0.6,0.8,0.1333,0.2333,0,0,0,2.3333,6,6,2,2,0.4,1.6667,1.6667,1.6667,1.6667,0,4,0,0,0,0,0
49,2.25,2.25,1,0.6,0.8,0.1333,0.1167,0,0,0,2.4167,4.25,4.25,1.4167,1.4167,0.225,1.0833,1.0833,1.0833,1.0833,0,2.25,0,0,0,0,0
50,3,3,5,0.7667,1.8,0.3,0.1333,0,0,0,2.3333,6.5,6.5,2.1667,2.1667,0.2,2.1667,2.1667,2.1667,2.1667,0,2,0,0,0,0,0
51,4.5,4.5,3.5,0.7667,1.4,0.2333,0.75,0.1,0.15,1.05,1.5,7,7,2.3333,2.3333,0.35,2,2,2,2,0.1125,3.5,0.6,0.3889,0.1125,0,0
52,3,3,1.5,0.6667,1.2,0.2,0.3,0,0,0,1.3333,6,6,2,2,0.3,2.6667,2.6667,2.6667,2.6667,0,3,0,0,0,0,0
53,2.5,2.5,2,0.8667,1.2,0.2,0.35,0.3,0.45,0,1.1667,5.5,5.5,1.8333,1.8333,0.25,1.5,1.5,1.5,3,0,2.5,0,0.8333,0.35,0,0.0875
54,0,0,1.5,0.6667,0.4,0.0667,0.1333,0.0667,0.1,0,1,1,1,0.3333,0.3333,0,1.3333,1.3333,1.3333,1.3333,0,0,0,0,0,0,0
55,4.75,4.75,5.5,0.9,1.9,0.5667,0.15,0,0,0,2.25,7.25,7.25,2.4167,2.4167,0.275,2.0833,4.1667,2.0833,4.1667,0,2.75,0,0,0,0,0
56,2.25,2.25,1.5,0.6667,1.2,0.2,0.1833,0,0,0,1.0833,5.25,5.25,1.75,1.75,0.225,2.0833,2.0833,2.0833,2.0833,0,2.25,0,0,0,0,0
57,2.75,2.75,2.5,0.7667,1,0.1667,0.15,0.1333,0.2,0,1.9167,5.25,5.25,1.75,1.75,0.275,1.4167,1.4167,1.4167,1.4167,0,2.75,0,0,0,0,0
58,3.5,3.5,3.5,0.7333,1.2,0.2,0.45,0.1,0.15,0.75,1.5,5.5,5.5,1.8333,1.8333,0.25,1.8333,1.8333,1.8333,1.8333,0.1125,2.5,0.5,0.2778,0.1125,0,0
59,6.25,6.25,4.5,0.6333,1,0.1667,0.25,0,0,0,3.0833,6.75,6.75,2.25,2.25,0.425,1.9167,1.9167,1.9167,1.9167,0,4.25,0,0,0,0,0
60,3.25,3.25,2,0.6,0.8,0.1333,0.1167,0,0,0,1.4167,4.25,4.25,1.4167,1.4167,0.225,1.0833,1.0833,1.0833,1.0833,0,2.25,0,0,0,0,0
61,3.5,3.5,4.5,0.8,2,0.3333,0.2667,0,0,0,2.5,8.5,8.5,2.8333,2.8333,0.35,2.8333,2.8333,2.8333,2.8333,0,3.5,0,0,0,0.8,0
62,3,3,4.5,0.9,2.2,0.3667,0.2,0.1667,0.25,0.6,1.6667,8.5,8.5,2.8333,2.8333,0.3,15,2.5,5,2.5,0.075,3,0,0,0,0,0
63,2.25,2.25,2.5,0.7333,1.6,0.2667,0.1833,0,0,0,1.0833,6.25,6.25,2.0833,2.0833,0.225,2.4167,2.4167,2.4167,2.4167,0,2.25,0,0,0,0,0
64,3,3,4.5,0.7667,1.8,0.3,0.1667,0,0,0,2.3333,7.5,7.5,2.5,2.5,0.3,2.1667,2.1667,2.1667,2.1667,0,3,0,0,0,1.3,0
65,5,5,4.5,0.6667,1.2,0.2,0.1333,0,0,0,1,6,6,2,2,0.3,1.3333,1.3333,1.3333,1.3333,0,3,0,0,0,0,0
66,2,2,1,0.6,0.8,0.1333,0.1,0,0,0,3,4,4,1.3333,1.3333,0.2,1,1,1,1,0,2,0,0,0,0,0
67,2.25,2.25,1,0.6,0.8,0.1333,0.1167,0,0,0,2.0833,4.25,4.25,1.4167,1.4167,0.225,1.0833,1.0833,1.0833,1.0833,0,2.25,0,0,0,0,0
68,2.25,2.25,3.5,0.7667,1.4,0.2333,0.0833,0.1,0.15,0.225,2.4167,5.75,5.75,1.9167,1.9167,0.225,1.5833,1.5833,1.5833,1.5833,0.0563,2.25,0,0,0,0,0
69,2,2,3.5,0.5333,0.4,0.0667,0.1333,0,0,0,1.3333,1,1,0.3333,0.3333,0,1.3333,1.3333,1.3333,1.3333,0,0,0,0,0,0,0
70,2.25,2.25,1.5,0.6667,1.2,0.2,0.1833,0,0,0,1.0833,5.25,5.25,1.75,1.75,0.225,2.0833,2.0833,2.0833,2.0833,0,2.25,0,0,0,0,0
71,5.75,5.75,5.5,1,1.45,0.2667,1.075,0,0,1.075,1.25,5.75,5.75,1.9167,1.9167,0.275,1.9167,3.8333,1.9167,1.9167,0.3438,4.75,0.55,0.3056,0.0938,1.35,0
72,5.25,5.25,5.5,0.7333,1.6,0.2667,1.125,0,0,1.125,1.0833,6.25,6.25,2.0833,2.0833,0.225,2.4167,2.4167,2.4167,2.4167,0,2.25,0.55,0.25,0.0813,0,0
73,3.25,3.25,3,0.8,1.3,0.2,0.1833,0,0,0,1.75,6.25,6.25,2.0833,2.0833,0.325,1.75,1.75,1.75,1.75,0.1062,3.25,0,0,0,0,0.2562
74,2.25,2.25,1,0.6,0.8,0.1333,0.1167,0,0,0,1.4167,4.25,4.25,1.4167,1.4167,0.225,1.0833,1.0833,1.0833,1.0833,0,2.25,0,0,0,0,0
75,3,3,3.5,0.8667,1.6,0.2667,0.2,0.2667,0.4,0,1,7,7,2.3333,2.3333,0.3,2,2,2,2,0,3,0,0,0,0,0
76,7.25,7.25,7.5,0.7333,1.6,0.2667,0.1833,0,0,0,2.0833,7.25,7.25,2.4167,2.4167,0.325,2.0833,2.0833,2.0833,2.0833,0,3.25,0,0,0,0,0
77,2,2,1,0.6,0.8,0.1333,0.1,0,0,0,1.3333,4,4,1.3333,1.3333,0.2,1,1,1,1,0,2,0,0,0,0,0
78,3,3,3.5,1.1,2.05,0.3667,0.1667,0,0,0,2.3333,7.5,7.5,2.5,2.5,0.3,2.1667,4.3333,2.1667,2.1667,0.25,5,0,0,0,1.2,0
79,3.75,3.75,4,0.7667,1.8,0.3,0.2167,0,0,0,1.5833,7.25,7.25,2.4167,2.4167,0.275,2.75,2.75,2.75,2.75,0,2.75,0,0,0,0,0
80,2.75,2.75,5,0.8667,2.4,0.4,1.075,0,0,1.075,1.9167,8.75,8.75,2.9167,2.9167,0.275,2.5833,2.5833,2.5833,2.5833,0,2.75,0.45,0.3056,0.1437,0,0
81,6.75,6.75,6,0.6667,1.2,0.2,0.1833,0,0,0,2.25,6.75,6.75,2.25,2.25,0.375,1.9167,1.9167,1.9167,1.9167,0,3.75,0,0,0,1.55,0
82,4.75,4.75,3.5,1.1667,1.4,0.1667,0.2167,0,0,0,2.25,6.25,6.25,2.0833,2.0833,0.375,1.75,1.75,1.75,1.75,0.2188,5.75,0,0,0,0,0
83,0.75,0.75,1.5,0.5333,0.4,0.0667,0.1833,0,0,0,0.9167,1.75,1.75,0.5833,0.5833,0.075,1.5833,1.5833,1.5833,1.5833,0,0.75,0,0,0,1.05,0
84,4,4,2.5,0.6667,0.8,0.1333,0.1667,0.0667,0.1,0.4,2,5,5,1.6667,1.6667,0.3,8,1.3333,2.6667,1.3333,0.1,3,0,0,0,0,0
85,4.25,4.25,3.5,0.7667,1,0.1667,0.1833,0.1333,0.2,0,1.75,5.75,5.75,1.9167,1.9167,0.325,1.5833,1.5833,1.5833,1.5833,0,3.25,0,0,0,0,0
86,2,2,1.5,0.6667,1.2,0.2,0.1667,0,0,0,1,5,5,1.6667,1.6667,0.2,2,2,2,2,0,2,0,0,0,0,0
87,4,4,3.5,0.9667,1.25,0.2333,0.1333,0,0,0,1.6667,6.5,6.5,2.1667,2.1667,0.4,1.1667,2.3333,1.1667,1.1667,0.225,6,0,0,0,0,0
88,3.5,3.5,2.5,0.6667,1.2,0.2,0.1667,0,0,0,1.8333,6.5,6.5,2.1667,2.1667,0.35,1.5,1.5,1.5,1.5,0,3.5,0,0,0,0,0
89,3,3,2.5,0.6,0.8,0.1333,0.1333,0,0,0,1,4,4,1.3333,1.3333,0.2,1.3333,1.3333,1.3333,1.3333,0,2,0,0,0,0,0
90,0.25,0.25,3,0.6333,1,0.1667,0.15,0,0,0,1.0833,2.75,2.75,0.9167,0.9167,0.025,1.9167,1.9167,1.9167,1.9167,0,0.25,0,0,0,0,0
91,5.25,5.25,4,1.1333,0.8,0.1333,0.1833,0.5333,0.8,0,2.0833,5.25,5.25,1.75,1.75,0.325,1.4167,1.4167,1.4167,1.4167,0,3.25,0,1.0833,0.625,0,0.1563
92,4.75,4.75,3.5,0.6,0.8,0.1333,0.1833,0,0,0,1.5833,4.75,4.75,1.5833,1.5833,0.275,1.5833,1.5833,1.5833,1.5833,0,2.75,0,0,0,0,0
93,0.75,0.75,1.5,0.5333,0.4,0.0667,0.1833,0,0,0,1.25,1.75,1.75,0.5833,0.5833,0.075,1.5833,1.5833,1.5833,1.5833,0,0.75,0,0,0,0,0
94,2.5,2.5,3.5,0.8,1.6,0.2667,0.45,0.1333,0.2,0.95,1.5,6.5,6.5,2.1667,2.1667,0.25,2.1667,2.1667,2.1667,2.1667,0.0875,2.5,0.5,0.2778,0.1125,0,0
95,2.25,2.25,3,0.8,1.6,0.2667,0.15,0.1333,0.2,0.325,2.0833,6.25,6.25,2.0833,2.0833,0.225,1.75,1.75,1.75,1.75,0.0563,2.25,0,0,0,1.65,0
96,4.25,4.25,2.5,0.6,0.8,0.1333,0.1833,0,0,0,2.0833,5.25,5.25,1.75,1.75,0.325,1.4167,1.4167,1.4167,1.4167,0,3.25,0,0,0,1.15,0
97,4.5,4.5,5,0.9,1.8,0.3,0.2,0.2667,0.4,0,1.5,7,7,2.3333,2.3333,0.25,2.6667,2.6667,2.6667,2.6667,0,2.5,0,0,0,0,0
98,2.5,2.5,1.5,0.6667,1.2,0.2,0.2,0,0,0,1.1667,5.5,5.5,1.8333,1.8333,0.25,2.1667,2.1667,2.1667,2.1667,0,2.5,0,0,0,0.7,0
99,2.75,2.75,3,0.8,1.3,0.2,0.15,0,0,0,1.5833,5.75,5.75,1.9167,1.9167,0.275,1.5833,1.5833,1.5833,1.5833,0.0938,2.75,0,0,0,0,0.2437
100,2.25,2.25,1.5,0.6,0.8,0.1333,0.15,0,0,0,1.0833,4.25,4.25,1.4167,1.4167,0.225,1.4167,1.4167,1.4167,1.4167,0,2.25,0,0,0,0,0
101,2,2,5,0.8333,2.2,0.3667,0.8,0,0,0.8,2,7.5,7.5,2.5,2.5,0.2,2.5,2.5,2.5,2.5,0,2,0.4,0.2222,0.15,0,0
102,2,2,1.5,0.7333,0.8,0.1333,0.1333,0.1333,0.2,0,1,4,4,1.3333,1.3333,0.2,1.3333,1.3333,1.3333,1.3333,0,2,0,0,0,0,0
103,4.5,4.5,5,0.9333,1.6,0.2667,0.35,0.4,0.6,0,1.1667,6.5,6.5,2.1667,2.1667,0.25,1.8333,1.8333,1.8333,3.6667,0,2.5,0,0.8333,0.35,0,0.1375
104,4.25,4.25,1.5,0.6,0.8,0.1333,0.25,0,0,0,2.75,6.25,6.25,2.0833,2.0833,0.425,1.75,1.75,1.75,1.75,0,4.25,0,0,0,0,0
105,4.75,4.75,5.5,0.7333,1.6,0.2667,0.1833,0,0,0,1.9167,6.75,6.75,2.25,2.25,0.275,2.25,2.25,2.25,2.25,0,2.75,0,0,0,1.35,0
106,2.75,2.75,3.5,0.5333,0.4,0.0667,0.1833,0,0,0,0.9167,1.75,1.75,0.5833,0.5833,0.075,1.5833,1.5833,1.5833,1.5833,0,0.75,0,0,0,0,0
107,3,3,3.5,1.2,0.5,0.3333,0.2,0.3333,0.5,0,1,2,2,0.6667,0.6667,0.1,1.6667,3.3333,1.6667,3.3333,0,1,0,0,0,0,0
108,2.5,2.5,1,0.6,0.8,0.1333,0.1333,0,0,0,2.5,4.5,4.5,1.5,1.5,0.25,1.1667,1.1667,1.1667,1.1667,0,2.5,0,0,0,0.6,0
109,2.25,2.25,2.5,0.6,0.4,0.0667,0.2833,0.0333,0.05,0.625,1.0833,2.25,2.25,0.75,0.75,0.125,12.5,2.0833,4.1667,2.0833,0.1812,1.25,0,0,0,0,0
110,0.25,0.25,1.5,0.5333,0.4,0.0667,0.15,0,0,0,1.0833,1.25,1.25,0.4167,0.4167,0.025,1.4167,1.4167,1.4167,1.4167,0,0.25,0,0,0,1.55,0
111,6,6,7.5,0.8333,2.2,0.3667,1.1,0,0,1.1,2,8.5,8.5,2.8333,2.8333,0.3,2.5,2.5,2.5,2.5,0,3,0.5,0.3333,0.15,0,0
112,3.5,3.5,1.5,0.6667,0.8,0.1333,0.2,0.0667,0.1,0.45,2.1667,5.5,5.5,1.8333,1.8333,0.35,9,1.5,3,1.5,0.0875,3.5,0,0,0,0,0
113,5.5,5.5,7,0.7333,1.6,0.2667,1.05,0,0,1.05,1.5,6.5,6.5,2.1667,2.1667,0.25,1.8333,1.8333,1.8333,1.8333,0,2.5,0.4,0.2778,0.1125,0,0
114,3.5,3.5,1.5,0.6,0.8,0.1333,0.2,0,0,0,2.5,5.5,5.5,1.8333,1.8333,0.35,1.5,1.5,1.5,1.5,0,3.5,0,0,0,0,0
115,1.25,1.25,2.5,0.5333,0.4,0.0667,0.15,0,0,0,1.4167,1.25,1.25,0.4167,0.4167,0.025,1.4167,1.4167,1.4167,1.4167,0,0.25,0,0,0,0,0
116,3.25,3.25,3.5,0.7667,1.1,0.1667,0.0833,0,0,0,1.75,5.75,5.75,1.9167,1.9167,0.325,0.9167,0.9167,0.9167,0.9167,0.0563,3.25,0,0,0,0,0.2062
117,3,3,2.5,1.1667,1.4,0.1667,0.1667,0,0,0,1.6667,5.5,5.5,1.8333,1.8333,0.3,1.5,1.5,1.5,1.5,0.175,5,0,0,0,0,0
118,4.5,4.5,1.5,0.6,0.8,0.1333,0.2667,0,0,0,2.5,6.5,6.5,2.1667,2.1667,0.45,1.8333,1.8333,1.8333,1.8333,0,4.5,0,0,0,0,0
119,4.25,4.25,2.5,0.7667,1.1,0.1667,0.25,0,0,0,2.4167,6.75,6.75,2.25,2.25,0.425,1.9167,1.9167,1.9167,1.9167,0.1313,4.25,0,0,0,0,0.2813
120,0.75,0.75,1.5,0.5333,0.4,0.0667,0.25,0,0,0,0.9167,1.75,1.75,0.5833,0.5833,0.075,1.9167,1.9167,1.9167,1.9167,0,0.75,0,0,0,0,0
121,2,2,2.5,0.7333,1.6,0.2667,0.2333,0,0,0,1.6667,6,6,2,2,0.2,2.6667,2.6667,2.6667,2.6667,0,2,0,0,0,0,0
122,3.25,3.25,6,0.8,2,0.3333,0.0833,0,0,0,2.4167,8.25,8.25,2.75,2.75,0.325,1.75,1.75,1.75,1.75,0,3.25,0,0,0,1.35,0
123,4.75,4.75,6,0.7333,1.6,0.2667,0.575,0,0,0.775,2.25,6.75,6.75,2.25,2.25,0.275,1.9167,1.9167,1.9167,1.9167,0,2.75,0.45,0.3056,0.1688,0,0
124,4,4,1.5,0.6,0.8,0.1333,0.2333,0,0,0,2.3333,6,6,2,2,0.4,1.6667,1.6667,1.6667,1.6667,0,4,0,0,0,0,0
125,4,4,3,0.6,0.8,0.1333,0.1,0,0,0,2,4,4,1.3333,1.3333,0.2,1,1,1,1,0,2,0,0,0,0,0
126,3.25,3.25,2.5,0.7333,1.2,0.2,0.15,0.1,0.15,0.525,1.0833,6.25,6.25,2.0833,2.0833,0.325,8.5,1.4167,2.8333,1.4167,0.0563,3.25,0,0,0,0,0
127,4,4,2.5,0.6,0.8,0.1333,0.2,0,0,0,1.3333,5,5,1.6667,1.6667,0.3,1.6667,1.6667,1.6667,1.6667,0,3,0,0,0,0,0
128,2.25,2.25,2.5,0.7333,1.6,0.2667,0.1833,0,0,0,1.0833,6.25,6.25,2.0833,2.0833,0.225,2.4167,2.4167,2.4167,2.4167,0,2.25,0,0,0,0,0
129,3,3,1,0.9333,1.05,0.2,0.1667,0,0,0,1.6667,5,5,1.6667,1.6667,0.3,1.3333,2.6667,1.3333,1.3333,0.25,5,0,0,0,0,0
130,3,3,1.5,0.6,0.8,0.1333,0.9,0,0,0.9,2,5,5,1.6667,1.6667,0.3,1.3333,1.3333,1.3333,1.3333,0,3,0.5,0.3333,0.15,0,0
131,5.25,5.25,7,0.7333,1.6,0.2667,0.0833,0,0,0,2.0833,7.25,7.25,2.4167,2.4167,0.325,1.4167,1.4167,1.4167,1.4167,0,3.25,0,0,0,0,0
132,2.75,2.75,1.5,0.7333,1.2,0.2,0.2167,0.1,0.15,0.675,1.25,5.75,5.75,1.9167,1.9167,0.275,13.5,2.25,4.5,2.25,0.1187,2.75,0,0,0,0,0
133,4.5,4.5,4.5,0.6333,1,0.1667,0.1,0,0,0,2.1667,6,6,2,2,0.35,1,1,1,1,0,3.5,0,0,0,0,0
134,3.75,3.75,1.5,0.6,0.8,0.1333,0.2167,0,0,0,2.5833,5.75,5.75,1.9167,1.9167,0.375,1.5833,1.5833,1.5833,1.5833,0,3.75,0,0,0,0,0
135,2.75,2.75,1.5,0.8667,0.9,0.4,0.1833,0.2,0.3,0,1.25,4.75,4.75,1.5833,1.5833,0.275,1.5833,3.1667,1.5833,3.1667,0,2.75,0,0,0,0,0
136,2.75,2.75,2.5,0.7667,1.1,0.1667,0.1167,0,0,0,2.25,5.25,5.25,1.75,1.75,0.275,1.4167,1.4167,1.4167,1.4167,0.0938,2.75,0,0,0,0,0.2437
137,3.75,3.75,2.5,0.7,1.4,0.2333,0.25,0,0,0,1.9167,7.25,7.25,2.4167,2.4167,0.375,2.0833,2.0833,2.0833,2.0833,0,3.75,0,0,0,2.15,0
138,0,0,2.5,0.6,0.8,0.1333,0.1333,0,0,0,0.6667,2,2,0.6667,0.6667,0,1.6667,1.6667,1.6667,1.6667,0,0,0,0,0,0.9,0
139,4.75,4.75,5.5,0.7,1.4,0.2333,0.1167,0,0,0,1.9167,6.25,6.25,2.0833,2.0833,0.275,1.75,1.75,1.75,1.75,0,2.75,0,0,0,0,0
140,3,3,2,0.7333,0.9,0.4,0.1,0,0,0,2,4,4,1.3333,1.3333,0.2,1,2,1,2,0,2,0,0,0,0,0
141,6,6,8.5,0.8333,2.2,0.3667,0.1,0,0,0,2.3333,7.5,7.5,2.5,2.5,0.2,2.1667,2.1667,2.1667,2.1667,0,2,0,0,0,0,0
142,6,6,3.5,0.7667,1.1,0.1667,0.3,0,0,0,2.3333,7.5,7.5,2.5,2.5,0.5,2.1667,2.1667,2.1667,2.1667,0.175,5,0,0,0,0,0.325
143,3.5,3.5,2,0.6,0.8,0.1333,0.2667,0,0,0,2.1667,5.5,5.5,1.8333,1.8333,0.35,1.8333,1.8333,1.8333,1.8333,0,3.5,0,0,0,0,0
144,2.75,2.75,2.5,0.7333,1.2,0.2,0.1833,0.1,0.15,0.175,1.5833,5.75,5.75,1.9167,1.9167,0.275,1.9167,1.9167,1.9167,1.9167,0.0938,2.75,0,0,0,1.45,0
145,2.75,2.75,2.5,1.2333,1.4,0.2333,0.1833,0.8,1.2,0,2.25,6.25,6.25,2.0833,2.0833,0.275,1.75,1.75,1.75,1.75,0,2.75,0,0,0,0,0
146,5.75,5.75,4.5,1.2333,1.8,0.2333,0.25,0,0,0,1.9167,7.25,7.25,2.4167,2.4167,0.375,2.0833,2.0833,2.0833,2.0833,0.2437,5.75,0,0,0,0,0
147,2,2,1.5,0.6,0.8,0.1333,0.1333,0,0,0,1,4,4,1.3333,1.3333,0.2,1.3333,1.3333,1.3333,1.3333,0,2,0,0,0,0,0
148,4.25,4.25,2.5,0.7667,1,0.1667,0.25,0.1333,0.2,0,2.0833,6.75,6.75,2.25,2.25,0.425,1.9167,1.9167,1.9167,1.9167,0,4.25,0,0,0,0,0
149,3.25,3.25,2.5,0.6667,1.2,0.2,0.15,0,0,0,2.0833,6.25,6.25,2.0833,2.0833,0.325,1.4167,1.4167,1.4167,1.4167,0,3.25,0,0,0,0,0
150,2.25,2.25,1.5,0.7333,0.9,0.4,0.15,0,0,0,1.0833,4.25,4.25,1.4167,1.4167,0.225,1.4167,2.8333,1.4167,2.8333,0,2.25,0,0,0,0,0
151,4.75,4.75,5,0.6667,1.2,0.2,0.1167,0,0,0,1.5833,6.75,6.75,2.25,2.25,0.375,1.25,1.25,1.25,1.25,0,3.75,0,0,0,0,0
152,2.25,2.25,2.5,0.6333,1,0.1667,1.025,0,0,1.025,1.4167,4.75,4.75,1.5833,1.5833,0.225,1.25,1.25,1.25,1.25,0,2.25,0.35,0.25,0.1062,0,0
153,3.75,3.75,2,0.6,0.8,0.1333,0.2167,0,0,0,1.9167,5.75,5.75,1.9167,1.9167,0.375,1.5833,1.5833,1.5833,1.5833,0,3.75,0,1.25,0.575,0,0.1187
154,2.25,2.25,1,0.6,0.8,0.1333,1.125,0,0,1.125,1.4167,4.25,4.25,1.4167,1.4167,0.225,1.0833,1.0833,1.0833,1.0833,0,2.25,0.35,0.25,0.1062,1.05,0
155,2.75,2.75,2.5,0.7667,1.1,0.1667,0.15,0,0,0,1.5833,5.25,5.25,1.75,1.75,0.275,1.4167,1.4167,1.4167,1.4167,0.0938,2.75,0,0,0,0,0.2437
156,7.25,7.25,8.5,0.8,2,0.3333,0.2167,0,0,0,1.75,8.25,8.25,2.75,2.75,0.325,2.75,2.75,2.75,2.75,0,3.25,0,0,0,1.75,0
157,2.25,2.25,2.5,0.7667,1.4,0.2333,0.625,0.1,0.15,1.125,1.0833,5.75,5.75,1.9167,1.9167,0.225,1.5833,1.5833,1.5833,1.5833,0.0563,2.25,0.35,0.25,0.0813,0,0
158,2.25,2.25,1.5,0.6,0.8,0.1333,0.15,0,0,0,2.0833,4.25,4.25,1.4167,1.4167,0.225,1.4167,1.4167,1.4167,1.4167,0,2.25,0,0,0,0,0
159,5.25,5.25,4,0.6,0.8,0.1333,0.1833,0,0,0,2.0833,5.25,5.25,1.75,1.75,0.325,1.4167,1.4167,1.4167,1.4167,0,3.25,0,1.0833,0.625,0,0.1563
160,3.25,3.25,2,0.8,0.8,0.1333,0.425,0.2,0.3,0,2.0833,5.25,5.25,1.75,1.75,0.325,1.4167,1.4167,1.4167,2.8333,0,3.25,0,0,0,0,0
161,3.5,3.5,1.5,0.6,0.8,0.1333,0.2,0,0,0,2.1667,5.5,5.5,1.8333,1.8333,0.35,1.5,1.5,1.5,1.5,0,3.5,0,0,0,0,0
162,4.25,4.25,6.5,1.1667,2.45,0.4333,0.15,0,0,0,2.4167,9.75,9.75,3.25,3.25,0.425,2.25,4.5,2.25,2.25,0.2313,6.25,0,0,0,0,0
163,2.75,2.75,1.5,0.8,1.3,0.4667,0.2167,0,0,0,1.25,5.75,5.75,1.9167,1.9167,0.275,2.25,4.5,2.25,4.5,0,2.75,0,0,0,0.95,0
164,3,3,2.5,1.1667,1.4,0.1667,0.1333,0,0,0,2.3333,5.5,5.5,1.8333,1.8333,0.3,1.5,1.5,1.5,1.5,0.175,5,0,0,0,0,0
165,5,5,3.5,0.6,0.8,0.1333,0.2333,0,0,0,2,5,5,1.6667,1.6667,0.3,1.6667,1.6667,1.6667,1.6667,0,3,0,0,0,0,0
166,3.25,3.25,4,0.6667,1.2,0.2,1.025,0,0,1.025,1.4167,5.25,5.25,1.75,1.75,0.225,1.4167,1.4167,1.4167,1.4167,0,2.25,0.35,0.25,0.1062,0,0
167,3.25,3.25,1.5,0.6,0.8,0.1333,0.25,0,0,0,2.4167,5.25,5.25,1.75,1.75,0.325,1.75,1.75,1.75,1.75,0,3.25,0,0,0,0,0
168,2,2,1.5,0.6667,1.2,0.2,0.1667,0,0,0,1,5,5,1.6667,1.6667,0.2,2,2,2,2,0,2,0,0,0,0,0
169,3.75,3.75,4,0.9,1.9,0.5667,0.2167,0,0,0,3.9167,8.25,8.25,2.75,2.75,0.375,2.4167,4.8333,2.4167,4.8333,0,3.75,0,0,0,0,0
170,5.25,5.25,4.5,0.6333,1,0.1667,0.15,0,0,0,2.0833,6.75,6.75,2.25,2.25,0.425,1.25,1.25,1.25,1.25,0,4.25,0,0,0,1.65,0
171,3,3,4.5,0.9667,2.2,0.3667,0.2,0.3333,0.5,0,1.6667,8.5,8.5,2.8333,2.8333,0.3,2.5,2.5,2.5,2.5,0,3,0,0,0,1.6,0
172,3.5,3.5,4,0.7667,1.8,0.3,0.2,0,0,0,2.8333,8,8,2.6667,2.6667,0.35,2.3333,2.3333,2.3333,2.3333,0,3.5,0,0,0,0,0
173,5.25,5.25,3.5,0.6,0.8,0.1333,0.1833,0,0,0,2.0833,5.25,5.25,1.75,1.75,0.325,1.4167,1.4167,1.4167,1.4167,0,3.25,0,0,0,0,0
174,2.5,2.5,1.5,0.6,0.8,0.1333,0.2333,0,0,0,1.1667,4.5,4.5,1.5,1.5,0.25,1.8333,1.8333,1.8333,1.8333,0,2.5,0,0,0,0,0
175,5,5,3.5,0.6667,1.2,0.2,0.2,0,0,0,1.3333,7,7,2.3333,2.3333,0.4,1.6667,1.6667,1.6667,1.6667,0,4,0,0,0,0,0
176,3.25,3.25,1.5,0.6,0.8,0.1333,0.2167,0,0,0,1.75,5.25,5.25,1.75,1.75,0.325,1.75,1.75,1.75,1.75,0,3.25,0,0,0,1.75,0
177,2.25,2.25,4,0.7667,1.8,0.3,0.15,0,0,0,1.75,6.75,6.75,2.25,2.25,0.225,2.25,2.25,2.25,2.25,0,2.25,0,0,0,0,0
178,3.25,3.25,2.5,1.1667,1.4,0.1667,0.1833,0,0,0,1.75,5.75,5.75,1.9167,1.9167,0.325,1.5833,1.5833,1.5833,1.5833,0.1812,5.25,0,0,0,1.25,0
179,3.25,3.25,3.5,0.7667,1.1,0.4333,0.0833,0,0,0,1.4167,5.75,5.75,1.9167,1.9167,0.325,0.9167,1.8333,0.9167,1.8333,0,3.25,0,0,0,0,0
180,3.75,3.75,2.5,0.7333,1.2,0.2,0.2167,0.1,0.15,0.675,1.25,5.75,5.75,1.9167,1.9167,0.275,13.5,2.25,4.5,2.25,0.1437,2.75,0,0,0,0,0
181,2,2,1,1.1333,0.8,0.1333,0.1,0.5333,0.8,0,1.3333,4,4,1.3333,1.3333,0.2,1,1,1,1,0,2,0,0,0,0,0
182,3.25,3.25,2.5,0.6667,1.2,0.2,1.125,0,0,1.125,1.4167,5.25,5.25,1.75,1.75,0.225,2.0833,2.0833,2.0833,2.0833,0,2.25,0.55,0.25,0.1062,0,0
183,2.5,2.5,1,1.1333,0.8,0.1333,0.1333,0.5333,0.8,0,1.8333,4.5,4.5,1.5,1.5,0.25,1.1667,1.1667,1.1667,1.1667,0,2.5,0,0,0,0,0
184,6.5,6.5,4.5,0.7,1,0.1667,0.2333,0.0667,0.1,0.55,2.5,8,8,2.6667,2.6667,0.55,1.6667,1.6667,1.6667,1.6667,0.1125,5.5,0,0,0,0,0
185,2.25,2.25,1.5,0.7333,1.2,0.2,0.1833,0.1,0.15,0.625,1.0833,5.25,5.25,1.75,1.75,0.225,12.5,2.0833,4.1667,2.0833,0.1062,2.25,0,0,0,0,0
186,4.25,4.25,2.5,0.6,0.8,0.1333,0.1833,0,0,0,2.0833,5.25,5.25,1.75,1.75,0.325,1.4167,1.4167,1.4167,1.4167,0,3.25,0,0,0,0,0
187,4.25,4.25,2.5,0.6,0.8,0.1333,0.1833,0,0,0,2.0833,5.25,5.25,1.75,1.75,0.325,1.4167,1.4167,1.4167,1.4167,0,3.25,0,0,0,0,0
188,3.25,3.25,2.5,0.8,0.8,0.1333,0.15,0.2,0.3,0.525,1.0833,4.25,4.25,1.4167,1.4167,0.225,8.5,1.4167,2.8333,2.8333,0.1062,2.25,0,0,0,0,0
189,2,2,1,0.8,0.8,0.1333,0.1,0.2,0.3,0.6,1.3333,4,4,1.3333,1.3333,0.2,6,1,2,2,0.05,2,0,0,0,0,0
190,3.5,3.5,3,0.6,0.8,0.1333,0.1,0,0,0,1.8333,5.5,5.5,1.8333,1.8333,0.35,0.8333,0.8333,0.8333,0.8333,0,3.5,0,0,0,1.8,0
191,4.25,4.25,2.5,0.8,1.3,0.4667,0.2167,0,0,0,1.4167,7.25,7.25,2.4167,2.4167,0.425,1.75,3.5,1.75,3.5,0,4.25,0,0,0,0,0
192,5.25,5.25,6,1.2,1.2,0.2,0.0833,0.8,1.2,0,1.75,6.25,6.25,2.0833,2.0833,0.325,1.0833,1.0833,1.0833,1.0833,0,3.25,0,0,0,0,0
193,1.75,1.75,4,0.6333,1,0.1667,0.25,0,0,0,1.25,3.25,3.25,1.0833,1.0833,0.075,2.4167,2.4167,2.4167,2.4167,0,0.75,0,0,0,0,0
194,4.5,4.5,6.5,0.9,1.9,0.3,0.1,0,0,0,1.8333,8,8,2.6667,2.6667,0.35,1.6667,1.6667,1.6667,1.6667,0.0875,3.5,0,0,0,0,0.2375
195,4.25,4.25,3.5,0.8,1.2,0.2,0.15,0.2,0.3,0,1.0833,6.25,6.25,2.0833,2.0833,0.325,1.4167,1.4167,1.4167,1.4167,0,3.25,0,0,0,0,0
196,3.25,3.25,3.5,0.7,1.4,0.2333,0.15,0,0,0,2.4167,6.75,6.75,2.25,2.25,0.325,1.9167,1.9167,1.9167,1.9167,0,3.25,0,1.0833,0.725,1.55,0.1062
197,6,6,5.5,0.6667,1.2,0.2,0.2,0,0,0,2,6,6,2,2,0.3,2,2,2,2,0,3,0,0,0,0,0
198,6.25,6.25,7.5,0.8,2,0.3333,0.15,0,0,0,1.0833,8.25,8.25,2.75,2.75,0.325,2.0833,2.0833,2.0833,2.0833,0,3.25,0,0,0,1.45,0
199,6.25,6.25,8,0.8333,2.2,0.3667,0.15,0,0,0,1.4167,8.75,8.75,2.9167,2.9167,0.325,2.25,2.25,2.25,2.25,0,3.25,0,0,0,0,0
200,6,6,5,0.6,0.8,0.1333,1.1,0,0,1.1,1.6667,6,6,2,2,0.4,1,1,1,1,0,4,0.5,0.4444,0.125,0,0
201,0.25,0.25,1.5,0.6667,0.4,0.0667,0.15,0.0667,0.1,0,1.4167,1.25,1.25,0.4167,0.4167,0.025,1.4167,1.4167,1.4167,1.4167,0,0.25,0,0,0,0,0
202,3.75,3.75,2.5,0.8,1.2,0.2,0.2167,0.2,0.3,0,1.25,5.75,5.75,1.9167,1.9167,0.275,2.25,2.25,2.25,2.25,0,2.75,0,0,0,1.25,0
203,5,5,6,0.8667,1.2,0.2,0.3,0.3,0.45,0,1.3333,6,6,2,2,0.3,1,1,1,2,0,3,0,1,0.4,0,0.1
204,3.25,3.25,2.5,0.6667,1.2,0.2,0.1833,0,0,0,1.0833,5.25,5.25,1.75,1.75,0.225,2.0833,2.0833,2.0833,2.0833,0,2.25,0,0,0,0.65,0
205,2.75,2.75,1.5,0.6667,1.2,0.2,0.2167,0,0,0,1.25,5.75,5.75,1.9167,1.9167,0.275,2.25,2.25,2.25,2.25,0,2.75,0,0,0,0,0
206,6,6,3.5,0.6,0.8,0.1333,0.3,0,0,0,2.3333,6,6,2,2,0.4,2,2,2,2,0,4,0,0,0,0,0
207,2,2,1,0.9333,1.05,0.2,0.1,0,0,0,1.3333,4,4,1.3333,1.3333,0.2,1,2,1,1,0.225,4,0,0,0,0,0
208,4,4,2,0.9333,1.05,0.2,0.1667,0,0,0,2,5,5,1.6667,1.6667,0.3,1.3333,2.6667,1.3333,1.3333,0.275,5,0,0,0,0,0
209,2.5,2.5,2,1.1667,1.4,0.1667,0.1667,0,0,0,1.8333,5,5,1.6667,1.6667,0.25,1.6667,1.6667,1.6667,1.6667,0.1875,4.5,0,0,0,0,0
210,0.75,0.75,1.5,0.5333,0.4,0.0667,0.1833,0,0,0,0.9167,1.75,1.75,0.5833,0.5833,0.075,1.5833,1.5833,1.5833,1.5833,0,0.75,0,0,0,0,0
211,5,5,3.5,0.6,0.8,0.1333,0.1667,0,0,0,2,5,5,1.6667,1.6667,0.3,1.3333,1.3333,1.3333,1.3333,0,3,0,0,0,0,0
212,2,2,1,0.6,0.8,0.1333,0.1,0,0,0,1.6667,4,4,1.3333,1.3333,0.2,1,1,1,1,0,2,0,0,0,0,0
213,5,5,5.5,0.7667,1.8,0.3,0.2,0,0,0,1.3333,7.5,7.5,2.5,2.5,0.3,2.1667,2.1667,2.1667,2.1667,0,3,0,0,0,1.8,0
214,5.25,5.25,5.5,0.8,1.2,0.2,0.15,0.2,0.3,0,1.75,5.25,5.25,1.75,1.75,0.225,1.75,1.75,1.75,1.75,0,2.25,0,0,0,0,0
215,2.5,2.5,3,1.2667,1.6,0.2667,0.35,1.0667,1.6,0,1.1667,6.5,6.5,2.1667,2.1667,0.25,1.8333,1.8333,1.8333,1.8333,0,2.5,0,0,0,0,0
216,1,1,2.5,0.5333,0.4,0.0667,0.1333,0,0,0,0.6667,1,1,0.3333,0.3333,0,1.3333,1.3333,1.3333,1.3333,0,0,0,0,0,0,0
217,2.5,2.5,1.5,0.6667,1.2,0.2,0.2,0,0,0,1.5,5.5,5.5,1.8333,1.8333,0.25,2.1667,2.1667,2.1667,2.1667,0,2.5,0,0,0,0,0
218,3,3,1.5,0.6,0.8,0.1333,0.1667,0,0,0,2,5,5,1.6667,1.6667,0.3,1.3333,1.3333,1.3333,1.3333,0,3,0,0,0,0,0
219,4,4,2.5,0.6667,1.2,0.2,0.2,0,0,0,1.3333,7,7,2.3333,2.3333,0.4,1.6667,1.6667,1.6667,1.6667,0,4,0,0,0,0,0
220,4.5,4.5,4.5,0.7667,1.4,0.2333,0.1667,0.1,0.15,0.55,1.1667,6,6,2,2,0.25,10,1.6667,3.3333,1.6667,0.1125,2.5,0,0,0,0,0
221,7.25,7.25,10.5,0.8333,2.2,0.3667,0.0833,0,0,0,1.75,8.75,8.75,2.9167,2.9167,0.325,1.9167,1.9167,1.9167,1.9167,0,3.25,0,0,0,1.65,0
222,0,0,3,0.6333,1,0.1667,0.1333,0,0,0,1.3333,2.5,2.5,0.8333,0.8333,0,1.8333,1.8333,1.8333,1.8333,0,0,0,0,0,0.4,0
223,3.75,3.75,3,1.1333,0.8,0.1333,0.1167,0.5333,0.8,0,1.9167,5.75,5.75,1.9167,1.9167,0.375,0.9167,0.9167,0.9167,0.9167,0,3.75,0,0,0,0,0
224,2,2,1.5,0.6,0.8,0.1333,0.1333,0,0,0,1,4,4,1.3333,1.3333,0.2,1.3333,1.3333,1.3333,1.3333,0,2,0,0,0,0,0
225,4,4,3,0.7333,0.9,0.1333,0.1333,0,0,0,2.3333,6,6,2,2,0.4,1,1,1,1,0.075,4,0,0,0,0,0.225
226,4,4,6,0.8667,1.6,0.2667,0.0667,0.2667,0.4,0,1.6667,7,7,2.3333,2.3333,0.3,1.3333,1.3333,1.3333,1.3333,0,3,0,0,0,0,0
227,2,2,1.5,0.6,0.8,0.1333,0.1333,0,0,0,1,4,4,1.3333,1.3333,0.2,1.3333,1.3333,1.3333,1.3333,0,2,0,0,0,1,0
228,3.25,3.25,1.5,0.6667,1.2,0.2,0.25,0,0,0,1.75,6.25,6.25,2.0833,2.0833,0.325,2.4167,2.4167,2.4167,2.4167,0,3.25,0,0,0,0,0
229,3.5,3.5,1.5,0.6,0.8,0.1333,0.2333,0,0,0,1.8333,5.5,5.5,1.8333,1.8333,0.35,1.8333,1.8333,1.8333,1.8333,0,3.5,0,0,0,1.5,0
230,2.25,2.25,3.5,0.7667,1.4,0.2333,0.1167,0.1,0.15,0.525,1.75,5.75,5.75,1.9167,1.9167,0.225,9.5,1.5833,3.1667,1.5833,0.0563,2.25,0,0,0,0,0
231,5,5,3.5,0.6333,1,0.1667,0.8,0,0,1,2.6667,6.5,6.5,2.1667,2.1667,0.4,1.8333,1.8333,1.8333,1.8333,0,4,0.7,0.4444,0.2,0,0
232,2.25,2.25,2.5,0.6333,1,0.1667,0.0833,0,0,0,2.0833,4.75,4.75,1.5833,1.5833,0.225,1.25,1.25,1.25,1.25,0,2.25,0,0,0,1.85,0
233,4.75,4.75,4.5,0.6333,1,0.1667,0.1167,0,0,0,1.5833,6.25,6.25,2.0833,2.0833,0.375,1.0833,1.0833,1.0833,1.0833,0,3.75,0,0,0,1.45,0
234,4,4,3.5,1.2,1.2,0.2,0.1667,0.8,1.2,0.6,1,5,5,1.6667,1.6667,0.2,12,2,4,2,0.15,2,0,0,0,0,0
235,2.5,2.5,2.5,0.7,1.4,0.2333,0.2,0,0,0,2.1667,6,6,2,2,0.25,2,2,2,2,0,2.5,0,0,0,0,0
236,2.25,2.25,1.5,0.6,0.8,0.1333,0.15,0,0,0,1.4167,4.25,4.25,1.4167,1.4167,0.225,1.4167,1.4167,1.4167,1.4167,0,2.25,0,0,0,1.55,0
237,3,3,3.5,0.7,1.4,0.2333,0.1333,0,0,0,1,5.5,5.5,1.8333,1.8333,0.2,1.5,1.5,1.5,1.5,0,2,0,0,0,1.4,0
238,3.25,3.25,1.5,0.6667,1.2,0.2,0.25,0,0,0,1.4167,6.25,6.25,2.0833,2.0833,0.325,2.4167,2.4167,2.4167,2.4167,0,3.25,0,0,0,0,0
239,2.75,2.75,1.5,0.6667,1.2,0.2,0.2167,0,0,0,1.25,5.75,5.75,1.9167,1.9167,0.275,2.25,2.25,2.25,2.25,0,2.75,0,0,0,0,0
240,3.25,3.25,7,0.7,1.4,0.2333,0.15,0,0,0,1.0833,3.75,3.75,1.25,1.25,0.025,2.25,2.25,2.25,2.25,0,0.25,0,0,0,0.95,0
241,4.25,4.25,2.5,0.7667,1.1,0.1667,0.25,0,0,0,2.0833,6.75,6.75,2.25,2.25,0.425,1.9167,1.9167,1.9167,1.9167,0.1313,4.25,0,0,0,0,0.2813
242,1.75,1.75,2.5,0.5333,0.4,0.0667,0.1833,0,0,0,0.9167,1.75,1.75,0.5833,0.5833,0.075,1.5833,1.5833,1.5833,1.5833,0,0.75,0,0,0,0,0
243,3,3,2,0.6667,0.8,0.1333,0.1667,0.0667,0.1,0.6,2,5,5,1.6667,1.6667,0.3,8,1.3333,2.6667,1.3333,0.075,3,0,0,0,1.3,0
244,3,3,1.5,0.6,0.8,0.1333,0.2,0,0,0,1.6667,5,5,1.6667,1.6667,0.3,1.6667,1.6667,1.6667,1.6667,0,3,0,0,0,0,0
245,4,4,7,1,2.4,0.4,0.1333,0.4,0.6,0,2.3333,10,10,3.3333,3.3333,0.4,2.3333,2.3333,2.3333,2.3333,0,4,0,0,0,1.5,0
246,3.25,3.25,1.5,0.9333,1.05,0.2,0.1833,0,0,0,2.0833,5.25,5.25,1.75,1.75,0.325,1.4167,2.8333,1.4167,1.4167,0.2562,5.25,0,0,0,0,0
247,4.25,4.25,4,0.7333,1.2,0.2,0.15,0.1,0.15,0.425,2.0833,7.25,7.25,2.4167,2.4167,0.425,1.4167,1.4167,1.4167,1.4167,0.0563,4.25,0,0,0,0,0
248,0.75,0.75,1.5,0.5333,0.4,0.0667,0.1833,0,0,0,0.9167,1.75,1.75,0.5833,0.5833,0.075,1.5833,1.5833,1.5833,1.5833,0,0.75,0,0,0,0,0
249,2.75,2.75,3,0.8,1.3,0.2,0.1167,0,0,0,1.9167,5.75,5.75,1.9167,1.9167,0.275,1.5833,1.5833,1.5833,1.5833,0.0938,2.75,0,0,0,0,0.2437
250,3.25,3.25,2,0.6667,0.8,0.1333,0.625,0.0667,0.1,1.125,2.0833,5.25,5.25,1.75,1.75,0.325,1.4167,1.4167,1.4167,1.4167,0.0813,3.25,0.55,0.3611,0.1563,0,0
251,3.25,3.25,2.5,1.2,1.2,0.2,0.15,0.8,1.2,0,1.0833,6.25,6.25,2.0833,2.0833,0.325,1.4167,1.4167,1.4167,1.4167,0,3.25,0,0,0,0,0
252,3.75,3.75,2.5,0.8,1.2,0.2,0.1833,0.2,0.3,0,1.25,6.75,6.75,2.25,2.25,0.375,1.5833,1.5833,1.5833,1.5833,0,3.75,0,0,0,0,0
253,5.25,5.25,4.5,0.6667,1.2,0.2,0.2167,0,0,0,1.0833,6.25,6.25,2.0833,2.0833,0.325,1.75,1.75,1.75,1.75,0,3.25,0,0,0,0,0
254,4.5,4.5,4,0.8,1.3,0.2,0.2,0,0,0,2.5,6.5,6.5,2.1667,2.1667,0.35,1.8333,1.8333,1.8333,1.8333,0.1375,3.5,0,0,0,0,0.2875
255,3.25,3.25,2.5,0.6667,1.2,0.2,0.15,0,0,0,1.0833,6.25,6.25,2.0833,2.0833,0.325,1.4167,1.4167,1.4167,1.4167,0,3.25,0,0,0,0,0
256,5.25,5.25,6.5,0.9,1.8,0.3,0.15,0.2667,0.4,0,2.0833,8.75,8.75,2.9167,2.9167,0.425,1.9167,1.9167,1.9167,1.9167,0,4.25,0,1.4167,0.625,0,0.1062
257,2,2,1,0.6,0.8,0.1333,0.1,0,0,0,1.3333,4,4,1.3333,1.3333,0.2,1,1,1,1,0,2,0,0,0,0,0
258,3,3,4,0.7667,1.8,0.3,0.1667,0,0,0,3,7.5,7.5,2.5,2.5,0.3,2.1667,2.1667,2.1667,2.1667,0,3,0,0,0,1.3,0
259,2.25,2.25,1.5,0.6667,1.2,0.2,0.1833,0,0,0,1.0833,5.25,5.25,1.75,1.75,0.225,2.0833,2.0833,2.0833,2.0833,0,2.25,0,0,0,0,0
260,6,6,4,0.7333,1.2,0.2,0.2667,0.1,0.15,0.5,2,7,7,2.3333,2.3333,0.4,2,2,2,2,0.15,4,0,0,0,1.6,0
261,3.25,3.25,5,1,2,0.3333,0.425,0.5,0.75,0,3.0833,8.25,8.25,2.75,2.75,0.325,2.4167,2.4167,2.4167,4.8333,0,3.25,0,0,0,0,0
262,3,3,1.5,0.6,0.8,0.1333,0.2,0,0,0,1.6667,5,5,1.6667,1.6667,0.3,1.6667,1.6667,1.6667,1.6667,0,3,0,0,0,0,0
263,4,4,1.5,0.6,0.8,0.1333,0.2333,0,0,0,2.3333,6,6,2,2,0.4,1.6667,1.6667,1.6667,1.6667,0,4,0,0,0,0,0
264,3,3,1.5,1,1.45,0.2667,0.2333,0,0,0,1.3333,6,6,2,2,0.3,2.3333,4.6667,2.3333,2.3333,0.3,5,0,0,0,1.5,0
265,3,3,1.5,0.6,0.8,0.1333,0.1667,0,0,0,2.3333,5,5,1.6667,1.6667,0.3,1.3333,1.3333,1.3333,1.3333,0,3,0,0,0,0,0
266,3,3,1.5,0.9333,1.05,0.2,0.1667,0,0,0,2,5,5,1.6667,1.6667,0.3,1.3333,2.6667,1.3333,1.3333,0.25,5,0,0,0,0,0
267,4,4,1.5,0.6,0.8,0.1333,0.2333,0,0,0,2.6667,6,6,2,2,0.4,1.6667,1.6667,1.6667,1.6667,0,4,0,0,0,1.5,0
268,4.75,4.75,2.5,0.6,0.8,0.1333,0.2167,0,0,0,2.25,5.75,5.75,1.9167,1.9167,0.375,1.5833,1.5833,1.5833,1.5833,0,3.75,0,0,0,0,0
269,2,2,1.5,0.6667,1.2,0.2,0.1667,0,0,0,1.3333,5,5,1.6667,1.6667,0.2,2,2,2,2,0,2,0,0,0,0,0
270,2.75,2.75,3,1.2333,1.8,0.2333,0.1833,0,0,0,1.9167,6.25,6.25,2.0833,2.0833,0.275,2.0833,2.0833,2.0833,2.0833,0.1938,4.75,0,0,0,0,0
271,3,3,1.5,0.6,0.8,0.1333,0.2,0,0,0,1.3333,5,5,1.6667,1.6667,0.3,1.6667,1.6667,1.6667,1.6667,0,3,0,0,0,0,0
272,2.25,2.25,2.5,0.7,1.4,0.2333,0.15,0,0,0,1.4167,5.75,5.75,1.9167,1.9167,0.225,1.5833,1.5833,1.5833,1.5833,0,2.25,0,0,0,1.55,0
273,4,4,1.5,0.7333,0.8,0.1333,0.2333,0.1333,0.2,0,2.3333,6,6,2,2,0.4,1.6667,1.6667,1.6667,1.6667,0,4,0,0,0,0,0
274,3.5,3.5,3.5,0.7,1.4,0.2333,0.1333,0,0,0,1.8333,6,6,2,2,0.25,1.6667,1.6667,1.6667,1.6667,0,2.5,0,0,0,0.6,0
275,2.75,2.75,2.5,1.1667,1,0.1667,0.15,0.5333,0.8,0,2.5833,5.25,5.25,1.75,1.75,0.275,1.4167,1.4167,1.4167,1.4167,0,2.75,0,0,0,0,0
276,3.25,3.25,1.5,0.6,0.8,0.1333,0.25,0,0,0,2.0833,5.25,5.25,1.75,1.75,0.325,1.75,1.75,1.75,1.75,0,3.25,0,0,0,0,0
277,2.25,2.25,4,0.7333,1.6,0.2667,0.0833,0,0,0,2.75,6.25,6.25,2.0833,2.0833,0.225,1.75,1.75,1.75,1.75,0,2.25,0,0.75,0.825,0,0.0813
278,2,2,2.5,0.6667,1.2,0.2,0.1333,0,0,0,2,5,5,1.6667,1.6667,0.2,1.6667,1.6667,1.6667,1.6667,0,2,0,0,0,0,0
279,3.5,3.5,2,0.8,0.8,0.1333,0.45,0.2,0.3,0,1.8333,5.5,5.5,1.8333,1.8333,0.35,1.5,1.5,1.5,3,0,3.5,0,0,0,0,0
280,0.75,0.75,1.5,1.0667,0.4,0.0667,0.1833,0.2667,0.4,0.575,0.9167,1.75,1.75,0.5833,0.5833,0.075,9.5,1.5833,3.1667,1.5833,0.1187,0.75,0,0,0,0,0
281,3.75,3.75,2.5,0.7333,1.2,0.2,0.1833,0.1,0.15,0.575,1.25,6.75,6.75,2.25,2.25,0.375,9.5,1.5833,3.1667,1.5833,0.0688,3.75,0,0,0,0,0
282,3.5,3.5,3,0.6,0.8,0.1333,0.1,0,0,0,1.5,5.5,5.5,1.8333,1.8333,0.35,0.8333,0.8333,0.8333,0.8333,0,3.5,0,0,0,1.3,0
283,2.5,2.5,1.5,0.6667,0.8,0.1333,0.1667,0.0667,0.1,0.55,1.5,4.5,4.5,1.5,1.5,0.25,9,1.5,3,1.5,0.0875,2.5,0,0,0,0,0
284,4.25,4.25,4,0.7,1.4,0.2333,0.1833,0,0,0,3.0833,6.75,6.75,2.25,2.25,0.325,1.9167,1.9167,1.9167,1.9167,0,3.25,0,0,0,0,0
285,2.25,2.25,2.5,0.7,1.4,0.2333,0.1167,0,0,0,1.75,5.75,5.75,1.9167,1.9167,0.225,1.5833,1.5833,1.5833,1.5833,0,2.25,0,0,0,0,0
286,2.25,2.25,2.5,0.8667,1.2,0.2,0.125,0.3,0.45,0,1.75,5.25,5.25,1.75,1.75,0.225,1.75,1.75,1.75,3.5,0,2.25,0,0,0,0,0
287,2.25,2.25,1,0.6,0.8,0.1333,0.1167,0,0,0,1.75,4.25,4.25,1.4167,1.4167,0.225,1.0833,1.0833,1.0833,1.0833,0,2.25,0,0,0,0,0
288,3.75,3.75,3,0.7667,1.1,0.1667,0.1833,0,0,0,1.5833,5.25,5.25,1.75,1.75,0.275,1.75,1.75,1.75,1.75,0.1437,2.75,0,0,0,0,0.2938
289,3.5,3.5,1.5,0.6,0.8,0.1333,0.2,0,0,0,2.5,5.5,5.5,1.8333,1.8333,0.35,1.5,1.5,1.5,1.5,0,3.5,0,0,0,0,0
290,3,3,1.5,0.9333,1.05,0.2,0.2333,0,0,0,2.3333,5,5,1.6667,1.6667,0.3,1.6667,3.3333,1.6667,1.6667,0.275,5,0,0,0,0,0
291,3,3,6,0.8667,2.4,0.4,0.1667,0,0,0,2.6667,9,9,3,3,0.3,2.6667,2.6667,2.6667,2.6667,0,3,0,0,0,1.1,0
292,3.25,3.25,2.5,0.7667,1.1,0.1667,0.1833,0,0,0,1.75,5.75,5.75,1.9167,1.9167,0.325,1.5833,1.5833,1.5833,1.5833,0.1062,3.25,0,0,0,0,0.2562
293,5,5,3.5,0.6,0.8,0.1333,0.1667,0,0,0,2,5,5,1.6667,1.6667,0.3,1.3333,1.3333,1.3333,1.3333,0,3,0,0,0,0,0
294,3.75,3.75,1.5,0.6,0.8,0.1333,0.2167,0,0,0,2.25,5.75,5.75,1.9167,1.9167,0.375,1.5833,1.5833,1.5833,1.5833,0,3.75,0,0,0,0,0
295,2.5,2.5,1,0.9333,1.05,0.2,1.15,0,0,1.15,1.5,4.5,4.5,1.5,1.5,0.25,1.1667,2.3333,1.1667,1.1667,0.2375,4.5,0.4,0.2778,0.1125,0,0
296,3,3,1.5,0.6,0.8,0.1333,0.2,0,0,0,1.3333,5,5,1.6667,1.6667,0.3,1.6667,1.6667,1.6667,1.6667,0,3,0,0,0,0,0
297,2,2,1.5,1,1.45,0.2667,0.1667,0,0,0,1,5,5,1.6667,1.6667,0.2,2,4,2,2,0.275,4,0,0,0,0,0
298,2.5,2.5,2,0.6667,0.8,0.1333,0.1,0.0667,0.1,0.45,1.8333,4.5,4.5,1.5,1.5,0.25,7,1.1667,2.3333,1.1667,0.0625,2.5,0,0,0,1.4,0
299,3.25,3.25,2,1.1667,1.4,0.1667,0.2167,0,0,0,2.0833,5.75,5.75,1.9167,1.9167,0.325,1.9167,1.9167,1.9167,1.9167,0.2062,5.25,0,0,0,1.65,0
300,3.75,3.75,2.5,0.8333,1,0.1667,0.475,0.2,0.3,0,1.9167,6.25,6.25,2.0833,2.0833,0.375,1.75,1.75,1.75,3.5,0,3.75,0,1.25,0.575,0,0.1187
301,2.5,2.5,1.5,0.7333,0.9,0.4,0.1667,0,0,0,1.5,4.5,4.5,1.5,1.5,0.25,1.5,3,1.5,3,0,2.5,0,0,0,0,0
302,3.25,3.25,2.5,0.6667,1.2,0.2,0.15,0,0,0,1.4167,6.25,6.25,2.0833,2.0833,0.325,1.4167,1.4167,1.4167,1.4167,0,3.25,0,0,0,1.65,0
303,3.25,3.25,2,0.7333,0.8,0.1333,0.1167,0.1333,0.2,0,1.4167,4.25,4.25,1.4167,1.4167,0.225,1.0833,1.0833,1.0833,1.0833,0,2.25,0,0,0,0,0
304,3.75,3.75,1.5,0.7333,0.8,0.1333,0.2167,0.1333,0.2,0,2.25,5.75,5.75,1.9167,1.9167,0.375,1.5833,1.5833,1.5833,1.5833,0,3.75,0,0,0,0,0
305,6,6,4.5,0.7333,1.2,0.2,0.2,0.1,0.15,0.6,1.3333,7,7,2.3333,2.3333,0.4,10,1.6667,3.3333,1.6667,0.125,4,0,0,0,0,0
306,4,4,4.5,1.1667,1.4,0.1667,0.0667,0,0,0,1.3333,5.5,5.5,1.8333,1.8333,0.3,0.8333,0.8333,0.8333,0.8333,0.15,5,0,0,0,0,0
307,4.75,4.75,3,1.2667,0.9,0.4,0.15,0.6,0.9,0,1.5833,4.75,4.75,1.5833,1.5833,0.275,1.25,2.5,1.25,2.5,0,2.75,0,0,0,0,0
308,2.25,2.25,1.5,0.6667,1.2,0.2,0.1833,0,0,0,1.0833,5.25,5.25,1.75,1.75,0.225,2.0833,2.0833,2.0833,2.0833,0,2.25,0,0,0,0,0
309,3.25,3.25,1.5,0.6,0.8,0.1333,0.1833,0,0,0,2.0833,5.25,5.25,1.75,1.75,0.325,1.4167,1.4167,1.4167,1.4167,0,3.25,0,0,0,0,0
310,4.75,4.75,3.5,0.6,0.8,0.1333,0.1833,0,0,0,1.25,4.75,4.75,1.5833,1.5833,0.275,1.5833,1.5833,1.5833,1.5833,0,2.75,0,0,0,1.05,0
311,2.25,2.25,1.5,1,1.45,0.2667,0.1833,0,0,0,1.0833,5.25,5.25,1.75,1.75,0.225,2.0833,4.1667,2.0833,2.0833,0.2813,4.25,0,0,0,0,0
312,6.25,6.25,8.5,0.8667,2.4,0.4,0.15,0,0,0,1.4167,9.25,9.25,3.0833,3.0833,0.325,2.4167,2.4167,2.4167,2.4167,0,3.25,0,0,0,1.55,0
313,1,1,2.5,0.6667,0.4,0.0667,0.1333,0.0667,0.1,0,1,1,1,0.3333,0.3333,0,1.3333,1.3333,1.3333,1.3333,0,0,0,0,0,0,0
314,4.75,4.75,4.5,1.2333,1.8,0.2333,0.1833,0,0,0,1.25,6.25,6.25,2.0833,2.0833,0.275,1.75,1.75,1.75,1.75,0.2188,4.75,0,0,0,0,0
315,6.5,6.5,5.5,0.6333,1,0.1667,0.1667,0,0,0,1.8333,7,7,2.3333,2.3333,0.45,1.3333,1.3333,1.3333,1.3333,0,4.5,0,0,0,1.3,0
316,3,3,1.5,0.6,0.8,0.1333,0.1667,0,0,0,2.3333,5,5,1.6667,1.6667,0.3,1.3333,1.3333,1.3333,1.3333,0,3,0,0,0,0.8,0
317,3,3,1.5,0.6,0.8,0.1333,0.1667,0,0,0,2,5,5,1.6667,1.6667,0.3,1.3333,1.3333,1.3333,1.3333,0,3,0,0,0,0,0
318,3.75,3.75,4,0.9,1.8,0.3,0.25,0.2667,0.4,0,1.5833,8.25,8.25,2.75,2.75,0.375,2.4167,2.4167,2.4167,2.4167,0,3.75,0,0,0,0,0
319,2.25,2.25,3.5,0.6,0.4,0.0667,0.15,0.0333,0.05,0.525,1.0833,1.25,1.25,0.4167,0.4167,0.025,8.5,1.4167,2.8333,1.4167,0.1563,0.25,0,0,0,0,0
320,0,0,1.5,0.6,0.4,0.0667,0.1333,0.0333,0.05,0.5,0.6667,1,1,0.3333,0.3333,0,8,1.3333,2.6667,1.3333,0.1,0,0,0,0,0,0
321,3.75,3.75,2.5,0.6,0.8,0.1333,1.075,0,0,1.075,1.25,4.75,4.75,1.5833,1.5833,0.275,1.9167,1.9167,1.9167,1.9167,0,2.75,0.65,0.3056,0.0938,0,0
322,4.75,4.75,4.5,1.2,1.6,0.2,0.1833,0,0,0,2.25,5.75,5.75,1.9167,1.9167,0.275,1.9167,1.9167,1.9167,1.9167,0.2437,4.75,0,0,0,0,0
323,2.25,2.25,1,0.7333,0.8,0.1333,0.1167,0.1333,0.2,0,2.0833,4.25,4.25,1.4167,1.4167,0.225,1.0833,1.0833,1.0833,1.0833,0,2.25,0,0,0,0,0
324,4.75,4.75,6.5,1.3667,2.2,0.3667,0.1833,1.3333,2,0.475,2.5833,10.25,10.25,3.4167,3.4167,0.475,2.4167,2.4167,2.4167,2.4167,0.0688,4.75,0,0,0,0,0
325,1,1,2.5,0.5333,0.4,0.0667,0.1333,0,0,0,1.6667,1,1,0.3333,0.3333,0,1.3333,1.3333,1.3333,1.3333,0,0,0,0,0,0,0
326,3.75,3.75,3,0.7,1.4,0.2333,0.2167,0,0,0,2.5833,7.25,7.25,2.4167,2.4167,0.375,2.0833,2.0833,2.0833,2.0833,0,3.75,0,0,0,0,0
327,4,4,2.5,0.6667,1.2,0.2,0.2,0,0,0,2.3333,7,7,2.3333,2.3333,0.4,1.6667,1.6667,1.6667,1.6667,0,4,0,0,0,0,0
328,4.5,4.5,5,0.8667,1.2,0.2,0.35,0.3,0.45,0,1.5,6.5,6.5,2.1667,2.1667,0.35,1.1667,1.1667,1.1667,2.3333,0,3.5,0,0,0,0,0
329,3.25,3.25,2.5,0.6667,1.2,0.2,0.2167,0,0,0,1.0833,6.25,6.25,2.0833,2.0833,0.325,1.75,1.75,1.75,1.75,0,3.25,0,0,0,0,0
330,4.75,4.75,2.5,0.6,0.8,0.1333,0.2167,0,0,0,2.25,5.75,5.75,1.9167,1.9167,0.375,1.5833,1.5833,1.5833,1.5833,0,3.75,0,0,0,0.75,0
331,5,5,3.5,0.7333,0.9,0.4,0.1667,0,0,0,2.6667,5,5,1.6667,1.6667,0.3,1.3333,2.6667,1.3333,2.6667,0,3,0,0,0,0,0
332,3.75,3.75,1.5,0.6,0.8,0.1333,0.2167,0,0,0,2.25,5.75,5.75,1.9167,1.9167,0.375,1.5833,1.5833,1.5833,1.5833,0,3.75,0,0,0,0,0
333,2,2,1.5,0.7333,1.2,0.2,0.1667,0.1,0.15,0.6,1,5,5,1.6667,1.6667,0.2,12,2,4,2,0.1,2,0,0,0,0,0
334,2.75,2.75,1.5,0.6667,1.2,0.2,0.2833,0,0,0,1.9167,5.75,5.75,1.9167,1.9167,0.275,2.5833,2.5833,2.5833,2.5833,0,2.75,0,0,0,0,0
335,3.25,3.25,2,0.7333,0.8,0.1333,0.15,0.1333,0.2,0,2.0833,5.25,5.25,1.75,1.75,0.325,1.4167,1.4167,1.4167,1.4167,0,3.25,0,0,0,1.25,0
336,3,3,5,0.8333,2.2,0.3667,0.1333,0,0,0,1.6667,8.5,8.5,2.8333,2.8333,0.3,2.1667,2.1667,2.1667,2.1667,0,3,0,0,0,1.1,0
337,5,5,3.5,0.6667,1.2,0.2,0.2,0,0,0,1.3333,7,7,2.3333,2.3333,0.4,1.6667,1.6667,1.6667,1.6667,0,4,0,0,0,0,0
338,0.25,0.25,1.5,0.5333,0.4,0.0667,0.15,0,0,0,1.75,1.25,1.25,0.4167,0.4167,0.025,1.4167,1.4167,1.4167,1.4167,0,0.25,0,0,0,0,0
339,3.25,3.25,4,0.7,1.4,0.2333,0.15,0,0,0,1.4167,5.75,5.75,1.9167,1.9167,0.225,1.9167,1.9167,1.9167,1.9167,0,2.25,0,0.75,0.425,1.05,0.1313
340,3.25,3.25,4,0.7667,1.8,0.3,0.2167,0,0,0,2.4167,7.75,7.75,2.5833,2.5833,0.325,2.5833,2.5833,2.5833,2.5833,0,3.25,0,1.0833,0.725,0,0.1313
341,4,4,6.5,0.8333,2.2,0.3667,0.1667,0,0,0,2.3333,8.5,8.5,2.8333,2.8333,0.3,2.5,2.5,2.5,2.5,0,3,0,0,0,1.6,0
342,3.25,3.25,2,0.6,0.8,0.1333,0.1833,0,0,0,1.75,4.25,4.25,1.4167,1.4167,0.225,1.4167,1.4167,1.4167,1.4167,0,2.25,0,0,0,0,0
343,2.25,2.25,1.5,0.6,0.8,0.1333,0.2167,0,0,0,1.0833,4.25,4.25,1.4167,1.4167,0.225,1.75,1.75,1.75,1.75,0,2.25,0,0,0,0,0
344,4.25,4.25,3.5,0.7333,0.9,0.4,0.15,0,0,0,1.0833,4.25,4.25,1.4167,1.4167,0.225,1.4167,2.8333,1.4167,2.8333,0,2.25,0,0,0,0,0
345,3.25,3.25,2.5,0.6667,1.2,0.2,0.15,0,0,0,1.0833,6.25,6.25,2.0833,2.0833,0.325,1.4167,1.4167,1.4167,1.4167,0,3.25,0,0,0,0,0
346,4,4,2.5,0.7333,0.8,0.1333,0.1667,0.1333,0.2,0,2,5,5,1.6667,1.6667,0.3,1.3333,1.3333,1.3333,1.3333,0,3,0,0,0,0,0
347,2,2,3,0.7,1.4,0.2333,0.1333,0,0,0,2,5.5,5.5,1.8333,1.8333,0.2,1.8333,1.8333,1.8333,1.8333,0,2,0,0,0,0,0
348,2.75,2.75,1,0.6,0.8,0.1333,0.2167,0,0,0,1.5833,4.75,4.75,1.5833,1.5833,0.275,1.5833,1.5833,1.5833,1.5833,0,2.75,0,0,0,0,0
349,5,5,3,0.7,1,0.1667,0.2667,0.0667,0.1,0.3,2,6.5,6.5,2.1667,2.1667,0.4,2.1667,2.1667,2.1667,2.1667,0.15,4,0,1.3333,0.6,0,0.175
350,4.25,4.25,1.5,0.6,0.8,0.1333,0.25,0,0,0,3.0833,6.25,6.25,2.0833,2.0833,0.425,1.75,1.75,1.75,1.75,0,4.25,0,0,0,0,0
351,0.25,0.25,1.5,0.5333,0.4,0.0667,0.15,0,0,0,1.0833,1.25,1.25,0.4167,0.4167,0.025,1.4167,1.4167,1.4167,1.4167,0,0.25,0,0,0,0,0
352,3,3,3,0.8667,1.2,0.2,0.4,0.3,0.45,0,2,6,6,2,2,0.3,1.6667,1.6667,1.6667,3.3333,0,3,0,0,0,0,0
353,4,4,2.5,0.6333,1,0.1667,0.2333,0,0,0,2.3333,6.5,6.5,2.1667,2.1667,0.4,1.8333,1.8333,1.8333,1.8333,0,4,0,0,0,1.8,0
354,3.25,3.25,1.5,0.6,0.8,0.1333,0.1833,0,0,0,2.0833,5.25,5.25,1.75,1.75,0.325,1.4167,1.4167,1.4167,1.4167,0,3.25,0,0,0,0,0
355,2,2,1.5,0.8,1.2,0.2,0.1667,0.2,0.3,0,1,5,5,1.6667,1.6667,0.2,2,2,2,2,0,2,0,0,0,0,0
356,0,0,2.5,0.6,0.8,0.1333,0.1333,0,0,0,0.6667,2,2,0.6667,0.6667,0,1.6667,1.6667,1.6667,1.6667,0,0,0,0,0,0,0
357,3.25,3.25,1.5,0.6,0.8,0.1333,0.25,0,0,0,2.0833,5.25,5.25,1.75,1.75,0.325,1.75,1.75,1.75,1.75,0,3.25,0,0,0,0,0
358,2.25,2.25,1.5,0.6,0.8,0.1333,0.15,0,0,0,1.0833,4.25,4.25,1.4167,1.4167,0.225,1.4167,1.4167,1.4167,1.4167,0,2.25,0,0,0,0.95,0
359,3.25,3.25,1.5,0.6,0.8,0.1333,0.2167,0,0,0,1.4167,5.25,5.25,1.75,1.75,0.325,1.75,1.75,1.75,1.75,0,3.25,0,0,0,0,0
360,3.5,3.5,3.5,0.7,1,0.1667,0.1,0.0667,0.1,0.55,1.5,6,6,2,2,0.35,6,1,2,1,0.0375,3.5,0,0,0,2,0
361,4.25,4.25,3.5,0.7333,1.2,0.2,0.2167,0.1,0.15,0.525,1.0833,6.25,6.25,2.0833,2.0833,0.325,10.5,1.75,3.5,1.75,0.1062,3.25,0,0,0,0,0
362,4.75,4.75,4,0.6667,1.2,0.2,0.2167,0,0,0,1.9167,6.75,6.75,2.25,2.25,0.375,1.9167,1.9167,1.9167,1.9167,0,3.75,0,1.25,0.575,0,0.1437
363,4.5,4.5,3,0.6,0.8,0.1333,0.1333,0,0,0,1.8333,4.5,4.5,1.5,1.5,0.25,1.1667,1.1667,1.1667,1.1667,0,2.5,0,0,0,0,0
364,4.25,4.25,3,0.7333,0.9,0.1333,0.15,0,0,0,2.0833,6.25,6.25,2.0833,2.0833,0.425,1.0833,1.0833,1.0833,1.0833,0.0813,4.25,0,0,0,0,0.2313
365,5.5,5.5,4,0.7333,1.2,0.2,0.2333,0.1,0.15,0.65,1.5,6.5,6.5,2.1667,2.1667,0.35,11,1.8333,3.6667,1.8333,0.1375,3.5,0,0,0,0,0
366,4,4,1.5,0.6,0.8,0.1333,1,0,0,1,2.6667,6,6,2,2,0.4,1.6667,1.6667,1.6667,1.6667,0,4,0.7,0.4444,0.2,0,0
367,3.75,3.75,1.5,0.6,0.8,0.1333,0.2167,0,0,0,2.9167,5.75,5.75,1.9167,1.9167,0.375,1.5833,1.5833,1.5833,1.5833,0,3.75,0,0,0,0.95,0
368,3.25,3.25,2.5,0.6667,1.2,0.2,0.15,0,0,0,1.0833,6.25,6.25,2.0833,2.0833,0.325,1.4167,1.4167,1.4167,1.4167,0,3.25,0,0,0,0,0
369,6.75,6.75,5.5,1,1.45,0.2667,0.2167,0,0,0,2.25,6.75,6.75,2.25,2.25,0.375,1.9167,3.8333,1.9167,1.9167,0.3438,5.75,0,0,0,0.95,0
370,3.75,3.75,2.5,0.6667,1.2,0.2,0.1833,0,0,0,1.25,6.75,6.75,2.25,2.25,0.375,1.5833,1.5833,1.5833,1.5833,0,3.75,0,0,0,1.55,0
371,4,4,4,1.2667,2,0.2667,0.2,0,0,0,1.6667,7,7,2.3333,2.3333,0.3,2,2,2,2,0.2,5,0,0,0,0,0
372,4.5,4.5,2.5,0.6,0.8,0.1333,0.2,0,0,0,2.1667,5.5,5.5,1.8333,1.8333,0.35,1.5,1.5,1.5,1.5,0,3.5,0,0,0,0,0
373,4.75,4.75,3.5,0.6667,1.2,0.2,0.1833,0,0,0,1.25,6.75,6.75,2.25,2.25,0.375,1.5833,1.5833,1.5833,1.5833,0,3.75,0,0,0,1.25,0
374,3.25,3.25,2.5,0.6,0.8,0.1333,0.15,0,0,0,1.0833,4.25,4.25,1.4167,1.4167,0.225,1.4167,1.4167,1.4167,1.4167,0,2.25,0,0,0,0,0
375,3,3,2.5,0.6667,1.2,0.2,0.1333,0,0,0,1.6667,6,6,2,2,0.3,1.3333,1.3333,1.3333,1.3333,0,3,0,0,0,0,0
376,0,0,1.5,0.9333,0.65,0.1333,0.1333,0.2,0.3,0.5,0.6667,1,1,0.3333,0.3333,0,8,2.6667,2.6667,1.3333,0.275,2,0,0,0,0.9,0
377,2.25,2.25,3.5,0.8333,1.5,0.2333,0.1167,0,0,0,1.4167,5.75,5.75,1.9167,1.9167,0.225,1.5833,1.5833,1.5833,1.5833,0.0813,2.25,0,0,0,0,0.2313
378,1.75,1.75,2.5,0.5333,0.4,0.0667,0.1833,0,0,0,0.9167,1.75,1.75,0.5833,0.5833,0.075,1.5833,1.5833,1.5833,1.5833,0,0.75,0,0,0,0,0
379,2.75,2.75,1.5,0.6667,1.2,0.2,0.2167,0,0,0,2.25,5.75,5.75,1.9167,1.9167,0.275,2.25,2.25,2.25,2.25,0,2.75,0,0,0,0,0
380,3.5,3.5,2.5,0.6667,1.2,0.2,0.1667,0,0,0,1.1667,6.5,6.5,2.1667,2.1667,0.35,1.5,1.5,1.5,1.5,0,3.5,0,0,0,0,0
381,2.75,2.75,2.5,0.7,1.4,0.2333,0.1833,0,0,0,1.5833,6.25,6.25,2.0833,2.0833,0.275,1.75,1.75,1.75,1.75,0,2.75,0,0,0,1.95,0
382,4,4,4.5,0.8333,1.5,0.2333,0.1333,0,0,0,1,5.5,5.5,1.8333,1.8333,0.2,1.5,1.5,1.5,1.5,0.125,2,0,0,0,0,0.275
383,2,2,3,0.7667,1.8,0.3,0.1667,0,0,0,1.6667,6.5,6.5,2.1667,2.1667,0.2,2.5,2.5,2.5,2.5,0,2,0,0,0,0,0
384,5.75,5.75,4.5,0.6667,1.2,0.2,0.25,0,0,0,1.25,6.75,6.75,2.25,2.25,0.375,1.9167,1.9167,1.9167,1.9167,0,3.75,0,0,0,0,0
385,2.75,2.75,3,0.7,1.4,0.2333,0.1833,0,0,0,1.9167,6.25,6.25,2.0833,2.0833,0.275,2.0833,2.0833,2.0833,2.0833,0,2.75,0,0,0,1.65,0
386,3.5,3.5,4,1.2667,2,0.2667,0.2,0,0,0,2.1667,7.5,7.5,2.5,2.5,0.35,2.1667,2.1667,2.1667,2.1667,0.1875,5.5,0,0,0,0,0
387,2.25,2.25,1.5,0.7333,0.8,0.1333,0.15,0.1333,0.2,0,1.0833,4.25,4.25,1.4167,1.4167,0.225,1.4167,1.4167,1.4167,1.4167,0,2.25,0,0,0,0,0
388,0.25,0.25,1.5,1,0.65,0.1333,0.15,0.2333,0.35,0,0.75,1.25,1.25,0.4167,0.4167,0.025,1.4167,2.8333,1.4167,1.4167,0.2813,2.25,0,0,0,0,0
389,5,5,2.5,0.6667,0.8,0.1333,0.2333,0.0667,0.1,0.5,2.6667,6,6,2,2,0.4,10,1.6667,3.3333,1.6667,0.125,4,0,0,0,0,0
390,1.5,1.5,2.5,0.5333,0.4,0.0667,0.1667,0,0,0,1.5,1.5,1.5,0.5,0.5,0.05,1.5,1.5,1.5,1.5,0,0.5,0,0,0,0,0
391,4.25,4.25,3,1.0667,1.05,0.2,0.1167,0.3,0.45,0,1.4167,4.25,4.25,1.4167,1.4167,0.225,1.0833,2.1667,1.0833,1.0833,0.2813,4.25,0,0,0,0,0
392,6,6,5.5,0.6667,1.2,0.2,0.1667,0,0,0,2,6,6,2,2,0.3,1.6667,1.6667,1.6667,1.6667,0,3,0,0,0,0,0
393,3,3,2.5,0.6667,1.2,0.2,0.1333,0,0,0,1,6,6,2,2,0.3,1.3333,1.3333,1.3333,1.3333,0,3,0,0,0,0,0
394,3.5,3.5,4,0.8,1.3,0.2,0.1,0,0,0,2.1667,5.5,5.5,1.8333,1.8333,0.25,1.5,1.5,1.5,1.5,0.1125,2.5,0,0,0,0,0.2625
395,5.25,5.25,6,0.7333,1.6,0.2667,0.725,0,0,0.925,2.75,8.25,8.25,2.75,2.75,0.425,1.75,1.75,1.75,1.75,0,4.25,0.55,0.4722,0.2062,0,0
396,0,0,1.5,0.5333,0.4,0.0667,0.2,0,0,0,0.6667,1,1,0.3333,0.3333,0,1.6667,1.6667,1.6667,1.6667,0,0,0,0,0,0,0
397,4,4,2.5,0.6,0.8,0.1333,0.2,0,0,0,1.3333,5,5,1.6667,1.6667,0.3,1.6667,1.6667,1.6667,1.6667,0,3,0,0,0,0,0
398,3,3,2.5,0.6667,1.2,0.2,0.1333,0,0,0,1,6,6,2,2,0.3,1.3333,1.3333,1.3333,1.3333,0,3,0,0,0,0,0
399,2.75,2.75,3.5,1.2333,1.4,0.2333,0.15,0.8,1.2,0.375,1.9167,6.25,6.25,2.0833,2.0833,0.275,1.75,1.75,1.75,1.75,0.0688,2.75,0,0,0,0,0
400,1,1,1.5,0.5333,0.4,0.0667,0.2,0,0,0,1,2,2,0.6667,0.6667,0.1,1.6667,1.6667,1.6667,1.6667,0,1,0,0,0,0,0
401,3.25,3.25,2.5,0.6667,1.2,0.2,0.15,0,0,0,1.4167,6.25,6.25,2.0833,2.0833,0.325,1.4167,1.4167,1.4167,1.4167,0,3.25,0,0,0,0,0
402,2.5,2.5,2.5,0.7333,1.6,0.2667,0.2,0,0,0,1.5,6.5,6.5,2.1667,2.1667,0.25,2.5,2.5,2.5,2.5,0,2.5,0,0,0,1.2,0
403,4.25,4.25,3.5,0.6667,1.2,0.2,0.1833,0,0,0,1.0833,5.25,5.25,1.75,1.75,0.225,2.0833,2.0833,2.0833,2.0833,0,2.25,0,0,0,0.65,0
404,0.75,0.75,1.5,0.5333,0.4,0.0667,0.1833,0,0,0,0.9167,1.75,1.75,0.5833,0.5833,0.075,1.5833,1.5833,1.5833,1.5833,0,0.75,0,0,0,0,0
405,6.25,6.25,3.5,1.1333,1.2,0.1333,0.2833,0,0,0,2.0833,6.25,6.25,2.0833,2.0833,0.425,2.0833,2.0833,2.0833,2.0833,0.2813,6.25,0,0,0,1.75,0
406,2.25,2.25,1.5,0.8,1.2,0.2,0.1833,0.2,0.3,0,1.0833,5.25,5.25,1.75,1.75,0.225,2.0833,2.0833,2.0833,2.0833,0,2.25,0,0,0,0,0
407,5.5,5.5,4.5,0.6667,1.2,0.2,0.1667,0,0,0,1.5,6.5,6.5,2.1667,2.1667,0.35,1.5,1.5,1.5,1.5,0,3.5,0,0,0,0,0
408,4.75,4.75,2.5,0.6,0.8,0.1333,0.2167,0,0,0,2.25,5.75,5.75,1.9167,1.9167,0.375,1.5833,1.5833,1.5833,1.5833,0,3.75,0,0,0,1.25,0
409,2.5,2.5,1,0.6,0.8,0.1333,1.15,0,0,1.15,1.5,4.5,4.5,1.5,1.5,0.25,1.1667,1.1667,1.1667,1.1667,0,2.5,0.4,0.2778,0.1125,0,0
410,7.5,7.5,7.5,0.8,1.6,0.2667,0.2333,0.1333,0.2,0.25,2.1667,7.5,7.5,2.5,2.5,0.35,2.5,2.5,2.5,2.5,0.2125,3.5,0,0,0,0,0
411,3.25,3.25,2.5,0.6667,1.2,0.2,0.15,0,0,0,1.0833,6.25,6.25,2.0833,2.0833,0.325,1.4167,1.4167,1.4167,1.4167,0,3.25,0,0,0,1.05,0
412,3.25,3.25,2,0.7333,0.9,0.4,0.1167,0,0,0,1.4167,4.25,4.25,1.4167,1.4167,0.225,1.0833,2.1667,1.0833,2.1667,0,2.25,0,0,0,0,0
413,4,4,3,0.7333,0.8,0.1333,0.1667,0.1333,0.2,0,2,5,5,1.6667,1.6667,0.3,1.3333,1.3333,1.3333,1.3333,0,3,0,1,0.6,0,0.125
414,2.25,2.25,4.5,1.3667,2.6,0.3667,0.15,0,0,0,1.4167,7.75,7.75,2.5833,2.5833,0.225,2.25,2.25,2.25,2.25,0.1563,4.25,0,0,0,0,0
415,4,4,5.5,0.7667,1.8,0.3,0.1,0,0,0,2,6.5,6.5,2.1667,2.1667,0.2,1.8333,1.8333,1.8333,1.8333,0,2,0,0,0,0,0
416,3.75,3.75,3.5,0.6333,1,0.1667,0.1167,0,0,0,2.25,5.25,5.25,1.75,1.75,0.275,1.4167,1.4167,1.4167,1.4167,0,2.75,0,0,0,1.85,0
417,3.5,3.5,6,1,2.5,0.4,0.1667,0,0,0,2.1667,8.5,8.5,2.8333,2.8333,0.25,2.5,2.5,2.5,2.5,0.1125,2.5,0,0,0,0,0.2625
418,3.75,3.75,3,0.8333,1,0.1667,0.175,0.2,0.3,0,1.5833,5.25,5.25,1.75,1.75,0.275,1.75,1.75,1.75,3.5,0,2.75,0,0,0,1.45,0
419,6.5,6.5,9,0.8667,2.4,0.4,0.2,0,0,0,2.5,9.5,9.5,3.1667,3.1667,0.35,2.8333,2.8333,2.8333,2.8333,0,3.5,0,0,0,1.2,0
420,5.25,5.25,4.5,0.6667,1.2,0.2,0.15,0,0,0,1.0833,6.25,6.25,2.0833,2.0833,0.325,1.4167,1.4167,1.4167,1.4167,0,3.25,0,0,0,0,0
421,5.75,5.75,5,0.8,0.8,0.1333,0.375,0.2,0.3,0,1.5833,5.75,5.75,1.9167,1.9167,0.375,0.9167,0.9167,0.9167,1.8333,0,3.75,0,0,0,1.45,0
422,3.5,3.5,2.5,0.7667,1.1,0.1667,0.1667,0,0,0,2.1667,6,6,2,2,0.35,1.6667,1.6667,1.6667,1.6667,0.1125,3.5,0,0,0,0,0.2625
423,3.75,3.75,5.5,0.6,0.8,0.1333,0.25,0,0,0,0.9167,2.75,2.75,0.9167,0.9167,0.075,2.25,2.25,2.25,2.25,0,0.75,0,0,0,0.85,0
424,2,2,3,0.7,1.4,0.2333,0.1333,0,0,0,1,5.5,5.5,1.8333,1.8333,0.2,1.8333,1.8333,1.8333,1.8333,0,2,0,0,0,0,0
425,2.75,2.75,1.5,0.6,0.8,0.1333,1.075,0,0,1.075,1.25,4.75,4.75,1.5833,1.5833,0.275,1.5833,1.5833,1.5833,1.5833,0,2.75,0.55,0.3056,0.0938,0,0
426,2,2,1.5,0.6667,1.2,0.2,0.1667,0,0,0,1,5,5,1.6667,1.6667,0.2,2,2,2,2,0,2,0,0,0,0.6,0
427,4.5,4.5,4,1.2,1.6,0.2,0.1667,0,0,0,1.8333,7.5,7.5,2.5,2.5,0.45,1.5,1.5,1.5,1.5,0.1625,6.5,0,0,0,0,0
428,5,5,5,0.6667,1.2,0.2,0.1,0,0,0,1.3333,5,5,1.6667,1.6667,0.2,1.3333,1.3333,1.3333,1.3333,0,2,0,0,0,0,0
429,0.75,0.75,1.5,0.5333,0.4,0.0667,0.1833,0,0,0,0.9167,1.75,1.75,0.5833,0.5833,0.075,1.5833,1.5833,1.5833,1.5833,0,0.75,0,0,0,0,0
430,3.75,3.75,3.5,1.2333,1.8,0.2333,0.2167,0,0,0,2.25,7.25,7.25,2.4167,2.4167,0.375,2.0833,2.0833,2.0833,2.0833,0.1938,5.75,0,0,0,0,0
431,2,2,1,0.6,0.8,0.1333,0.1,0,0,0,1.3333,4,4,1.3333,1.3333,0.2,1,1,1,1,0,2,0,0,0,0,0
432,0.5,0.5,1.5,0.5333,0.4,0.0667,0.1667,0,0,0,1.5,1.5,1.5,0.5,0.5,0.05,1.5,1.5,1.5,1.5,0,0.5,0,0,0,1.2,0
433,4.25,4.25,2.5,0.6667,1.2,0.2,0.2167,0,0,0,1.4167,7.25,7.25,2.4167,2.4167,0.425,1.75,1.75,1.75,1.75,0,4.25,0,0,0,0,0
434,2.25,2.25,3,0.5667,0.6,0.1,1.125,0,0,1.125,1.0833,2.75,2.75,0.9167,0.9167,0.125,1.9167,1.9167,1.9167,1.9167,0,1.25,0.55,0.1389,0.0813,0,0
435,4.25,4.25,3,0.6667,1.2,0.2,0.25,0,0,0,2.0833,7.25,7.25,2.4167,2.4167,0.425,2.0833,2.0833,2.0833,2.0833,0,4.25,0,0,0,1.65,0
436,2.5,2.5,2.5,0.8,1.3,0.2,0.1667,0,0,0,1.5,5.5,5.5,1.8333,1.8333,0.25,1.8333,1.8333,1.8333,1.8333,0.1125,2.5,0,0,0,0,0.2625
437,0.25,0.25,3,0.6333,1,0.1667,0.15,0,0,0,1.75,2.75,2.75,0.9167,0.9167,0.025,1.9167,1.9167,1.9167,1.9167,0,0.25,0,0,0,0,0
438,2,2,1,0.6,0.8,0.1333,0.1,0,0,0,1.3333,4,4,1.3333,1.3333,0.2,1,1,1,1,0,2,0,0,0,0,0
439,4.25,4.25,3,0.6,0.8,0.1333,0.1167,0,0,0,1.4167,4.25,4.25,1.4167,1.4167,0.225,1.0833,1.0833,1.0833,1.0833,0,2.25,0,0,0,0,0
440,2.75,2.75,1,0.6667,0.8,0.1333,0.15,0.0667,0.1,0.675,2.25,4.75,4.75,1.5833,1.5833,0.275,7.5,1.25,2.5,1.25,0.0688,2.75,0,0,0,0,0
441,2,2,4,1.3333,2,0.3333,0.1,1.3333,2,0.6,1.6667,7,7,2.3333,2.3333,0.2,12,2,4,2,0.05,2,0,0,0,0,0
442,2.25,2.25,1.5,0.7333,1.2,0.2,0.1833,0.1,0.15,0.625,1.0833,5.25,5.25,1.75,1.75,0.225,12.5,2.0833,4.1667,2.0833,0.1062,2.25,0,0,0,0,0
443,3,3,2.5,0.8,1.2,0.2,0.1333,0.2,0.3,0,1,6,6,2,2,0.3,1.3333,1.3333,1.3333,1.3333,0,3,0,0,0,0,0
444,2.75,2.75,3,1.2333,1.4,0.2333,0.1833,0.8,1.2,0,1.9167,6.25,6.25,2.0833,2.0833,0.275,2.0833,2.0833,2.0833,2.0833,0,2.75,0,0,0,0,0
445,3,3,2.5,0.9333,1.05,0.2,0.1333,0,0,0,1,4,4,1.3333,1.3333,0.2,1.3333,2.6667,1.3333,1.3333,0.275,4,0,0,0,0.9,0
446,2,2,1.5,0.6,0.8,0.1333,0.1333,0,0,0,1,4,4,1.3333,1.3333,0.2,1.3333,1.3333,1.3333,1.3333,0,2,0,0,0,0,0
447,0.25,0.25,1.5,0.5333,0.4,0.0667,0.15,0,0,0,0.75,1.25,1.25,0.4167,0.4167,0.025,1.4167,1.4167,1.4167,1.4167,0,0.25,0,0,0,0,0
448,5,5,3.5,0.6,0.8,0.1333,0.1667,0,0,0,2.3333,5,5,1.6667,1.6667,0.3,1.3333,1.3333,1.3333,1.3333,0,3,0,0,0,0.8,0
449,0.75,0.75,1.5,0.6,0.4,0.0667,0.1833,0.0333,0.05,0.575,1.25,1.75,1.75,0.5833,0.5833,0.075,9.5,1.5833,3.1667,1.5833,0.1187,0.75,0,0,0,0,0
450,2.25,2.25,1.5,0.7333,1.2,0.2,0.1833,0.1,0.15,0.625,1.0833,5.25,5.25,1.75,1.75,0.225,12.5,2.0833,4.1667,2.0833,0.1062,2.25,0,0,0,0,0
451,4.25,4.25,3.5,1,1.45,0.2667,0.1833,0,0,0,1.0833,5.25,5.25,1.75,1.75,0.225,2.0833,4.1667,2.0833,2.0833,0.3312,4.25,0,0,0,0,0
452,3,3,2.5,0.8667,1.3,0.4667,0.1667,0.1667,0.25,0.6,1,5,5,1.6667,1.6667,0.2,12,4,4,4,0.125,2,0,0,0,0,0
453,0,0,1.5,0.5333,0.4,0.0667,0.1333,0,0,0,1.3333,1,1,0.3333,0.3333,0,1.3333,1.3333,1.3333,1.3333,0,0,0,0,0,0,0
454,3.25,3.25,2,0.7333,0.9,0.4,0.1167,0,0,0,1.4167,4.25,4.25,1.4167,1.4167,0.225,1.0833,2.1667,1.0833,2.1667,0,2.25,0,0,0,0,0
455,4,4,4,0.7,1.4,0.2333,0.1667,0,0,0,2.3333,6.5,6.5,2.1667,2.1667,0.3,1.8333,1.8333,1.8333,1.8333,0,3,0,0,0,0,0
456,4,4,2.5,0.6667,1.2,0.2,0.2,0,0,0,1.3333,7,7,2.3333,2.3333,0.4,1.6667,1.6667,1.6667,1.6667,0,4,0,0,0,0,0
457,3.5,3.5,2.5,0.7333,0.8,0.1333,0.1667,0.1333,0.2,0,1.1667,4.5,4.5,1.5,1.5,0.25,1.5,1.5,1.5,1.5,0,2.5,0,0,0,0,0
458,2.25,2.25,3,0.7667,1.8,0.3,0.1833,0,0,0,1.4167,6.75,6.75,2.25,2.25,0.225,2.5833,2.5833,2.5833,2.5833,0,2.25,0,0,0,0,0
459,0.75,0.75,1.5,1.0667,0.4,0.0667,0.1833,0.2667,0.4,0.575,0.9167,1.75,1.75,0.5833,0.5833,0.075,9.5,1.5833,3.1667,1.5833,0.1187,0.75,0,0,0,0,0
460,0.75,0.75,1.5,0.5333,0.4,0.0667,0.1833,0,0,0,0.9167,1.75,1.75,0.5833,0.5833,0.075,1.5833,1.5833,1.5833,1.5833,0,0.75,0,0,0,0.75,0
461,2.75,2.75,2,1.1667,1.4,0.1667,0.1833,0,0,0,1.5833,5.25,5.25,1.75,1.75,0.275,1.75,1.75,1.75,1.75,0.1938,4.75,0,0,0,0,0
462,4,4,1.5,0.6,0.8,0.1333,0.2333,0,0,0,2.6667,6,6,2,2,0.4,1.6667,1.6667,1.6667,1.6667,0,4,0,0,0,0,0
463,1.5,1.5,1.5,0.5333,0.4,0.0667,0.2333,0,0,0,1.8333,2.5,2.5,0.8333,0.8333,0.15,1.8333,1.8333,1.8333,1.8333,0,1.5,0,0,0,0,0
464,0.25,0.25,3,0.6333,1,0.1667,0.15,0,0,0,1.0833,2.75,2.75,0.9167,0.9167,0.025,1.9167,1.9167,1.9167,1.9167,0,0.25,0,0,0,0,0
465,4.75,4.75,7.5,0.8667,2.4,0.4,0.875,0,0,0.875,2.5833,8.75,8.75,2.9167,2.9167,0.275,2.9167,2.9167,2.9167,2.9167,0,2.75,0.55,0.3056,0.1938,0,0
466,5,5,8,0.8667,2.4,0.4,0.1333,0,0,0,2.6667,9,9,3,3,0.3,2.6667,2.6667,2.6667,2.6667,0,3,0,0,0,1.7,0
467,3.25,3.25,2.5,0.6667,1.2,0.2,0.1833,0,0,0,1.4167,5.25,5.25,1.75,1.75,0.225,2.0833,2.0833,2.0833,2.0833,0,2.25,0,0,0,0,0
468,3,3,2.5,0.8333,1.5,0.2333,0.2,0,0,0,1.3333,6.5,6.5,2.1667,2.1667,0.3,1.8333,1.8333,1.8333,1.8333,0.1,3,0,0,0,0,0.25
469,4.25,4.25,4,1.2667,1.6,0.2667,0.425,1.0667,1.6,0,1.4167,7.25,7.25,2.4167,2.4167,0.325,2.0833,2.0833,2.0833,2.0833,0,3.25,0,0,0,0,0
470,1.25,1.25,2.5,0.5333,0.4,0.0667,0.15,0,0,0,0.75,1.25,1.25,0.4167,0.4167,0.025,1.4167,1.4167,1.4167,1.4167,0,0.25,0,0,0,0,0
471,2.25,2.25,3,1.0667,1.85,0.3333,0.15,0,0,0,1.0833,6.25,6.25,2.0833,2.0833,0.225,1.75,3.5,1.75,1.75,0.2313,4.25,0,0,0,0,0
472,3.75,3.75,4.5,0.7,1.4,0.2333,0.1167,0,0,0,1.9167,7.25,7.25,2.4167,2.4167,0.375,1.4167,1.4167,1.4167,1.4167,0,3.75,0,0,0,1.35,0
473,3.5,3.5,4,0.6667,1.2,0.2,0.1,0,0,0,2.5,5.5,5.5,1.8333,1.8333,0.25,1.5,1.5,1.5,1.5,0,2.5,0,0,0,1.5,0
474,7.25,7.25,7,1.2,1.6,0.2,0.15,0,0,0,1.75,7.25,7.25,2.4167,2.4167,0.425,1.4167,1.4167,1.4167,1.4167,0.2313,6.25,0,0,0,0,0
475,5,5,2.5,0.9333,1.05,0.2,0.2333,0,0,0,2.3333,6,6,2,2,0.4,1.6667,3.3333,1.6667,1.6667,0.3,6,0,0,0,0,0
476,3.25,3.25,1.5,0.6,0.8,0.1333,0.1833,0,0,0,2.0833,5.25,5.25,1.75,1.75,0.325,1.4167,1.4167,1.4167,1.4167,0,3.25,0,0,0,0.85,0
477,2.25,2.25,1.5,0.6,0.8,0.1333,0.15,0,0,0,1.4167,4.25,4.25,1.4167,1.4167,0.225,1.4167,1.4167,1.4167,1.4167,0,2.25,0,0,0,0,0
478,3,3,1,0.6,0.8,0.1333,0.1667,0,0,0,1.6667,5,5,1.6667,1.6667,0.3,1.3333,1.3333,1.3333,1.3333,0,3,0,0,0,0,0
479,6.75,6.75,6,0.8667,1.2,0.2,0.475,0.3,0.45,0,1.9167,7.75,7.75,2.5833,2.5833,0.475,1.5833,1.5833,1.5833,3.1667,0,4.75,0,0,0,0,0
480,2.25,2.25,2.5,0.7,1,0.1667,0.1167,0.0667,0.1,0.325,2.0833,4.75,4.75,1.5833,1.5833,0.225,1.25,1.25,1.25,1.25,0.0563,2.25,0,0,0,0,0
481,3.5,3.5,2.5,0.6333,1,0.1667,0.2,0,0,0,1.8333,6,6,2,2,0.35,1.6667,1.6667,1.6667,1.6667,0,3.5,0,0,0,2,0
482,3.25,3.25,3,0.8,0.8,0.1333,0.325,0.2,0.3,0,1.4167,4.25,4.25,1.4167,1.4167,0.225,1.0833,1.0833,1.0833,2.1667,0,2.25,0,0,0,0,0
483,3.75,3.75,4.5,0.7,1.4,0.2333,0.1167,0,0,0,2.9167,6.25,6.25,2.0833,2.0833,0.275,1.75,1.75,1.75,1.75,0,2.75,0,0,0,1.15,0
484,4,4,2.5,0.6,0.8,0.1333,0.1667,0,0,0,2,5,5,1.6667,1.6667,0.3,1.3333,1.3333,1.3333,1.3333,0,3,0,0,0,0.8,0
485,0.25,0.25,1.5,0.5333,0.4,0.0667,0.15,0,0,0,0.75,1.25,1.25,0.4167,0.4167,0.025,1.4167,1.4167,1.4167,1.4167,0,0.25,0,0,0,0,0
486,2.5,2.5,3,0.8333,1.4,0.2333,0.1667,0.2,0.3,0,1.8333,6,6,2,2,0.25,2,2,2,2,0,2.5,0,0,0,0,0
487,2.75,2.75,1.5,0.9333,1.3,0.4667,0.2167,0.2667,0.4,0,1.25,5.75,5.75,1.9167,1.9167,0.275,2.25,4.5,2.25,4.5,0,2.75,0,0,0,0,0
488,2,2,1,1.1333,0.8,0.1333,0.1,0.5333,0.8,0,1.3333,4,4,1.3333,1.3333,0.2,1,1,1,1,0,2,0,0,0,0,0
489,3,3,2.5,0.6667,1.2,0.2,0.1333,0,0,0,1,6,6,2,2,0.3,1.3333,1.3333,1.3333,1.3333,0,3,0,0,0,1.4,0
490,0.75,0.75,1.5,0.5333,0.4,0.0667,0.1833,0,0,0,0.9167,1.75,1.75,0.5833,0.5833,0.075,1.5833,1.5833,1.5833,1.5833,0,0.75,0,0,0,0,0
491,3.75,3.75,2.5,0.6667,1.2,0.2,0.1833,0,0,0,1.25,6.75,6.75,2.25,2.25,0.375,1.5833,1.5833,1.5833,1.5833,0,3.75,0,0,0,0,0
492,3.25,3.25,2.5,0.6667,1.2,0.2,0.2167,0,0,0,1.4167,6.25,6.25,2.0833,2.0833,0.325,1.75,1.75,1.75,1.75,0,3.25,0,0,0,0,0
493,3.25,3.25,2,0.6,0.8,0.1333,0.1167,0,0,0,1.4167,4.25,4.25,1.4167,1.4167,0.225,1.0833,1.0833,1.0833,1.0833,0,2.25,0,0,0,0,0
494,4,4,4,0.7667,1.8,0.3,0.2,0,0,0,1.3333,8.5,8.5,2.8333,2.8333,0.4,2.1667,2.1667,2.1667,2.1667,0,4,0,0,0,0,0
495,3,3,6,1.3667,2.6,0.3667,0.1333,0,0,0,2,7.5,7.5,2.5,2.5,0.2,2.5,2.5,2.5,2.5,0.2,4,0,0,0,0,0
496,6.5,6.5,8.5,0.9667,1.8,0.3,0.35,0.4,0.6,0,1.5,8,8,2.6667,2.6667,0.35,1.6667,1.6667,1.6667,3.3333,0,3.5,0,0,0,0,0
497,2.25,2.25,2.5,0.7,1.4,0.2333,0.1167,0,0,0,1.75,5.75,5.75,1.9167,1.9167,0.225,1.5833,1.5833,1.5833,1.5833,0,2.25,0,0,0,0,0
498,2.75,2.75,1.5,0.6667,1.2,0.2,0.2167,0,0,0,1.25,5.75,5.75,1.9167,1.9167,0.275,2.25,2.25,2.25,2.25,0,2.75,0,0,0,0,0
499,5.75,5.75,5,0.6667,1.2,0.2,0.2167,0,0,0,1.5833,5.75,5.75,1.9167,1.9167,0.275,1.9167,1.9167,1.9167,1.9167,0,2.75,0,0,0,0,0
500,4,4,5.5,0.9,1.9,0.3,0.1333,0,0,0,1.3333,6.5,6.5,2.1667,2.1667,0.2,1.8333,1.8333,1.8333,1.8333,0.125,2,0,0,0,0,0.275
501,4.75,4.75,5,0.8667,1.2,0.2,0.375,0.3,0.45,0,1.5833,5.75,5.75,1.9167,1.9167,0.275,1.5833,1.5833,1.5833,3.1667,0,2.75,0,0.9167,0.475,0,0.1437
502,2,2,1.5,0.6667,1.2,0.2,0.1667,0,0,0,1,5,5,1.6667,1.6667,0.2,2,2,2,2,0,2,0,0,0,0,0
503,5.75,5.75,3.5,0.6,0.8,0.1333,0.2167,0,0,0,3.9167,5.75,5.75,1.9167,1.9167,0.375,1.5833,1.5833,1.5833,1.5833,0,3.75,0,0,0,0,0
504,3.75,3.75,2.5,0.8,1.2,0.2,0.2167,0.2,0.3,0,1.25,5.75,5.75,1.9167,1.9167,0.275,2.25,2.25,2.25,2.25,0,2.75,0,0,0,0.75,0
505,5.5,5.5,3,0.6,0.8,0.1333,0.2667,0,0,0,2.1667,6.5,6.5,2.1667,2.1667,0.45,1.8333,1.8333,1.8333,1.8333,0,4.5,0,0,0,0,0
506,3.25,3.25,2.5,0.6667,1.2,0.2,0.15,0,0,0,1.75,6.25,6.25,2.0833,2.0833,0.325,1.4167,1.4167,1.4167,1.4167,0,3.25,0,0,0,0,0
507,3,3,3,1.2,1.6,0.2,0.1333,0,0,0,2,6,6,2,2,0.3,1.6667,1.6667,1.6667,1.6667,0.175,5,0,0,0,0,0
508,4,4,3,0.6,0.8,0.1333,0.1,0,0,0,1.3333,4,4,1.3333,1.3333,0.2,1,1,1,1,0,2,0,0,0,0,0
509,3.5,3.5,3,0.7667,1.1,0.1667,0.1667,0,0,0,2.1667,5,5,1.6667,1.6667,0.25,1.6667,1.6667,1.6667,1.6667,0.1375,2.5,0,0,0,0,0.2875
510,3,3,3,0.7667,1.1,0.1667,0.1333,0,0,0,1.3333,4.5,4.5,1.5,1.5,0.2,1.5,1.5,1.5,1.5,0.125,2,0,0,0,0,0.275
511,4.75,4.75,5,0.7333,1.6,0.2667,0.1833,0,0,0,2.25,6.75,6.75,2.25,2.25,0.275,1.9167,1.9167,1.9167,1.9167,0,2.75,0,0,0,1.35,0
512,3.5,3.5,4,0.7667,1.8,0.3,0.1667,0,0,0,1.5,8,8,2.6667,2.6667,0.35,2,2,2,2,0,3.5,0,0,0,0,0
513,2.5,2.5,2,0.6333,1,0.1667,0.1667,0,0,0,1.1667,5,5,1.6667,1.6667,0.25,1.6667,1.6667,1.6667,1.6667,0,2.5,0,0,0,0,0
514,2.5,2.5,3,1.2,1.6,0.2,0.1333,0,0,0,1.5,5.5,5.5,1.8333,1.8333,0.25,1.5,1.5,1.5,1.5,0.1625,4.5,0,0,0,0,0
515,0,0,1.5,0.6667,0.5,0.3333,0.1333,0,0,0,0.6667,1,1,0.3333,0.3333,0,1.3333,2.6667,1.3333,2.6667,0,0,0,0,0,0,0
516,2,2,1.5,0.6,0.8,0.1333,0.1333,0,0,0,1.6667,4,4,1.3333,1.3333,0.2,1.3333,1.3333,1.3333,1.3333,0,2,0,0,0,1.5,0
517,3.75,3.75,3.5,0.6333,1,0.1667,0.1167,0,0,0,2.25,5.25,5.25,1.75,1.75,0.275,1.4167,1.4167,1.4167,1.4167,0,2.75,0,0,0,1.45,0
518,4.75,4.75,3.5,1,1.45,0.4667,0.1833,0,0,0,1.25,6.75,6.75,2.25,2.25,0.375,1.5833,4.75,1.5833,3.1667,0.2687,5.75,0,0,0,0,0
519,2.75,2.75,1.5,0.7333,0.8,0.1333,0.1833,0.1333,0.2,0,1.5833,4.75,4.75,1.5833,1.5833,0.275,1.5833,1.5833,1.5833,1.5833,0,2.75,0,0,0,0,0
520,2.75,2.75,5,0.6333,1,0.1667,0.1833,0,0,0,1.25,3.25,3.25,1.0833,1.0833,0.075,2.0833,2.0833,2.0833,2.0833,0,0.75,0,0,0,0.55,0
521,2.25,2.25,1.5,0.6,0.8,0.1333,0.15,0,0,0,1.0833,4.25,4.25,1.4167,1.4167,0.225,1.4167,1.4167,1.4167,1.4167,0,2.25,0,0,0,1.25,0
522,4,4,4,0.8,1.2,0.2,0.1667,0.2,0.3,0,1.6667,6,6,2,2,0.3,1.6667,1.6667,1.6667,1.6667,0,3,0,0,0,0,0
523,0,0,1.5,0.5333,0.4,0.0667,0.2,0,0,0,0.6667,1,1,0.3333,0.3333,0,1.6667,1.6667,1.6667,1.6667,0,0,0,0,0,0,0
524,0.75,0.75,1.5,0.5333,0.4,0.0667,0.1833,0,0,0,0.9167,1.75,1.75,0.5833,0.5833,0.075,1.5833,1.5833,1.5833,1.5833,0,0.75,0,0,0,0,0
525,2,2,2.5,0.8,1.2,0.2,0.1333,0.2,0.3,0,1,5,5,1.6667,1.6667,0.2,1.6667,1.6667,1.6667,1.6667,0,2,0,0,0,0,0
526,2.75,2.75,2.5,0.7,1.4,0.2333,0.15,0,0,0,1.9167,6.25,6.25,2.0833,2.0833,0.275,1.75,1.75,1.75,1.75,0,2.75,0,0,0,0,0
527,0,0,1.5,0.8667,0.65,0.1333,0.1333,0,0,0,0.6667,1,1,0.3333,0.3333,0,1.3333,2.6667,1.3333,1.3333,0.275,2,0,0,0,0,0
528,3,3,2.5,0.6333,1,0.1667,0.1667,0,0,0,2.3333,5.5,5.5,1.8333,1.8333,0.3,1.5,1.5,1.5,1.5,0,3,0,1,0.7,0,0.1
529,2,2,1.5,0.6,0.8,0.1333,0.1333,0,0,0,1.6667,4,4,1.3333,1.3333,0.2,1.3333,1.3333,1.3333,1.3333,0,2,0,0,0,0,0
530,2,2,3.5,0.7667,1.8,0.3,0.1,0,0,0,2,6.5,6.5,2.1667,2.1667,0.2,1.8333,1.8333,1.8333,1.8333,0,2,0,0,0,0,0
531,5.5,5.5,5.5,0.8,1.3,0.4667,0.1667,0,0,0,1.8333,5.5,5.5,1.8333,1.8333,0.25,1.8333,3.6667,1.8333,3.6667,0,2.5,0,0,0,0,0
532,5.25,5.25,4,0.7333,0.8,0.1333,0.15,0.1333,0.2,0,2.4167,6.25,6.25,2.0833,2.0833,0.425,1.0833,1.0833,1.0833,1.0833,0,4.25,0,0,0,0,0
533,2.25,2.25,1,0.6,0.8,0.1333,0.1167,0,0,0,1.4167,4.25,4.25,1.4167,1.4167,0.225,1.0833,1.0833,1.0833,1.0833,0,2.25,0,0,0,1.05,0
534,4,4,4,0.7,1.4,0.2333,0.1667,0,0,0,2.3333,6.5,6.5,2.1667,2.1667,0.3,1.8333,1.8333,1.8333,1.8333,0,3,0,0,0,0,0
535,3.25,3.25,2.5,0.6667,1.2,0.2,0.15,0,0,0,3.4167,6.25,6.25,2.0833,2.0833,0.325,1.4167,1.4167,1.4167,1.4167,0,3.25,0,0,0,0,0
536,2,2,1,0.6,0.8,0.1333,0.1,0,0,0,2,4,4,1.3333,1.3333,0.2,1,1,1,1,0,2,0,0,0,0,0
537,5,5,2.5,0.6,0.8,0.1333,0.2667,0,0,0,2,6,6,2,2,0.4,2,2,2,2,0,4,0,1.3333,0.6,0,0.175
538,4.75,4.75,3,0.6,0.8,0.1333,0.15,0,0,0,1.5833,4.75,4.75,1.5833,1.5833,0.275,1.25,1.25,1.25,1.25,0,2.75,0,0,0,1.05,0
539,2,2,3,0.9,1.8,0.3,0.1667,0.2667,0.4,0,1.3333,6.5,6.5,2.1667,2.1667,0.2,2.5,2.5,2.5,2.5,0,2,0,0,0,0,0
540,4.75,4.75,3.5,0.6667,1.2,0.2,0.2167,0,0,0,1.25,5.75,5.75,1.9167,1.9167,0.275,2.25,2.25,2.25,2.25,0,2.75,0,0,0,0,0
541,2.5,2.5,3.5,0.7333,1.6,0.2667,0.85,0,0,0.85,1.8333,6.5,6.5,2.1667,2.1667,0.25,2.1667,2.1667,2.1667,2.1667,0,2.5,0.5,0.2778,0.1375,0,0
542,2.75,2.75,1,0.6,0.8,0.1333,0.2167,0,0,0,1.5833,4.75,4.75,1.5833,1.5833,0.275,1.5833,1.5833,1.5833,1.5833,0,2.75,0,0,0,0,0
543,4,4,6,0.8333,2.2,0.3667,0.2,0,0,0,2.3333,8.5,8.5,2.8333,2.8333,0.3,2.8333,2.8333,2.8333,2.8333,0,3,0,0,0,0,0
544,3.75,3.75,5,1.2667,2,0.2667,0.1167,0,0,0,2.9167,6.75,6.75,2.25,2.25,0.275,1.9167,1.9167,1.9167,1.9167,0.1938,4.75,0,0,0,0,0
545,2.25,2.25,1.5,0.7333,0.8,0.1333,0.15,0.1333,0.2,0,1.0833,4.25,4.25,1.4167,1.4167,0.225,1.4167,1.4167,1.4167,1.4167,0,2.25,0,0,0,0,0
546,3.25,3.25,1.5,0.9333,1.05,0.2,0.2167,0,0,0,1.4167,5.25,5.25,1.75,1.75,0.325,1.75,3.5,1.75,1.75,0.2813,5.25,0,0,0,0,0
547,2,2,1,0.6,0.8,0.1333,0.1,0,0,0,1.6667,4,4,1.3333,1.3333,0.2,1,1,1,1,0,2,0,0,0,0,0
548,3.5,3.5,2.5,0.8,1.2,0.2,0.2333,0.2,0.3,0,1.8333,6.5,6.5,2.1667,2.1667,0.35,2.1667,2.1667,2.1667,2.1667,0,3.5,0,0,0,0,0
549,6.25,6.25,9,1.0333,2.6,0.4333,0.15,0.4,0.6,0,1.4167,9.75,9.75,3.25,3.25,0.325,2.5833,2.5833,2.5833,2.5833,0,3.25,0,0,0,0,0
550,6,6,9,1.2667,3.05,0.5333,0.2,0,0,0,2,10,10,3.3333,3.3333,0.3,3,6,3,3,0.325,5,0,0,0,1.6,0
551,3.75,3.75,4,0.6667,1.2,0.2,0.15,0,0,0,1.5833,5.75,5.75,1.9167,1.9167,0.275,1.5833,1.5833,1.5833,1.5833,0,2.75,0,0,0,1.25,0
552,0.5,0.5,1.5,0.5333,0.4,0.0667,0.1667,0,0,0,0.8333,1.5,1.5,0.5,0.5,0.05,1.5,1.5,1.5,1.5,0,0.5,0,0,0,0,0
553,2.75,2.75,1.5,0.6667,1.2,0.2,1.175,0,0,1.175,1.25,5.75,5.75,1.9167,1.9167,0.275,2.25,2.25,2.25,2.25,0,2.75,0.65,0.3056,0.0938,0,0
554,4.75,4.75,5.5,0.9333,1.6,0.2667,0.175,0.4,0.6,0,1.9167,6.75,6.75,2.25,2.25,0.275,2.25,2.25,2.25,4.5,0,2.75,0,0,0,1.15,0
555,5.5,5.5,5,0.6,0.8,0.1333,0.1,0,0,0,1.8333,5.5,5.5,1.8333,1.8333,0.35,0.8333,0.8333,0.8333,0.8333,0,3.5,0,0,0,1.4,0
556,3.5,3.5,2.5,0.7333,1.2,0.2,0.1667,0.1,0.15,0.55,1.1667,6.5,6.5,2.1667,2.1667,0.35,9,1.5,3,1.5,0.0625,3.5,0,0,0,0,0
557,0,0,1.5,0.8667,0.65,0.1333,0.1333,0,0,0,0.6667,1,1,0.3333,0.3333,0,1.3333,2.6667,1.3333,1.3333,0.275,2,0,0,0,0,0
558,3.25,3.25,1.5,0.6,0.8,0.1333,0.1833,0,0,0,2.4167,5.25,5.25,1.75,1.75,0.325,1.4167,1.4167,1.4167,1.4167,0,3.25,0,0,0,0,0
559,3.25,3.25,3.5,0.7,1.4,0.2333,1.125,0,0,1.125,1.75,6.75,6.75,2.25,2.25,0.325,1.9167,1.9167,1.9167,1.9167,0,3.25,0.55,0.3611,0.1313,0,0
560,2.25,2.25,2,0.6333,1,0.1667,0.15,0,0,0,1.4167,4.75,4.75,1.5833,1.5833,0.225,1.5833,1.5833,1.5833,1.5833,0,2.25,0,0,0,0,0
561,3.25,3.25,1.5,0.6,0.8,0.1333,0.2167,0,0,0,1.75,5.25,5.25,1.75,1.75,0.325,1.75,1.75,1.75,1.75,0,3.25,0,0,0,0,0
562,3,3,1.5,0.6667,1.2,0.2,0.2333,0,0,0,1.3333,6,6,2,2,0.3,2.3333,2.3333,2.3333,2.3333,0,3,0,0,0,0,0
563,2,2,2.5,0.8667,1.2,0.2,0.1,0.3,0.45,0,1.6667,5,5,1.6667,1.6667,0.2,1.6667,1.6667,1.6667,3.3333,0,2,0,0,0,0,0
564,2.25,2.25,3.5,0.5333,0.4,0.0667,0.15,0,0,0,1.75,1.25,1.25,0.4167,0.4167,0.025,1.4167,1.4167,1.4167,1.4167,0,0.25,0,0,0,0,0
565,2,2,1.5,1.1333,0.8,0.1333,0.1333,0.5333,0.8,0,1,4,4,1.3333,1.3333,0.2,1.3333,1.3333,1.3333,1.3333,0,2,0,0,0,0,0
566,3,3,4,0.7667,1.8,0.3,0.1333,0,0,0,1.3333,7.5,7.5,2.5,2.5,0.3,1.8333,1.8333,1.8333,1.8333,0,3,0,0,0,1.4,0
567,0,0,3,0.7667,1.1,0.4333,0.1333,0,0,0,1,2.5,2.5,0.8333,0.8333,0,1.8333,3.6667,1.8333,3.6667,0,0,0,0,0,0,0
568,3.25,3.25,2,0.6667,0.8,0.1333,1.125,0.0667,0.1,1.425,1.4167,4.25,4.25,1.4167,1.4167,0.225,1.0833,1.0833,1.0833,1.0833,0.0813,2.25,0.35,0.25,0.1062,0,0
569,0.25,0.25,3,0.6333,1,0.1667,1.025,0,0,1.025,1.0833,2.75,2.75,0.9167,0.9167,0.025,1.9167,1.9167,1.9167,1.9167,0,0.25,0.35,0.0278,0.0813,0.65,0
570,4.5,4.5,2.5,0.6,0.8,0.1333,0.2,0,0,0,2.8333,5.5,5.5,1.8333,1.8333,0.35,1.5,1.5,1.5,1.5,0,3.5,0,0,0,0,0
571,2.75,2.75,1,0.6,0.8,0.1333,0.15,0,0,0,1.5833,4.75,4.75,1.5833,1.5833,0.275,1.25,1.25,1.25,1.25,0,2.75,0,0,0,0,0
572,4.25,4.25,2,0.6,0.8,0.1333,0.1833,0,0,0,1.75,5.25,5.25,1.75,1.75,0.325,1.4167,1.4167,1.4167,1.4167,0,3.25,0,0,0,0,0
573,8,8,10.5,0.9,2.2,0.3667,0.7,0.1667,0.25,1,1.6667,9.5,9.5,3.1667,3.1667,0.4,2.1667,2.1667,2.1667,2.1667,0.15,4,0.5,0.4444,0.125,0,0
574,2.25,2.25,4.5,0.7667,1.8,0.3,0.0833,0,0,0,2.4167,6.75,6.75,2.25,2.25,0.225,1.9167,1.9167,1.9167,1.9167,0,2.25,0,0,0,1.65,0
575,3.5,3.5,2.5,0.8333,1,0.1667,0.45,0.2,0.3,0,2.1667,6,6,2,2,0.35,1.6667,1.6667,1.6667,3.3333,0,3.5,0,0,0,1.4,0
576,2.75,2.75,1.5,0.7333,0.9,0.4,0.1833,0,0,0,1.25,4.75,4.75,1.5833,1.5833,0.275,1.5833,3.1667,1.5833,3.1667,0,2.75,0,0,0,0,0
577,2.5,2.5,1.5,0.8,0.8,0.1333,0.15,0.2,0.3,0,1.5,4.5,4.5,1.5,1.5,0.25,1.5,1.5,1.5,3,0,2.5,0,0.8333,0.45,0,0.1125
578,4.25,4.25,3.5,0.6,0.8,0.1333,0.15,0,0,0,1.0833,4.25,4.25,1.4167,1.4167,0.225,1.4167,1.4167,1.4167,1.4167,0,2.25,0,0,0,0,0
579,3.25,3.25,2.5,0.6667,1.2,0.2,0.1833,0,0,0,1.4167,5.25,5.25,1.75,1.75,0.225,2.0833,2.0833,2.0833,2.0833,0,2.25,0,0,0,0,0
580,6,6,4,0.8667,1.2,0.2,0.5,0.3,0.45,0,1.6667,7,7,2.3333,2.3333,0.4,2,2,2,4,0,4,0,1.3333,0.5,0,0.175
581,2.5,2.5,1,0.6,0.8,0.1333,0.1333,0,0,0,1.5,4.5,4.5,1.5,1.5,0.25,1.1667,1.1667,1.1667,1.1667,0,2.5,0,0,0,0,0
582,2.25,2.25,1,0.6,0.8,0.1333,0.1833,0,0,0,1.4167,4.25,4.25,1.4167,1.4167,0.225,1.4167,1.4167,1.4167,1.4167,0,2.25,0,0,0,0,0
583,6,6,5.5,1.1667,1.4,0.1667,0.1333,0,0,0,2,6.5,6.5,2.1667,2.1667,0.4,1.1667,1.1667,1.1667,1.1667,0.2,6,0,0,0,1.7,0
584,3.25,3.25,2,0.9333,1.05,0.2,0.1167,0,0,0,1.4167,4.25,4.25,1.4167,1.4167,0.225,1.0833,2.1667,1.0833,1.0833,0.2562,4.25,0,0,0,0,0
585,4,4,4,1.2667,1.6,0.2667,0.2333,1.0667,1.6,0,2.3333,8,8,2.6667,2.6667,0.4,2.3333,2.3333,2.3333,2.3333,0,4,0,1.3333,0.7,0,0.125
586,2.25,2.25,3.5,0.8333,1.4,0.2333,0.0833,0.2,0.3,0,2.0833,5.75,5.75,1.9167,1.9167,0.225,1.5833,1.5833,1.5833,1.5833,0,2.25,0,0,0,0,0
587,4,4,2.5,0.6667,1.2,0.2,0.2,0,0,0,1.6667,7,7,2.3333,2.3333,0.4,1.6667,1.6667,1.6667,1.6667,0,4,0,0,0,1.4,0
588,5,5,5,0.6667,1.2,0.2,0.1,0,0,0,2.3333,5,5,1.6667,1.6667,0.2,1.3333,1.3333,1.3333,1.3333,0,2,0,0,0,0,0
589,3,3,1.5,0.6,0.8,0.1333,0.1667,0,0,0,3,5,5,1.6667,1.6667,0.3,1.3333,1.3333,1.3333,1.3333,0,3,0,0,0,0,0
590,2,2,1.5,0.6,0.8,0.1333,0.1333,0,0,0,1.3333,4,4,1.3333,1.3333,0.2,1.3333,1.3333,1.3333,1.3333,0,2,0,0,0,0,0
591,3.25,3.25,3.5,0.5333,0.4,0.0667,0.2833,0,0,0,1.75,2.25,2.25,0.75,0.75,0.125,2.0833,2.0833,2.0833,2.0833,0,1.25,0,0,0,0,0
592,4,4,3.5,0.8333,1.4,0.2333,0.2333,0.2,0.3,0,2.6667,7.5,7.5,2.5,2.5,0.4,2.1667,2.1667,2.1667,2.1667,0,4,0,0,0,0,0
593,2.5,2.5,1.5,0.6,0.8,0.1333,0.1667,0,0,0,1.1667,4.5,4.5,1.5,1.5,0.25,1.5,1.5,1.5,1.5,0,2.5,0,0,0,1.3,0
594,4,4,3.5,0.6667,1.2,0.2,0.1333,0,0,0,1.6667,6,6,2,2,0.3,1.3333,1.3333,1.3333,1.3333,0,3,0,0,0,0,0
595,2,2,1.5,0.6,0.8,0.1333,1,0,0,1,1,4,4,1.3333,1.3333,0.2,1.3333,1.3333,1.3333,1.3333,0,2,0.4,0.2222,0.075,0.7,0
596,3.75,3.75,1.5,0.6,0.8,0.1333,0.2167,0,0,0,3.25,5.75,5.75,1.9167,1.9167,0.375,1.5833,1.5833,1.5833,1.5833,0,3.75,0,0,0,0,0
597,0,0,1.5,1.0667,0.4,0.0667,1,0.2667,0.4,1,0.6667,1,1,0.3333,0.3333,0,1.3333,1.3333,1.3333,1.3333,0,0,0.3,0,0.05,0,0
598,3.75,3.75,3,1.2333,1.4,0.2333,0.2167,0.8,1.2,0.475,2.9167,7.25,7.25,2.4167,2.4167,0.375,12.5,2.0833,4.1667,2.0833,0.0938,3.75,0,0,0,0,0
599,3.25,3.25,3.5,0.7333,1.2,0.2,0.15,0.1,0.15,0.325,2.0833,5.25,5.25,1.75,1.75,0.225,10.5,1.75,3.5,1.75,0.1062,2.25,0,0,0,0,0
600,4.25,4.25,5,0.7333,1.6,0.2667,0.15,0,0,0,1.4167,6.25,6.25,2.0833,2.0833,0.225,1.75,1.75,1.75,1.75,0,2.25,0,0,0,1.35,0
601,6.25,6.25,6,0.6667,1.2,0.2,0.15,0,0,0,1.75,7.25,7.25,2.4167,2.4167,0.425,1.4167,1.4167,1.4167,1.4167,0,4.25,0,0,0,2.05,0
602,2,2,1.5,1.2,1.2,0.2,0.1667,0.8,1.2,0,1,5,5,1.6667,1.6667,0.2,2,2,2,2,0,2,0,0,0,0,0
603,2.75,2.75,1.5,0.8,1.2,0.2,0.2167,0.2,0.3,0,1.25,5.75,5.75,1.9167,1.9167,0.275,2.25,2.25,2.25,2.25,0,2.75,0,0,0,0,0
604,2.25,2.25,1,0.6,0.8,0.1333,0.1167,0,0,0,1.4167,4.25,4.25,1.4167,1.4167,0.225,1.0833,1.0833,1.0833,1.0833,0,2.25,0,0,0,0,0
605,2.5,2.5,5,0.8,2,0.3333,0.1333,0,0,0,2.5,7.5,7.5,2.5,2.5,0.25,2.1667,2.1667,2.1667,2.1667,0,2.5,0,0.8333,0.75,0,0.0875
606,2.25,2.25,3.5,0.6,0.4,0.0667,0.15,0.0333,0.05,0.525,0.75,1.25,1.25,0.4167,0.4167,0.025,8.5,1.4167,2.8333,1.4167,0.1563,0.25,0,0,0,0,0
607,6.25,6.25,7,0.8333,2.2,0.3667,0.2167,0,0,0,2.0833,9.75,9.75,3.25,3.25,0.425,2.5833,2.5833,2.5833,2.5833,0,4.25,0,0,0,1.15,0
608,3,3,3,0.8333,1.4,0.2333,0.1667,0.2,0.3,0,2.3333,6.5,6.5,2.1667,2.1667,0.3,1.8333,1.8333,1.8333,1.8333,0,3,0,0,0,0,0
609,3.75,3.75,4,0.7,1.4,0.2333,0.1833,0,0,0,1.5833,6.25,6.25,2.0833,2.0833,0.275,2.0833,2.0833,2.0833,2.0833,0,2.75,0,0,0,0,0
610,3.75,3.75,4,0.7667,1.8,0.3,0.2167,0,0,0,2.9167,8.25,8.25,2.75,2.75,0.375,2.4167,2.4167,2.4167,2.4167,0,3.75,0,0,0,1.25,0
611,2.25,2.25,5.5,0.9,2.6,0.4333,0.15,0,0,0,2.75,8.75,8.75,2.9167,2.9167,0.225,2.5833,2.5833,2.5833,2.5833,0,2.25,0,0.75,0.825,0,0.0813
612,2,2,1,0.6,0.8,0.1333,1.1,0,0,1.1,1.3333,4,4,1.3333,1.3333,0.2,1,1,1,1,0,2,0.3,0.2222,0.1,0,0
613,4.5,4.5,6,0.9333,2.4,0.4,0.2667,0.2,0.3,0.55,3.1667,10.5,10.5,3.5,3.5,0.45,3.1667,3.1667,3.1667,3.1667,0.1125,4.5,0,0,0,0,0
614,3,3,2.5,0.6667,1.2,0.2,0.1333,0,0,0,2.3333,6,6,2,2,0.3,1.3333,1.3333,1.3333,1.3333,0,3,0,0,0,0,0
615,4.25,4.25,2,0.6,0.8,0.1333,0.25,0,0,0,2.4167,6.25,6.25,2.0833,2.0833,0.425,1.75,1.75,1.75,1.75,0,4.25,0,0,0,0,0
616,3,3,2,0.6,0.8,0.1333,0.1667,0,0,0,1.6667,5,5,1.6667,1.6667,0.3,1.3333,1.3333,1.3333,1.3333,0,3,0,0,0,1.6,0
617,3,3,3,0.8333,1.5,0.5,0.2,0,0,0,1.3333,6.5,6.5,2.1667,2.1667,0.3,2.1667,4.3333,2.1667,4.3333,0,3,0,0,0,1.4,0
618,4.5,4.5,2.5,0.6,0.8,0.1333,0.2,0,0,0,2.1667,5.5,5.5,1.8333,1.8333,0.35,1.5,1.5,1.5,1.5,0,3.5,0,0,0,0,0
619,2.25,2.25,3,0.8667,1.6,0.2667,0.15,0.2667,0.4,0,1.0833,6.25,6.25,2.0833,2.0833,0.225,1.75,1.75,1.75,1.75,0,2.25,0,0,0,0,0
620,3.25,3.25,2.5,1.1667,1,0.1667,0.1833,0.5333,0.8,0,1.75,5.75,5.75,1.9167,1.9167,0.325,1.5833,1.5833,1.5833,1.5833,0,3.25,0,0,0,0,0
621,5.75,5.75,4.5,0.6333,1,0.1667,0.1833,0,0,0,1.9167,7.25,7.25,2.4167,2.4167,0.475,1.4167,1.4167,1.4167,1.4167,0,4.75,0,0,0,1.55,0
622,1.75,1.75,2.5,0.5333,0.4,0.0667,0.1833,0,0,0,0.9167,1.75,1.75,0.5833,0.5833,0.075,1.5833,1.5833,1.5833,1.5833,0,0.75,0,0,0,1.35,0
623,3.25,3.25,2,0.6,0.8,0.1333,0.15,0,0,0,2.4167,5.25,5.25,1.75,1.75,0.325,1.4167,1.4167,1.4167,1.4167,0,3.25,0,0,0,1.95,0
624,2,2,1.5,0.6,0.8,0.1333,0.1333,0,0,0,1.6667,4,4,1.3333,1.3333,0.2,1.3333,1.3333,1.3333,1.3333,0,2,0,0,0,0,0
625,0,0,1.5,0.5333,0.4,0.0667,0.1333,0,0,0,0.6667,1,1,0.3333,0.3333,0,1.3333,1.3333,1.3333,1.3333,0,0,0,0,0,0,0
626,3.25,3.25,5,0.8667,2,0.3333,0.15,0.1667,0.25,0.325,2.0833,8.25,8.25,2.75,2.75,0.325,2.4167,2.4167,2.4167,2.4167,0.0813,3.25,0,0,0,0,0
627,4.5,4.5,4.5,0.6333,1,0.1667,0.1,0,0,0,1.8333,5,5,1.6667,1.6667,0.25,1.3333,1.3333,1.3333,1.3333,0,2.5,0,0,0,1.7,0
628,3.5,3.5,4,0.9,1.5,0.5,0.1667,0.1667,0.25,0.55,1.5,6,6,2,2,0.25,12,4,4,4,0.1125,2.5,0,0,0,0,0
629,2,2,1.5,0.6667,1.2,0.2,0.1667,0,0,0,1,5,5,1.6667,1.6667,0.2,2,2,2,2,0,2,0,0,0,0,0
630,3.75,3.75,2.5,0.6667,1.2,0.2,0.2167,0,0,0,1.25,5.75,5.75,1.9167,1.9167,0.275,2.25,2.25,2.25,2.25,0,2.75,0,0,0,0,0
631,2.75,2.75,1.5,0.6667,1.2,0.2,0.2167,0,0,0,1.25,5.75,5.75,1.9167,1.9167,0.275,2.25,2.25,2.25,2.25,0,2.75,0,0,0,0,0
632,3.75,3.75,2.5,0.6667,1.2,0.2,0.2167,0,0,0,2.25,6.75,6.75,2.25,2.25,0.375,1.9167,1.9167,1.9167,1.9167,0,3.75,0,0,0,1.35,0
633,6,6,5.5,0.6667,1.2,0.2,0.1667,0,0,0,2,6,6,2,2,0.3,1.6667,1.6667,1.6667,1.6667,0,3,0,0,0,0,0
634,4.75,4.75,1.5,1.1333,0.8,0.1333,0.2833,0.5333,0.8,0,2.5833,6.75,6.75,2.25,2.25,0.475,1.9167,1.9167,1.9167,1.9167,0,4.75,0,0,0,0,0
635,3.75,3.75,1.5,0.6,0.8,0.1333,0.2167,0,0,0,2.25,5.75,5.75,1.9167,1.9167,0.375,1.5833,1.5833,1.5833,1.5833,0,3.75,0,0,0,0,0
636,2,2,1.5,0.8,1.3,0.4667,0.2333,0,0,0,1,5,5,1.6667,1.6667,0.2,2.3333,4.6667,2.3333,4.6667,0,2,0,0,0,0,0
637,3.25,3.25,2.5,0.8,1.2,0.2,0.2167,0.2,0.3,0,1.75,6.25,6.25,2.0833,2.0833,0.325,2.0833,2.0833,2.0833,2.0833,0,3.25,0,1.0833,0.525,0,0.1313
638,2,2,1.5,0.6667,1.2,0.2,0.1667,0,0,0,1,5,5,1.6667,1.6667,0.2,2,2,2,2,0,2,0,0,0,0,0
639,0,0,1.5,0.5333,0.4,0.0667,0.1333,0,0,0,0.6667,1,1,0.3333,0.3333,0,1.3333,1.3333,1.3333,1.3333,0,0,0,0,0,0,0
640,4.75,4.75,2.5,0.7667,1,0.1667,0.2833,0.1333,0.2,0,2.5833,7.25,7.25,2.4167,2.4167,0.475,2.0833,2.0833,2.0833,2.0833,0,4.75,0,0,0,1.35,0
641,4.25,4.25,3.5,0.6667,1.2,0.2,0.1833,0,0,0,1.75,5.25,5.25,1.75,1.75,0.225,2.0833,2.0833,2.0833,2.0833,0,2.25,0,0,0,0,0
642,3.5,3.5,2,0.6333,1,0.1667,0.2333,0,0,0,1.8333,6,6,2,2,0.35,2,2,2,2,0,3.5,0,1.1667,0.55,1.3,0.1375
643,3,3,2.5,0.8,1.3,0.4667,0.1333,0,0,0,1,6,6,2,2,0.3,1.3333,2.6667,1.3333,2.6667,0,3,0,0,0,0,0
644,5,5,5,0.6,0.8,0.1333,0.0667,0,0,0,1.3333,5,5,1.6667,1.6667,0.3,0.6667,0.6667,0.6667,0.6667,0,3,0,0,0,1.5,0
645,3,3,4,1.0333,1.65,0.3,0.1333,0,0,0,1,5.5,5.5,1.8333,1.8333,0.2,1.8333,3.6667,1.8333,1.8333,0.275,4,0,0,0,0,0
646,0.25,0.25,1.5,0.5333,0.4,0.0667,0.15,0,0,0,0.75,1.25,1.25,0.4167,0.4167,0.025,1.4167,1.4167,1.4167,1.4167,0,0.25,0,0,0,0.95,0
647,4.5,4.5,3.5,0.6667,1.2,0.2,0.2,0,0,0,1.1667,5.5,5.5,1.8333,1.8333,0.25,2.1667,2.1667,2.1667,2.1667,0,2.5,0,0,0,0,0
648,3,3,2.5,0.6333,1,0.1667,0.1667,0,0,0,1.6667,5.5,5.5,1.8333,1.8333,0.3,1.5,1.5,1.5,1.5,0,3,0,1,0.5,0,0.1
649,2.5,2.5,1.5,0.6667,1.2,0.2,0.2667,0,0,0,2.1667,5.5,5.5,1.8333,1.8333,0.25,2.5,2.5,2.5,2.5,0,2.5,0,0,0,0,0
650,3,3,4,0.7667,1.8,0.3,0.1333,0,0,0,1.3333,7.5,7.5,2.5,2.5,0.3,1.8333,1.8333,1.8333,1.8333,0,3,0,0,0,0,0
651,2.25,2.25,1.5,0.7333,0.8,0.1333,0.15,0.1333,0.2,0,1.0833,4.25,4.25,1.4167,1.4167,0.225,1.4167,1.4167,1.4167,1.4167,0,2.25,0,0,0,0,0
652,2.5,2.5,1.5,0.6,0.8,0.1333,0.1667,0,0,0,1.1667,4.5,4.5,1.5,1.5,0.25,1.5,1.5,1.5,1.5,0,2.5,0,0,0,1.3,0
653,3.25,3.25,4,0.8333,1.8,0.3,0.1833,0.1333,0.2,0.225,2.4167,7.75,7.75,2.5833,2.5833,0.325,2.25,2.25,2.25,2.25,0.0813,3.25,0,0,0,0,0
654,3.25,3.25,2.5,0.6667,1.2,0.2,0.15,0,0,0,1.0833,6.25,6.25,2.0833,2.0833,0.325,1.4167,1.4167,1.4167,1.4167,0,3.25,0,0,0,0,0
655,2.25,2.25,1,0.6,0.8,0.1333,0.1167,0,0,0,1.4167,4.25,4.25,1.4167,1.4167,0.225,1.0833,1.0833,1.0833,1.0833,0,2.25,0,0,0,1.05,0
656,0.25,0.25,1.5,0.5333,0.4,0.0667,0.15,0,0,0,0.75,1.25,1.25,0.4167,0.4167,0.025,1.4167,1.4167,1.4167,1.4167,0,0.25,0,0,0,0,0
657,3,3,2.5,1.2333,1.4,0.2333,0.2,0.8,1.2,0,1.3333,6.5,6.5,2.1667,2.1667,0.3,1.8333,1.8333,1.8333,1.8333,0,3,0,1,0.4,0,0.1
658,3,3,1,0.6,0.8,0.1333,0.2333,0,0,0,1.6667,5,5,1.6667,1.6667,0.3,1.6667,1.6667,1.6667,1.6667,0,3,0,0,0,0,0
659,2.25,2.25,1.5,0.6,0.8,0.1333,0.15,0,0,0,1.0833,4.25,4.25,1.4167,1.4167,0.225,1.4167,1.4167,1.4167,1.4167,0,2.25,0,0,0,0,0
660,2.25,2.25,3,0.7667,1.8,0.3,0.1833,0,0,0,1.4167,6.75,6.75,2.25,2.25,0.225,2.5833,2.5833,2.5833,2.5833,0,2.25,0,0,0,0,0
661,4,4,2.5,0.9333,1.05,0.2,0.2,0,0,0,1.6667,5,5,1.6667,1.6667,0.3,1.6667,3.3333,1.6667,1.6667,0.3,5,0,0,0,0,0
662,6.75,6.75,9,0.8,2,0.3333,0.1167,0,0,0,2.25,8.75,8.75,2.9167,2.9167,0.375,1.9167,1.9167,1.9167,1.9167,0,3.75,0,0,0,0,0
663,4,4,2.5,0.6,0.8,0.1333,0.2,0,0,0,1.3333,5,5,1.6667,1.6667,0.3,1.6667,1.6667,1.6667,1.6667,0,3,0,0,0,1.1,0
664,0.75,0.75,1.5,0.5333,0.4,0.0667,0.1833,0,0,0,0.9167,1.75,1.75,0.5833,0.5833,0.075,1.5833,1.5833,1.5833,1.5833,0,0.75,0,0,0,0,0
665,2.25,2.25,3.5,0.8333,1.5,0.2333,0.0833,0,0,0,2.0833,5.75,5.75,1.9167,1.9167,0.225,1.5833,1.5833,1.5833,1.5833,0.0813,2.25,0,0,0,0,0.2313
666,3.25,3.25,4,0.9,1.9,0.5667,0.15,0,0,0,1.4167,7.75,7.75,2.5833,2.5833,0.325,1.9167,3.8333,1.9167,3.8333,0,3.25,0,0,0,0,0
667,2,2,1.5,0.6667,1.2,0.2,0.1667,0,0,0,1.6667,5,5,1.6667,1.6667,0.2,2,2,2,2,0,2,0,0,0,0,0
668,3,3,2.5,0.6667,1.2,0.2,0.2,0,0,0,1,6,6,2,2,0.3,1.6667,1.6667,1.6667,1.6667,0,3,0,0,0,0,0
669,5,5,3.5,0.7333,0.8,0.1333,0.1667,0.1333,0.2,0,2,5,5,1.6667,1.6667,0.3,1.3333,1.3333,1.3333,1.3333,0,3,0,0,0,0,0
670,3.75,3.75,1.5,0.6,0.8,0.1333,0.2833,0,0,0,2.25,5.75,5.75,1.9167,1.9167,0.375,1.9167,1.9167,1.9167,1.9167,0,3.75,0,0,0,0,0
671,3.5,3.5,2.5,0.6667,1.2,0.2,0.1667,0,0,0,1.5,6.5,6.5,2.1667,2.1667,0.35,1.5,1.5,1.5,1.5,0,3.5,0,0,0,0,0
672,2,2,2.5,0.7,1.4,0.2333,0.1333,0,0,0,1,5.5,5.5,1.8333,1.8333,0.2,1.5,1.5,1.5,1.5,0,2,0,0,0,1.3,0
673,2.75,2.75,4,0.8667,2,0.3333,0.1833,0.1667,0.25,0.575,1.5833,7.75,7.75,2.5833,2.5833,0.275,13.5,2.25,4.5,2.25,0.0688,2.75,0,0.9167,0.475,0,0.0938
674,3.25,3.25,2.5,0.7,1,0.1667,0.15,0.0667,0.1,0.325,4.4167,5.75,5.75,1.9167,1.9167,0.325,1.5833,1.5833,1.5833,1.5833,0.0813,3.25,0,0,0,0,0
675,2,2,2.5,0.7667,1.4,0.2333,0.1,0.1,0.15,0.6,2,5.5,5.5,1.8333,1.8333,0.2,9,1.5,3,1.5,0.05,2,0,0,0,0,0
676,3,3,5.5,0.8333,2.2,0.3667,0.1667,0,0,0,2.6667,8.5,8.5,2.8333,2.8333,0.3,2.5,2.5,2.5,2.5,0,3,0,0,0,0,0
677,2.75,2.75,1.5,0.6667,1.2,0.2,0.2167,0,0,0,1.25,5.75,5.75,1.9167,1.9167,0.275,2.25,2.25,2.25,2.25,0,2.75,0,0,0,0,0
678,3.75,3.75,2.5,1.1667,1.4,0.1667,0.2167,0,0,0,1.9167,6.25,6.25,2.0833,2.0833,0.375,1.75,1.75,1.75,1.75,0.1938,5.75,0,0,0,0,0
679,4.5,4.5,4,0.6667,1.2,0.2,0.2,0,0,0,1.8333,6.5,6.5,2.1667,2.1667,0.35,1.8333,1.8333,1.8333,1.8333,0,3.5,0,0,0,1.5,0
680,2,2,1.5,0.9333,1.05,0.2,0.1333,0,0,0,1,4,4,1.3333,1.3333,0.2,1.3333,2.6667,1.3333,1.3333,0.25,4,0,0,0,1.2,0
681,3.75,3.75,3.5,0.8333,1.4,0.2333,0.1833,0.2,0.3,0,1.25,6.25,6.25,2.0833,2.0833,0.275,1.75,1.75,1.75,1.75,0,2.75,0,0,0,1.05,0
682,2,2,1.5,0.8,1.3,0.4667,0.1667,0,0,0,1,5,5,1.6667,1.6667,0.2,2,4,2,4,0,2,0,0,0,0,0
683,3.25,3.25,3.5,0.8333,1.5,0.2333,0.1833,0,0,0,1.75,6.75,6.75,2.25,2.25,0.325,1.9167,1.9167,1.9167,1.9167,0.1062,3.25,0,0,0,0,0.2562
684,4,4,1.5,0.6,0.8,0.1333,0.2333,0,0,0,2.3333,6,6,2,2,0.4,1.6667,1.6667,1.6667,1.6667,0,4,0,0,0,0,0
685,4,4,5,0.8333,1.8,0.3,0.1333,0.1333,0.2,0.5,1.3333,7.5,7.5,2.5,2.5,0.3,11,1.8333,3.6667,1.8333,0.075,3,0,0,0,0,0
686,2.25,2.25,1.5,0.6,0.8,0.1333,0.15,0,0,0,1.0833,4.25,4.25,1.4167,1.4167,0.225,1.4167,1.4167,1.4167,1.4167,0,2.25,0,0,0,0,0
687,3.75,3.75,3.5,0.7333,1.6,0.2667,0.25,0,0,0,1.5833,7.75,7.75,2.5833,2.5833,0.375,2.25,2.25,2.25,2.25,0,3.75,0,0,0,1.35,0
688,4,4,3.5,0.7,1.4,0.2333,0.2,0,0,0,1.3333,6.5,6.5,2.1667,2.1667,0.3,1.8333,1.8333,1.8333,1.8333,0,3,0,0,0,0,0
689,3.75,3.75,1.5,0.6667,0.8,0.1333,0.2167,0.0667,0.1,0.475,2.25,5.75,5.75,1.9167,1.9167,0.375,9.5,1.5833,3.1667,1.5833,0.0938,3.75,0,0,0,1.25,0
690,3.25,3.25,1.5,0.6667,0.8,0.1333,0.1833,0.0667,0.1,0.425,2.4167,5.25,5.25,1.75,1.75,0.325,8.5,1.4167,2.8333,1.4167,0.0813,3.25,0,0,0,0,0
691,3,3,1,0.6,0.8,0.1333,0.1667,0,0,0,2.6667,5,5,1.6667,1.6667,0.3,1.3333,1.3333,1.3333,1.3333,0,3,0,0,0,0,0
692,2.25,2.25,3,1.0667,1.85,0.3333,0.15,0,0,0,1.0833,6.25,6.25,2.0833,2.0833,0.225,1.75,3.5,1.75,1.75,0.2313,4.25,0,0,0,0,0
693,2.75,2.75,1,0.9333,1.05,0.2,0.15,0,0,0,1.5833,4.75,4.75,1.5833,1.5833,0.275,1.25,2.5,1.25,1.25,0.2437,4.75,0,0,0,0,0
694,2.25,2.25,1,0.6,0.8,0.1333,0.1167,0,0,0,1.4167,4.25,4.25,1.4167,1.4167,0.225,1.0833,1.0833,1.0833,1.0833,0,2.25,0,0,0,0,0
695,2.75,2.75,2,0.6,0.8,0.1333,0.1167,0,0,0,3.25,4.75,4.75,1.5833,1.5833,0.275,1.25,1.25,1.25,1.25,0,2.75,0,0,0,0,0
696,5.25,5.25,3.5,0.6,0.8,0.1333,0.1833,0,0,0,2.0833,5.25,5.25,1.75,1.75,0.325,1.4167,1.4167,1.4167,1.4167,0,3.25,0,0,0,1.05,0
697,4,4,4.5,0.6667,1.2,0.2,0.1333,0,0,0,1.6667,5,5,1.6667,1.6667,0.2,1.6667,1.6667,1.6667,1.6667,0,2,0,0,0,0,0
698,3.25,3.25,1.5,0.7333,0.8,0.1333,0.1833,0.1333,0.2,0,2.0833,5.25,5.25,1.75,1.75,0.325,1.4167,1.4167,1.4167,1.4167,0,3.25,0,0,0,0,0
699,0.25,0.25,1.5,0.5333,0.4,0.0667,0.2167,0,0,0,0.75,1.25,1.25,0.4167,0.4167,0.025,1.75,1.75,1.75,1.75,0,0.25,0,0,0,1.25,0
700,3.5,3.5,2,0.8,0.8,0.1333,0.45,0.2,0.3,0,2.1667,5.5,5.5,1.8333,1.8333,0.35,1.5,1.5,1.5,3,0,3.5,0,0,0,0,0
701,0.25,0.25,1.5,0.5333,0.4,0.0667,0.15,0,0,0,0.75,1.25,1.25,0.4167,0.4167,0.025,1.4167,1.4167,1.4167,1.4167,0,0.25,0,0,0,0.95,0
702,3,3,1.5,0.7333,0.9,0.4,0.1667,0,0,0,2.3333,5,5,1.6667,1.6667,0.3,1.3333,2.6667,1.3333,2.6667,0,3,0,0,0,0,0
703,4.25,4.25,4.5,0.7,1.4,0.2333,0.1167,0,0,0,1.4167,5.75,5.75,1.9167,1.9167,0.225,1.5833,1.5833,1.5833,1.5833,0,2.25,0,0,0,0,0
704,3.25,3.25,2.5,0.6667,1.2,0.2,0.15,0,0,0,1.0833,6.25,6.25,2.0833,2.0833,0.325,1.4167,1.4167,1.4167,1.4167,0,3.25,0,0,0,1.45,0
705,3.75,3.75,3.5,0.6667,1.2,0.2,0.875,0,0,0.875,1.5833,5.75,5.75,1.9167,1.9167,0.275,1.9167,1.9167,1.9167,1.9167,0,2.75,0.55,0.3056,0.1187,0,0
706,2.25,2.25,2.5,0.8333,1.4,0.2333,0.15,0.2,0.3,0,1.75,5.75,5.75,1.9167,1.9167,0.225,1.5833,1.5833,1.5833,1.5833,0,2.25,0,0,0,0,0
707,4,4,4,0.7,1.4,0.2333,0.1667,0,0,0,2.6667,6.5,6.5,2.1667,2.1667,0.3,1.8333,1.8333,1.8333,1.8333,0,3,0,0,0,0,0
708,2.5,2.5,3.5,0.7667,1.8,0.3,0.1333,0,0,0,2.5,7,7,2.3333,2.3333,0.25,2,2,2,2,0,2.5,0,0,0,0,0
709,3.25,3.25,1.5,0.6,0.8,0.1333,0.1833,0,0,0,2.0833,5.25,5.25,1.75,1.75,0.325,1.4167,1.4167,1.4167,1.4167,0,3.25,0,0,0,0,0
710,2.25,2.25,1,0.6,0.8,0.1333,0.1167,0,0,0,2.0833,4.25,4.25,1.4167,1.4167,0.225,1.0833,1.0833,1.0833,1.0833,0,2.25,0,0,0,0,0
711,2.25,2.25,1.5,1.2,1.2,0.2,0.1833,0.8,1.2,0,1.0833,5.25,5.25,1.75,1.75,0.225,2.0833,2.0833,2.0833,2.0833,0,2.25,0,0,0,1.15,0
712,5,5,4.5,0.6667,1.2,0.2,0.1333,0,0,0,1,6,6,2,2,0.3,1.3333,1.3333,1.3333,1.3333,0,3,0,0,0,0,0
713,2.25,2.25,1.5,0.6,0.8,0.1333,0.15,0,0,0,1.0833,4.25,4.25,1.4167,1.4167,0.225,1.4167,1.4167,1.4167,1.4167,0,2.25,0,0,0,0,0
714,2.75,2.75,1.5,0.6667,1.2,0.2,0.2167,0,0,0,1.25,5.75,5.75,1.9167,1.9167,0.275,2.25,2.25,2.25,2.25,0,2.75,0,0,0,0,0
715,2.25,2.25,4.5,0.7667,1.8,0.3,0.0833,0,0,0,2.4167,6.75,6.75,2.25,2.25,0.225,1.9167,1.9167,1.9167,1.9167,0,2.25,0,0.75,0.725,0,0.0813
716,3,3,3,0.7667,1.8,0.3,0.2333,0,0,0,1.6667,7.5,7.5,2.5,2.5,0.3,2.8333,2.8333,2.8333,2.8333,0,3,0,0,0,0,0
717,2.25,2.25,3,0.6667,1.2,0.2,1.025,0,0,1.025,1.4167,5.25,5.25,1.75,1.75,0.225,1.4167,1.4167,1.4167,1.4167,0,2.25,0.35,0.25,0.1062,0,0
718,5.25,5.25,4.5,0.7667,1.1,0.4333,0.15,0,0,0,2.0833,6.75,6.75,2.25,2.25,0.425,1.25,2.5,1.25,2.5,0,4.25,0,0,0,0,0
719,3.25,3.25,4,0.7667,1.8,0.3,0.1833,0,0,0,2.75,7.75,7.75,2.5833,2.5833,0.325,2.25,2.25,2.25,2.25,0,3.25,0,0,0,0,0
720,2.5,2.5,1.5,0.7333,1.2,0.2,0.2,0.1,0.15,0.65,1.1667,5.5,5.5,1.8333,1.8333,0.25,13,2.1667,4.3333,2.1667,0.1125,2.5,0,0,0,0,0
721,3.5,3.5,3.5,0.7667,1.1,0.4333,0.1333,0,0,0,1.5,5,5,1.6667,1.6667,0.25,1.3333,2.6667,1.3333,2.6667,0,2.5,0,0,0,0,0
722,5.25,5.25,3,1,1.05,0.2,0.1833,0.2333,0.35,0.725,1.75,5.25,5.25,1.75,1.75,0.325,8.5,2.8333,2.8333,1.4167,0.3063,5.25,0,0,0,0,0
723,5.25,5.25,3.5,1.1333,0.8,0.1333,0.1833,0.5333,0.8,0,2.0833,5.25,5.25,1.75,1.75,0.325,1.4167,1.4167,1.4167,1.4167,0,3.25,0,0,0,0,0
724,1.25,1.25,2.5,0.6,0.4,0.0667,0.2167,0.0333,0.05,0.525,0.75,1.25,1.25,0.4167,0.4167,0.025,10.5,1.75,3.5,1.75,0.1563,0.25,0,0,0,1.05,0
725,4,4,2.5,1.2,1.2,0.2,0.2333,0.8,1.2,0,2.3333,7,7,2.3333,2.3333,0.4,2,2,2,2,0,4,0,0,0,0,0
726,3.25,3.25,2.5,0.6667,1.2,0.2,0.15,0,0,0,1.0833,6.25,6.25,2.0833,2.0833,0.325,1.4167,1.4167,1.4167,1.4167,0,3.25,0,0,0,1.45,0
727,3,3,2.5,0.6667,1.2,0.2,0.1333,0,0,0,1,6,6,2,2,0.3,1.3333,1.3333,1.3333,1.3333,0,3,0,0,0,1.1,0
728,3.75,3.75,2,0.7333,0.9,0.1333,0.2167,0,0,0,1.9167,5.75,5.75,1.9167,1.9167,0.375,1.5833,1.5833,1.5833,1.5833,0.1187,3.75,0,0,0,0,0.2687
729,3.25,3.25,4,0.7,1.4,0.2333,0.15,0,0,0,1.4167,5.75,5.75,1.9167,1.9167,0.225,1.9167,1.9167,1.9167,1.9167,0,2.25,0,0,0,0,0
730,3.5,3.5,2.5,0.7333,0.8,0.1333,0.45,0.1333,0.2,0.65,1.8333,4.5,4.5,1.5,1.5,0.25,1.5,1.5,1.5,1.5,0,2.5,0.5,0.2778,0.1375,0,0
731,4.25,4.25,4.5,0.7333,1.2,0.2,0.15,0.1,0.15,0.125,1.75,5.25,5.25,1.75,1.75,0.225,1.75,1.75,1.75,1.75,0.1313,2.25,0,0,0,1.55,0
732,3.25,3.25,2.5,0.6667,1.2,0.2,0.1833,0,0,0,1.0833,5.25,5.25,1.75,1.75,0.225,2.0833,2.0833,2.0833,2.0833,0,2.25,0,0,0,0,0
733,2,2,3,1.0333,1.65,0.3,0.1333,0,0,0,1.6667,5.5,5.5,1.8333,1.8333,0.2,1.8333,3.6667,1.8333,1.8333,0.25,4,0,0,0,0,0
734,2.75,2.75,3,1.2,1.6,0.2,0.15,0,0,0,1.5833,5.75,5.75,1.9167,1.9167,0.275,1.5833,1.5833,1.5833,1.5833,0.1688,4.75,0,0,0,0,0
735,3.25,3.25,2.5,0.9667,1.25,0.2333,0.15,0,0,0,2.0833,5.75,5.75,1.9167,1.9167,0.325,1.5833,3.1667,1.5833,1.5833,0.2562,5.25,0,0,0,0,0
736,3.75,3.75,2.5,0.6333,1,0.1667,0.2167,0,0,0,1.9167,6.25,6.25,2.0833,2.0833,0.375,1.75,1.75,1.75,1.75,0,3.75,0,0,0,1.55,0
737,2,2,1.5,0.6,0.8,0.1333,1,0,0,1,1,4,4,1.3333,1.3333,0.2,1.3333,1.3333,1.3333,1.3333,0,2,0.4,0.2222,0.075,1,0
738,3,3,3,0.6667,1.2,0.2,0.1,0,0,0,1.6667,5,5,1.6667,1.6667,0.2,1.3333,1.3333,1.3333,1.3333,0,2,0,0,0,0,0
739,3.75,3.75,3.5,0.8,1.3,0.2,0.1833,0,0,0,1.5833,5.75,5.75,1.9167,1.9167,0.275,1.9167,1.9167,1.9167,1.9167,0.1437,2.75,0,0,0,0,0.2938
740,5,5,3,1.2,1.6,0.2,0.2667,0,0,0,2,7,7,2.3333,2.3333,0.4,2,2,2,2,0.225,6,0,0,0,0,0
741,4,4,1.5,0.7333,0.9,0.4,0.2333,0,0,0,2.3333,6,6,2,2,0.4,1.6667,3.3333,1.6667,3.3333,0,4,0,0,0,0,0
742,2,2,1,0.6,0.8,0.1333,0.1,0,0,0,1.3333,4,4,1.3333,1.3333,0.2,1,1,1,1,0,2,0,0,0,0,0
743,7.5,7.5,10,0.9333,2.1,0.6,0.1,0,0,0,1.5,8.5,8.5,2.8333,2.8333,0.35,1.8333,3.6667,1.8333,3.6667,0,3.5,0,0,0,0,0
744,3.25,3.25,1.5,0.6,0.8,0.1333,0.1833,0,0,0,3.75,5.25,5.25,1.75,1.75,0.325,1.4167,1.4167,1.4167,1.4167,0,3.25,0,0,0,0,0
745,4.25,4.25,3.5,0.6667,1.2,0.2,0.15,0,0,0,1.0833,6.25,6.25,2.0833,2.0833,0.325,1.4167,1.4167,1.4167,1.4167,0,3.25,0,0,0,0,0
746,3.75,3.75,4,0.9,1.8,0.3,1.075,0.2667,0.4,1.075,1.5833,8.25,8.25,2.75,2.75,0.375,2.0833,2.0833,2.0833,2.0833,0,3.75,0.55,0.4167,0.1187,0,0
747,4.5,4.5,4.5,0.8333,1,0.1667,0.35,0.2,0.3,0,1.5,6,6,2,2,0.35,1,1,1,2,0,3.5,0,0,0,0,0
748,2.25,2.25,2.5,0.7667,1,0.1667,0.1167,0.1333,0.2,0,1.4167,4.75,4.75,1.5833,1.5833,0.225,1.25,1.25,1.25,1.25,0,2.25,0,0,0,0.95,0
749,3.75,3.75,2.5,0.7333,1.2,0.2,0.2167,0.1,0.15,0.675,1.9167,5.75,5.75,1.9167,1.9167,0.275,13.5,2.25,4.5,2.25,0.1437,2.75,0,0,0,0,0
750,3,3,1.5,1.1333,0.8,0.1333,0.1667,0.5333,0.8,0,2,5,5,1.6667,1.6667,0.3,1.3333,1.3333,1.3333,1.3333,0,3,0,0,0,0,0
751,6.5,6.5,10,0.9333,2.4,0.4,0.1333,0.2,0.3,0.35,1.8333,8.5,8.5,2.8333,2.8333,0.25,2.5,2.5,2.5,2.5,0.1625,2.5,0,0,0,0,0
752,2.25,2.25,1.5,0.6667,1.2,0.2,0.25,0,0,0,1.0833,5.25,5.25,1.75,1.75,0.225,2.4167,2.4167,2.4167,2.4167,0,2.25,0,0,0,0,0
753,2.75,2.75,3.5,0.5333,0.4,0.0667,0.1833,0,0,0,0.9167,1.75,1.75,0.5833,0.5833,0.075,1.5833,1.5833,1.5833,1.5833,0,0.75,0,0,0,0,0
754,3,3,1.5,0.6,0.8,0.1333,0.2,0,0,0,1.3333,5,5,1.6667,1.6667,0.3,1.6667,1.6667,1.6667,1.6667,0,3,0,0,0,1.4,0
755,2,2,3,0.7667,1.8,0.3,0.1667,0,0,0,1.3333,6.5,6.5,2.1667,2.1667,0.2,2.5,2.5,2.5,2.5,0,2,0,0,0,0,0
756,4.5,4.5,3.5,0.6,0.8,0.1333,0.1667,0,0,0,1.5,4.5,4.5,1.5,1.5,0.25,1.5,1.5,1.5,1.5,0,2.5,0,0,0,0,0
757,4,4,7,1,2.4,0.4,0.6,0.4,0.6,0.8,2.6667,9,9,3,3,0.3,2.6667,2.6667,2.6667,2.6667,0,3,0.5,0.3333,0.2,0,0
758,2.75,2.75,4,0.7333,1.6,0.2667,0.15,0,0,0,3.9167,6.75,6.75,2.25,2.25,0.275,1.9167,1.9167,1.9167,1.9167,0,2.75,0,0.9167,1.175,0,0.0938
759,3.25,3.25,2.5,0.6,0.8,0.1333,0.15,0,0,0,1.0833,4.25,4.25,1.4167,1.4167,0.225,1.4167,1.4167,1.4167,1.4167,0,2.25,0,0,0,0,0
760,0,0,1.5,0.5333,0.4,0.0667,0.1333,0,0,0,0.6667,1,1,0.3333,0.3333,0,1.3333,1.3333,1.3333,1.3333,0,0,0,0,0,0,0
761,4,4,4.5,1.2333,1.8,0.2333,0.1333,0,0,0,2,6.5,6.5,2.1667,2.1667,0.3,1.8333,1.8333,1.8333,1.8333,0.2,5,0,0,0,0,0
762,4,4,5,0.8667,1.7,0.5333,0.1667,0,0,0,2,7,7,2.3333,2.3333,0.3,2,4,2,4,0,3,0,0,0,0,0
763,2,2,1.5,0.8,1.3,0.4667,1.1,0,0,1.1,1,5,5,1.6667,1.6667,0.2,2,4,2,4,0,2,0.5,0.2222,0.075,0,0
764,0.75,0.75,2.5,0.6,0.8,0.1333,0.1833,0,0,0,0.9167,2.75,2.75,0.9167,0.9167,0.075,1.9167,1.9167,1.9167,1.9167,0,0.75,0,0,0,0,0
765,2.75,2.75,1.5,0.6,0.8,0.1333,0.1833,0,0,0,1.25,4.75,4.75,1.5833,1.5833,0.275,1.5833,1.5833,1.5833,1.5833,0,2.75,0,0,0,0,0
766,2,2,1.5,0.6667,1.2,0.2,0.1667,0,0,0,1,5,5,1.6667,1.6667,0.2,2,2,2,2,0,2,0,0,0,0,0
767,0.75,0.75,2,0.5667,0.6,0.1,1.075,0,0,1.075,0.9167,2.25,2.25,0.75,0.75,0.075,1.75,1.75,1.75,1.75,0,0.75,0.45,0.0833,0.0688,0,0
768,7,7,7.5,0.9,1.4,0.2333,0.4,0.3,0.45,0,1.6667,7.5,7.5,2.5,2.5,0.4,1.5,1.5,1.5,3,0,4,0,0,0,0,0
769,4.5,4.5,5.5,0.8667,1.6,0.2667,0.1667,0.2667,0.4,0,2.1667,6.5,6.5,2.1667,2.1667,0.25,2.1667,2.1667,2.1667,2.1667,0,2.5,0,0,0,0,0
770,2,2,1.5,0.6667,1.2,0.2,1.1,0,0,1.1,1,5,5,1.6667,1.6667,0.2,2,2,2,2,0,2,0.5,0.2222,0.075,0,0
771,3.5,3.5,1.5,0.6,0.8,0.1333,0.2,0,0,0,2.1667,5.5,5.5,1.8333,1.8333,0.35,1.5,1.5,1.5,1.5,0,3.5,0,0,0,0,0
772,3,3,1,0.6,0.8,0.1333,0.1667,0,0,0,1.6667,5,5,1.6667,1.6667,0.3,1.3333,1.3333,1.3333,1.3333,0,3,0,0,0,0,0
773,2.75,2.75,1.5,0.6,0.8,0.1333,0.1833,0,0,0,1.5833,4.75,4.75,1.5833,1.5833,0.275,1.5833,1.5833,1.5833,1.5833,0,2.75,0,0,0,0,0
774,5.75,5.75,8,0.8667,2.4,0.4,0.1833,0,0,0,3.5833,10.75,10.75,3.5833,3.5833,0.475,2.5833,2.5833,2.5833,2.5833,0,4.75,0,0,0,1.55,0
775,3,3,1.5,0.9333,1.05,0.2,0.1667,0,0,0,2,5,5,1.6667,1.6667,0.3,1.3333,2.6667,1.3333,1.3333,0.25,5,0,0,0,0,0
776,5.75,5.75,3.5,0.7333,0.8,0.1333,0.975,0.1333,0.2,0.975,2.25,5.75,5.75,1.9167,1.9167,0.375,1.5833,1.5833,1.5833,1.5833,0,3.75,0.65,0.4167,0.1688,0,0
777,6.5,6.5,6,0.7333,1.6,0.2667,0.2667,0,0,0,3.1667,8.5,8.5,2.8333,2.8333,0.45,2.5,2.5,2.5,2.5,0,4.5,0,0,0,0,0
778,0.75,0.75,1.5,0.5333,0.4,0.0667,1.075,0,0,1.075,0.9167,1.75,1.75,0.5833,0.5833,0.075,1.5833,1.5833,1.5833,1.5833,0,0.75,0.45,0.0833,0.0688,0,0
779,3.75,3.75,4.5,1.2333,1.8,0.2333,0.1167,0,0,0,1.9167,6.25,6.25,2.0833,2.0833,0.275,1.75,1.75,1.75,1.75,0.1938,4.75,0,0,0,0,0
780,2.75,2.75,1.5,0.8,1.3,0.4667,0.2167,0,0,0,1.25,5.75,5.75,1.9167,1.9167,0.275,2.25,4.5,2.25,4.5,0,2.75,0,0,0,0,0
781,5.25,5.25,5.5,0.8,1.6,0.2667,0.1833,0.1333,0.2,0.625,1.4167,6.25,6.25,2.0833,2.0833,0.225,14.5,2.4167,4.8333,2.4167,0.1812,2.25,0,0,0,0,0
782,3,3,2.5,0.6,0.8,0.1333,0.1333,0,0,0,1,4,4,1.3333,1.3333,0.2,1.3333,1.3333,1.3333,1.3333,0,2,0,0,0,0,0
783,2.25,2.25,1.5,0.6667,1.2,0.2,0.1833,0,0,0,1.0833,5.25,5.25,1.75,1.75,0.225,2.0833,2.0833,2.0833,2.0833,0,2.25,0,0,0,0,0
784,3,3,1.5,0.6667,1.2,0.2,0.2333,0,0,0,1.6667,6,6,2,2,0.3,2.3333,2.3333,2.3333,2.3333,0,3,0,0,0,0,0
785,3.25,3.25,3,0.8,1.3,0.2,0.1833,0,0,0,1.75,6.25,6.25,2.0833,2.0833,0.325,1.75,1.75,1.75,1.75,0.1062,3.25,0,0,0,0,0.2562
786,4.75,4.75,5,0.6667,1.2,0.2,0.1167,0,0,0,1.9167,5.75,5.75,1.9167,1.9167,0.275,1.5833,1.5833,1.5833,1.5833,0,2.75,0,0,0,1.65,0
787,3.75,3.75,2.5,0.6667,1.2,0.2,0.1833,0,0,0,1.5833,6.75,6.75,2.25,2.25,0.375,1.5833,1.5833,1.5833,1.5833,0,3.75,0,0,0,0,0
788,0.5,0.5,3,0.6333,1,0.1667,0.1667,0,0,0,1.1667,3,3,1,1,0.05,2,2,2,2,0,0.5,0,0,0,0,0
789,4.25,4.25,2.5,0.6667,1.2,0.2,0.2167,0,0,0,1.4167,7.25,7.25,2.4167,2.4167,0.425,1.75,1.75,1.75,1.75,0,4.25,0,0,0,1.65,0
790,3,3,4.5,0.9333,2.1,0.3333,0.2,0,0,0,2.3333,8,8,2.6667,2.6667,0.3,2.6667,2.6667,2.6667,2.6667,0.125,3,0,0,0,0,0.275
791,3.5,3.5,4.5,0.9,1.4,0.2333,0.35,0.3,0.45,0,1.8333,7,7,2.3333,2.3333,0.35,1.3333,1.3333,1.3333,2.6667,0,3.5,0,0,0,0,0
792,3,3,1,0.6667,0.8,0.1333,0.1667,0.0667,0.1,0.7,1.6667,5,5,1.6667,1.6667,0.3,8,1.3333,2.6667,1.3333,0.075,3,0,0,0,0,0
793,3.25,3.25,1.5,0.6667,0.8,0.1333,0.1833,0.0667,0.1,0.425,2.0833,5.25,5.25,1.75,1.75,0.325,8.5,1.4167,2.8333,1.4167,0.0813,3.25,0,0,0,0,0
794,3.25,3.25,1.5,0.6,0.8,0.1333,0.1833,0,0,0,2.0833,5.25,5.25,1.75,1.75,0.325,1.4167,1.4167,1.4167,1.4167,0,3.25,0,0,0,0,0
795,2,2,1.5,0.6667,1.2,0.2,0.1667,0,0,0,1,5,5,1.6667,1.6667,0.2,2,2,2,2,0,2,0,0,0,0,0
796,2.75,2.75,1.5,0.6667,1.2,0.2,0.2167,0,0,0,1.25,5.75,5.75,1.9167,1.9167,0.275,2.25,2.25,2.25,2.25,0,2.75,0,0,0,0,0
797,6,6,8,0.8667,1.7,0.5333,0.0667,0,0,0,1.3333,7,7,2.3333,2.3333,0.3,1.3333,2.6667,1.3333,2.6667,0,3,0,0,0,1.3,0
798,4,4,3,0.6,0.8,0.1333,0.1,0,0,0,1.3333,4,4,1.3333,1.3333,0.2,1,1,1,1,0,2,0,0,0,0,0
799,5.25,5.25,4.5,1,1.45,0.2667,0.15,0,0,0,1.4167,6.25,6.25,2.0833,2.0833,0.325,1.4167,2.8333,1.4167,1.4167,0.2813,5.25,0,0,0,1.45,0
800,2.75,2.75,2.5,0.6333,1,0.1667,0.15,0,0,0,1.5833,5.25,5.25,1.75,1.75,0.275,1.4167,1.4167,1.4167,1.4167,0,2.75,0,0.9167,0.475,0,0.0938
801,5,5,7,0.7667,1.8,0.3,0.1333,0,0,0,1,6.5,6.5,2.1667,2.1667,0.2,2.1667,2.1667,2.1667,2.1667,0,2,0,0,0,0,0
802,4,4,4,1.3,1.8,0.3,0.2667,1.0667,1.6,0,2.3333,8.5,8.5,2.8333,2.8333,0.4,2.8333,2.8333,2.8333,2.8333,0,4,0,0,0,0,0
803,1,1,2.5,0.5333,0.4,0.0667,0.1333,0,0,0,0.6667,1,1,0.3333,0.3333,0,1.3333,1.3333,1.3333,1.3333,0,0,0,0,0,0,0
804,2.5,2.5,3.5,0.5333,0.4,0.0667,0.1667,0,0,0,0.8333,1.5,1.5,0.5,0.5,0.05,1.5,1.5,1.5,1.5,0,0.5,0,0,0,0,0
805,3,3,2.5,0.7667,1,0.1667,0.1667,0.1333,0.2,0,1.6667,5.5,5.5,1.8333,1.8333,0.3,1.5,1.5,1.5,1.5,0,3,0,1,0.5,0,0.1
806,4,4,4,0.7,1.4,0.2333,0.1667,0,0,0,2.3333,6.5,6.5,2.1667,2.1667,0.3,1.8333,1.8333,1.8333,1.8333,0,3,0,0,0,0,0
807,2.75,2.75,1.5,0.6,0.8,0.1333,0.25,0,0,0,1.25,4.75,4.75,1.5833,1.5833,0.275,1.9167,1.9167,1.9167,1.9167,0,2.75,0,0,0,0,0
808,3.25,3.25,2.5,0.6667,1.2,0.2,0.15,0,0,0,1.0833,6.25,6.25,2.0833,2.0833,0.325,1.4167,1.4167,1.4167,1.4167,0,3.25,0,0,0,0,0
809,6,6,5,0.7333,0.9,0.1333,0.1333,0,0,0,1.6667,6,6,2,2,0.4,1,1,1,1,0.125,4,0,0,0,0,0.275
810,2.75,2.75,1.5,0.6667,1.2,0.2,0.2167,0,0,0,1.25,5.75,5.75,1.9167,1.9167,0.275,2.25,2.25,2.25,2.25,0,2.75,0,0,0,0,0
811,4.5,4.5,2.5,0.7667,1,0.1667,0.3333,0.1333,0.2,0,2.1667,7,7,2.3333,2.3333,0.45,2.3333,2.3333,2.3333,2.3333,0,4.5,0,0,0,0,0
812,2.25,2.25,3.5,1.0333,1.65,0.3,0.0833,0,0,0,1.75,5.75,5.75,1.9167,1.9167,0.225,1.5833,3.1667,1.5833,1.5833,0.2313,4.25,0,0,0,1.35,0
813,3.25,3.25,2.5,0.6667,1.2,0.2,0.15,0,0,0,1.0833,6.25,6.25,2.0833,2.0833,0.325,1.4167,1.4167,1.4167,1.4167,0,3.25,0,0,0,0,0
814,0,0,1.5,0.5333,0.4,0.0667,0.1333,0,0,0,1,1,1,0.3333,0.3333,0,1.3333,1.3333,1.3333,1.3333,0,0,0,0,0,0,0
815,2.75,2.75,2,1.1333,1.2,0.1333,0.1167,0,0,0,2.25,4.75,4.75,1.5833,1.5833,0.275,1.25,1.25,1.25,1.25,0.1688,4.75,0,0,0,0,0
816,5.25,5.25,5,0.7333,1.6,0.2667,0.2167,0,0,0,1.4167,7.25,7.25,2.4167,2.4167,0.325,2.0833,2.0833,2.0833,2.0833,0,3.25,0,0,0,1.65,0
817,6.5,6.5,6,0.7333,1.2,0.2,0.1667,0.1,0.15,0.65,2.1667,7.5,7.5,2.5,2.5,0.45,9,1.5,3,1.5,0.1125,4.5,0,0,0,0,0
818,4.5,4.5,4,0.7333,0.9,0.1333,0.1,0,0,0,2.1667,4.5,4.5,1.5,1.5,0.25,1.1667,1.1667,1.1667,1.1667,0.1375,2.5,0,0,0,0,0.2875
819,2.75,2.75,5,1,2,0.3333,0.275,0.5,0.75,0,2.5833,7.75,7.75,2.5833,2.5833,0.275,2.25,2.25,2.25,4.5,0,2.75,0,0.9167,0.775,0,0.0938
820,2.25,2.25,1,0.6,0.8,0.1333,0.1167,0,0,0,1.4167,4.25,4.25,1.4167,1.4167,0.225,1.0833,1.0833,1.0833,1.0833,0,2.25,0,0,0,1.05,0
821,2,2,2.5,0.7,1.4,0.2333,0.1,0,0,0,1.3333,5.5,5.5,1.8333,1.8333,0.2,1.5,1.5,1.5,1.5,0,2,0,0,0,0,0
822,5,5,3.5,0.6667,1.2,0.2,0.2,0,0,0,1.3333,7,7,2.3333,2.3333,0.4,1.6667,1.6667,1.6667,1.6667,0,4,0,0,0,0,0
823,2.75,2.75,1.5,0.6667,1.2,0.2,0.2167,0,0,0,1.5833,5.75,5.75,1.9167,1.9167,0.275,2.25,2.25,2.25,2.25,0,2.75,0,0,0,0,0
824,2,2,1,0.6,0.8,0.1333,0.1,0,0,0,1.3333,4,4,1.3333,1.3333,0.2,1,1,1,1,0,2,0,0,0,0,0
825,2,2,1.5,0.6,0.8,0.1333,0.1333,0,0,0,1,4,4,1.3333,1.3333,0.2,1.3333,1.3333,1.3333,1.3333,0,2,0,0,0,0,0
826,4,4,3.5,1.2,1.2,0.2,0.1333,0.8,1.2,0,1,6,6,2,2,0.3,1.3333,1.3333,1.3333,1.3333,0,3,0,0,0,0,0
827,3.5,3.5,1.5,0.7333,0.8,0.1333,0.2333,0.1333,0.2,0,2.1667,5.5,5.5,1.8333,1.8333,0.35,1.8333,1.8333,1.8333,1.8333,0,3.5,0,0,0,0,0
828,2.25,2.25,3.5,0.7667,1.8,0.3,0.1167,0,0,0,2.4167,6.75,6.75,2.25,2.25,0.225,1.9167,1.9167,1.9167,1.9167,0,2.25,0,0,0,0,0
829,4.75,4.75,5.5,0.7333,1.6,0.2667,0.1833,0,0,0,2.5833,6.75,6.75,2.25,2.25,0.275,2.25,2.25,2.25,2.25,0,2.75,0,0.9167,0.775,0,0.1688
830,2.25,2.25,1.5,0.6,0.8,0.1333,0.15,0,0,0,1.0833,4.25,4.25,1.4167,1.4167,0.225,1.4167,1.4167,1.4167,1.4167,0,2.25,0,0,0,0,0
831,3,3,2,0.6,0.8,0.1333,0.1,0,0,0,1.3333,4,4,1.3333,1.3333,0.2,1,1,1,1,0,2,0,0,0,0,0
832,3.25,3.25,1,0.6,0.8,0.1333,0.1833,0,0,0,2.75,5.25,5.25,1.75,1.75,0.325,1.4167,1.4167,1.4167,1.4167,0,3.25,0,0,0,0,0
833,0.75,0.75,1.5,0.6,0.4,0.0667,0.25,0.0333,0.05,0.575,0.9167,1.75,1.75,0.5833,0.5833,0.075,11.5,1.9167,3.8333,1.9167,0.1437,0.75,0,0,0,0,0
834,3,3,3,1.2333,1.4,0.2333,0.2,0.8,1.2,0,2,6.5,6.5,2.1667,2.1667,0.3,2.1667,2.1667,2.1667,2.1667,0,3,0,1,0.6,0,0.125
835,3,3,4,0.9333,2.1,0.6,0.2,0,0,0,1.6667,8,8,2.6667,2.6667,0.3,2.3333,4.6667,2.3333,4.6667,0,3,0,0,0,0,0
836,4.25,4.25,5,1.2,1.2,0.2,0.0833,0.8,1.2,0,1.75,6.25,6.25,2.0833,2.0833,0.325,1.0833,1.0833,1.0833,1.0833,0,3.25,0,0,0,0,0
837,3,3,2.5,1.1667,1.4,0.1667,0.1333,0,0,0,2,5.5,5.5,1.8333,1.8333,0.3,1.5,1.5,1.5,1.5,0.175,5,0,0,0,0,0
838,3.25,3.25,3.5,0.7,1.4,0.2333,0.1833,0,0,0,2.0833,6.75,6.75,2.25,2.25,0.325,1.9167,1.9167,1.9167,1.9167,0,3.25,0,0,0,1.25,0
839,3.25,3.25,2.5,0.6667,1.2,0.2,0.15,0,0,0,2.75,6.25,6.25,2.0833,2.0833,0.325,1.4167,1.4167,1.4167,1.4167,0,3.25,0,0,0,0,0
840,4.25,4.25,3.5,0.6667,1.2,0.2,0.15,0,0,0,1.0833,6.25,6.25,2.0833,2.0833,0.325,1.4167,1.4167,1.4167,1.4167,0,3.25,0,0,0,0,0
841,5,5,5,1.2,1.6,0.2,0.1333,0,0,0,2,7,7,2.3333,2.3333,0.4,1.3333,1.3333,1.3333,1.3333,0.175,6,0,0,0,0,0
842,3.75,3.75,2.5,0.7333,0.9,0.4,0.1833,0,0,0,2.25,4.75,4.75,1.5833,1.5833,0.275,1.5833,3.1667,1.5833,3.1667,0,2.75,0,0,0,0,0
843,4.25,4.25,3,0.6,0.8,0.1333,0.1167,0,0,0,2.4167,4.25,4.25,1.4167,1.4167,0.225,1.0833,1.0833,1.0833,1.0833,0,2.25,0,0,0,0,0
844,2.75,2.75,1.5,0.6,0.8,0.1333,0.1833,0,0,0,1.25,4.75,4.75,1.5833,1.5833,0.275,1.5833,1.5833,1.5833,1.5833,0,2.75,0,0,0,0,0
845,3,3,5,0.7667,1.8,0.3,1,0,0,1,1.6667,6.5,6.5,2.1667,2.1667,0.2,2.1667,2.1667,2.1667,2.1667,0,2,0.4,0.2222,0.125,0,0
846,2,2,2,0.6667,1.2,0.2,0.1,0,0,0,1.6667,5,5,1.6667,1.6667,0.2,1.3333,1.3333,1.3333,1.3333,0,2,0,0,0,0,0
847,2,2,1,0.6,0.8,0.1333,1.1,0,0,1.1,2,4,4,1.3333,1.3333,0.2,1,1,1,1,0,2,0.3,0.2222,0.15,0,0
848,3.25,3.25,1.5,0.6,0.8,0.1333,0.1833,0,0,0,2.0833,5.25,5.25,1.75,1.75,0.325,1.4167,1.4167,1.4167,1.4167,0,3.25,0,0,0,0,0
849,3.25,3.25,1.5,0.6,0.8,0.1333,0.1833,0,0,0,2.0833,5.25,5.25,1.75,1.75,0.325,1.4167,1.4167,1.4167,1.4167,0,3.25,0,0,0,0.95,0
850,4,4,3,0.6,0.8,0.1333,0.1,0,0,0,1.3333,4,4,1.3333,1.3333,0.2,1,1,1,1,0,2,0,0,0,0,0
851,3.25,3.25,1.5,0.6667,1.2,0.2,0.25,0,0,0,1.4167,6.25,6.25,2.0833,2.0833,0.325,2.4167,2.4167,2.4167,2.4167,0,3.25,0,0,0,0,0
852,3.5,3.5,1.5,0.6,0.8,0.1333,0.95,0,0,0.95,3.1667,5.5,5.5,1.8333,1.8333,0.35,1.5,1.5,1.5,1.5,0,3.5,0.6,0.3889,0.2375,0,0
853,2,2,1,0.6,0.8,0.1333,0.1,0,0,0,1.3333,4,4,1.3333,1.3333,0.2,1,1,1,1,0,2,0,0,0,0,0
854,3,3,1.5,0.9333,1.05,0.2,0.2,0,0,0,2,5,5,1.6667,1.6667,0.3,1.6667,3.3333,1.6667,1.6667,0.275,5,0,0,0,0,0
855,3.75,3.75,6.5,1,1.45,0.2667,0.1833,0,0,0,0.9167,3.75,3.75,1.25,1.25,0.075,2.25,4.5,2.25,2.25,0.3688,2.75,0,0,0,0,0
856,5.5,5.5,3.5,1.1333,0.8,0.1333,0.2333,0.5333,0.8,0,1.8333,5.5,5.5,1.8333,1.8333,0.35,1.8333,1.8333,1.8333,1.8333,0,3.5,0,0,0,1.3,0
857,3.25,3.25,2,0.6667,1.2,0.2,0.2167,0,0,0,1.75,6.25,6.25,2.0833,2.0833,0.325,1.75,1.75,1.75,1.75,0,3.25,0,0,0,0,0
858,4,4,3.5,0.6333,1,0.1667,0.1333,0,0,0,2.3333,5.5,5.5,1.8333,1.8333,0.3,1.5,1.5,1.5,1.5,0,3,0,0,0,0,0
859,3.25,3.25,2.5,0.6667,1.2,0.2,0.2167,0,0,0,1.0833,6.25,6.25,2.0833,2.0833,0.325,1.75,1.75,1.75,1.75,0,3.25,0,0,0,0,0
860,0.75,0.75,1.5,0.5333,0.4,0.0667,0.1833,0,0,0,1.9167,1.75,1.75,0.5833,0.5833,0.075,1.5833,1.5833,1.5833,1.5833,0,0.75,0,0,0,0,0
861,2,2,2.5,0.6333,1,0.1667,0.0667,0,0,0,1.6667,4.5,4.5,1.5,1.5,0.2,1.1667,1.1667,1.1667,1.1667,0,2,0,0.6667,0.5,0,0.075
862,2.75,2.75,1.5,0.6,0.8,0.1333,0.1833,0,0,0,1.25,4.75,4.75,1.5833,1.5833,0.275,1.5833,1.5833,1.5833,1.5833,0,2.75,0,0,0,0,0
863,4.25,4.25,3.5,0.6,0.8,0.1333,0.15,0,0,0,1.0833,4.25,4.25,1.4167,1.4167,0.225,1.4167,1.4167,1.4167,1.4167,0,2.25,0,0,0,0.75,0
864,2.25,2.25,1.5,0.6667,1.2,0.2,0.1833,0,0,0,1.0833,5.25,5.25,1.75,1.75,0.225,2.0833,2.0833,2.0833,2.0833,0,2.25,0,0,0,0,0
865,2.75,2.75,3.5,0.8667,1.6,0.2667,0.475,0.2667,0.4,0.675,2.25,6.75,6.75,2.25,2.25,0.275,2.25,2.25,2.25,2.25,0,2.75,0.55,0.3056,0.1688,0,0
866,2,2,1.5,0.6,0.8,0.1333,0.1333,0,0,0,1.3333,4,4,1.3333,1.3333,0.2,1.3333,1.3333,1.3333,1.3333,0,2,0,0,0,0,0
867,3.25,3.25,1.5,0.6,0.8,0.1333,0.1833,0,0,0,2.0833,5.25,5.25,1.75,1.75,0.325,1.4167,1.4167,1.4167,1.4167,0,3.25,0,0,0,0,0
868,1.5,1.5,1.5,0.5333,0.4,0.0667,0.2333,0,0,0,1.1667,2.5,2.5,0.8333,0.8333,0.15,1.8333,1.8333,1.8333,1.8333,0,1.5,0,0,0,0,0
869,4.5,4.5,5,1,1.45,0.2667,0.1,0,0,0,1.5,6.5,6.5,2.1667,2.1667,0.35,1.1667,2.3333,1.1667,1.1667,0.2375,5.5,0,0,0,0,0
870,3.25,3.25,2.5,0.7333,1.2,0.2,0.2167,0.1,0.15,0.425,2.0833,6.25,6.25,2.0833,2.0833,0.325,12.5,2.0833,4.1667,2.0833,0.1062,3.25,0,1.0833,0.625,0,0.1313
871,3,3,1.5,0.6,0.8,0.1333,0.2,0,0,0,2,5,5,1.6667,1.6667,0.3,1.6667,1.6667,1.6667,1.6667,0,3,0,0,0,0,0
872,3.25,3.25,1.5,0.6,0.8,0.1333,0.1833,0,0,0,2.4167,5.25,5.25,1.75,1.75,0.325,1.4167,1.4167,1.4167,1.4167,0,3.25,0,0,0,1.05,0
873,4,4,3.5,0.6667,1.2,0.2,0.1333,0,0,0,1,6,6,2,2,0.3,1.3333,1.3333,1.3333,1.3333,0,3,0,0,0,0,0
874,3.5,3.5,2.5,0.7,1.4,0.2333,0.2333,0,0,0,1.5,7,7,2.3333,2.3333,0.35,2,2,2,2,0,3.5,0,0,0,0,0
875,2.75,2.75,1,0.6,0.8,0.1333,0.15,0,0,0,1.5833,4.75,4.75,1.5833,1.5833,0.275,1.25,1.25,1.25,1.25,0,2.75,0,0,0,0,0
876,3,3,2.5,0.6667,1.2,0.2,0.1333,0,0,0,1,6,6,2,2,0.3,1.3333,1.3333,1.3333,1.3333,0,3,0,0,0,1.4,0
877,2.5,2.5,1.5,0.6,0.8,0.1333,0.1667,0,0,0,1.1667,4.5,4.5,1.5,1.5,0.25,1.5,1.5,1.5,1.5,0,2.5,0,0,0,0,0
878,3.5,3.5,4.5,1.2333,1.4,0.2333,0.1,0.8,1.2,0,2.1667,7,7,2.3333,2.3333,0.35,1.3333,1.3333,1.3333,1.3333,0,3.5,0,0,0,0,0
879,4.75,4.75,3.5,0.6667,0.8,0.1333,0.1833,0.0667,0.1,0.175,1.5833,4.75,4.75,1.5833,1.5833,0.275,1.5833,1.5833,1.5833,1.5833,0.1437,2.75,0,0,0,0,0
880,4.75,4.75,3,0.6,0.8,0.1333,0.15,0,0,0,1.5833,4.75,4.75,1.5833,1.5833,0.275,1.25,1.25,1.25,1.25,0,2.75,0,0,0,0,0
881,4.25,4.25,2.5,1.1667,1,0.1667,0.2167,0.5333,0.8,0.425,2.75,6.75,6.75,2.25,2.25,0.425,1.9167,1.9167,1.9167,1.9167,0.1062,4.25,0,0,0,0,0
882,3,3,2.5,0.6667,1.2,0.2,0.1333,0,0,0,1.3333,6,6,2,2,0.3,1.3333,1.3333,1.3333,1.3333,0,3,0,0,0,1.3,0
883,3.75,3.75,2,0.6667,0.8,0.1333,0.15,0.0667,0.1,0.675,1.5833,4.75,4.75,1.5833,1.5833,0.275,7.5,1.25,2.5,1.25,0.0938,2.75,0,0,0,1.15,0
884,2,2,1,0.7333,0.9,0.4,0.1,0,0,0,1.3333,4,4,1.3333,1.3333,0.2,1,2,1,2,0,2,0,0,0,1,0
885,0.5,0.5,1.5,0.5333,0.4,0.0667,0.1667,0,0,0,0.8333,1.5,1.5,0.5,0.5,0.05,1.5,1.5,1.5,1.5,0,0.5,0,0,0,0,0
886,0.25,0.25,1.5,0.6667,0.4,0.0667,0.15,0.0667,0.1,0,0.75,1.25,1.25,0.4167,0.4167,0.025,1.4167,1.4167,1.4167,1.4167,0,0.25,0,0,0,0,0
887,3.75,3.75,1.5,0.6,0.8,0.1333,0.25,0,0,0,1.9167,5.75,5.75,1.9167,1.9167,0.375,1.9167,1.9167,1.9167,1.9167,0,3.75,0,0,0,0,0
888,4.5,4.5,4.5,0.8333,1.5,0.2333,0.2,0,0,0,1.8333,7,7,2.3333,2.3333,0.35,2,2,2,2,0.1375,3.5,0,0,0,0,0.2875
889,2.25,2.25,1,0.7333,0.8,0.1333,0.1167,0.1333,0.2,0,1.4167,4.25,4.25,1.4167,1.4167,0.225,1.0833,1.0833,1.0833,1.0833,0,2.25,0,0,0,0,0
890,3.75,3.75,3.5,0.7667,1.1,0.1667,0.1167,0,0,0,1.9167,5.25,5.25,1.75,1.75,0.275,1.4167,1.4167,1.4167,1.4167,0.1187,2.75,0,0,0,0,0.2687
891,2.75,2.75,2.5,0.8333,1.4,0.2333,0.15,0.2,0.3,0,1.5833,6.25,6.25,2.0833,2.0833,0.275,1.75,1.75,1.75,1.75,0,2.75,0,0,0,0,0
892,3.25,3.25,2.5,0.6,0.8,0.1333,0.15,0,0,0,2.0833,4.25,4.25,1.4167,1.4167,0.225,1.4167,1.4167,1.4167,1.4167,0,2.25,0,0,0,1.15,0
893,2.25,2.25,1.5,0.6667,1.2,0.2,0.1833,0,0,0,1.0833,5.25,5.25,1.75,1.75,0.225,2.0833,2.0833,2.0833,2.0833,0,2.25,0,0,0,0,0
894,5.5,5.5,2.5,0.7667,1.1,0.4333,0.3333,0,0,0,2.8333,8,8,2.6667,2.6667,0.55,2.3333,4.6667,2.3333,4.6667,0,5.5,0,0,0,0,0
895,1,1,1.5,1.0667,0.4,0.0667,0.2667,0.2667,0.4,0,1,2,2,0.6667,0.6667,0.1,2,2,2,2,0,1,0,0,0,0,0
896,0.5,0.5,1.5,0.5333,0.4,0.0667,0.1667,0,0,0,0.8333,1.5,1.5,0.5,0.5,0.05,1.5,1.5,1.5,1.5,0,0.5,0,0,0,0,0
897,2.25,2.25,2.5,0.6667,1.2,0.2,0.15,0,0,0,1.75,5.25,5.25,1.75,1.75,0.225,1.75,1.75,1.75,1.75,0,2.25,0,0,0,0,0
898,4,4,3,0.6,0.8,0.1333,0.1,0,0,0,1.6667,4,4,1.3333,1.3333,0.2,1,1,1,1,0,2,0,0,0,0,0
899,2.5,2.5,1.5,0.6667,1.2,0.2,0.2,0,0,0,1.5,5.5,5.5,1.8333,1.8333,0.25,2.1667,2.1667,2.1667,2.1667,0,2.5,0,0,0,0,0
900,6.5,6.5,6.5,0.8333,1.5,0.2333,0.2,0,0,0,1.8333,7,7,2.3333,2.3333,0.35,2,2,2,2,0.1875,3.5,0,0,0,0,0.3375
901,3.75,3.75,5,0.9333,1.6,0.2667,0.275,0.4,0.6,0,2.25,6.75,6.75,2.25,2.25,0.275,1.9167,1.9167,1.9167,3.8333,0,2.75,0,0.9167,0.675,0,0.1187
902,2.25,2.25,2.5,0.8333,1.4,0.2333,0.15,0.2,0.3,0,1.75,5.75,5.75,1.9167,1.9167,0.225,1.5833,1.5833,1.5833,1.5833,0,2.25,0,0,0,0,0
903,3.75,3.75,2.5,1.1667,1,0.1667,0.2167,0.5333,0.8,0,2.9167,6.25,6.25,2.0833,2.0833,0.375,1.75,1.75,1.75,1.75,0,3.75,0,0,0,0,0
904,4,4,4,0.8667,1.7,0.5333,0.2,0,0,0,1.3333,7,7,2.3333,2.3333,0.3,2,4,2,4,0,3,0,0,0,0,0
905,5.25,5.25,6.5,1.2333,1.8,0.2333,0.1167,0,0,0,1.4167,5.75,5.75,1.9167,1.9167,0.225,1.5833,1.5833,1.5833,1.5833,0.2313,4.25,0,0,0,0,0
906,2,2,1.5,0.6667,0.8,0.1333,0.1333,0.0667,0.1,0.5,1,4,4,1.3333,1.3333,0.2,8,1.3333,2.6667,1.3333,0.075,2,0,0,0,0,0
907,4,4,2.5,0.6,0.8,0.1333,0.1667,0,0,0,2,5,5,1.6667,1.6667,0.3,1.3333,1.3333,1.3333,1.3333,0,3,0,0,0,1.2,0
908,3.5,3.5,3.5,1.1667,1,0.1667,0.65,0.5333,0.8,0.85,1.8333,6,6,2,2,0.35,1,1,1,1,0,3.5,0.4,0.3889,0.1375,0,0
909,2,2,1.5,0.6667,1.2,0.2,1.1,0,0,1.1,1,5,5,1.6667,1.6667,0.2,2,2,2,2,0,2,0.5,0.2222,0.075,0,0
910,2.75,2.75,1.5,0.6667,1.2,0.2,0.2167,0,0,0,1.25,5.75,5.75,1.9167,1.9167,0.275,2.25,2.25,2.25,2.25,0,2.75,0,0,0,0,0
911,3.75,3.75,2,0.6,0.8,0.1333,0.15,0,0,0,2.25,4.75,4.75,1.5833,1.5833,0.275,1.25,1.25,1.25,1.25,0,2.75,0,0,0,0,0
912,2.25,2.25,2.5,1.2333,1.4,0.2333,0.1167,0.8,1.2,0,1.75,5.75,5.75,1.9167,1.9167,0.225,1.5833,1.5833,1.5833,1.5833,0,2.25,0,0,0,0,0
913,2.5,2.5,2.5,0.7333,1.6,0.2667,0.2,0,0,0,1.5,6.5,6.5,2.1667,2.1667,0.25,2.5,2.5,2.5,2.5,0,2.5,0,0,0,0,0
914,4.25,4.25,6,0.8333,2.2,0.3667,0.15,0,0,0,1.75,8.75,8.75,2.9167,2.9167,0.325,2.25,2.25,2.25,2.25,0,3.25,0,0,0,0,0
915,3,3,2.5,0.6,0.8,0.1333,0.1333,0,0,0,1,4,4,1.3333,1.3333,0.2,1.3333,1.3333,1.3333,1.3333,0,2,0,0,0,0,0
916,2,2,1.5,1.1333,0.8,0.1333,0.1333,0.5333,0.8,0.1,1.3333,4,4,1.3333,1.3333,0.2,1.3333,1.3333,1.3333,1.3333,0.075,2,0,0,0,0,0
917,2,2,1,0.6,0.8,0.1333,0.1,0,0,0,1.3333,4,4,1.3333,1.3333,0.2,1,1,1,1,0,2,0,0,0,1.6,0
918,3,3,3,0.6667,1.2,0.2,0.1667,0,0,0,1.6667,6,6,2,2,0.3,1.6667,1.6667,1.6667,1.6667,0,3,0,0,0,1.6,0
919,4.75,4.75,3.5,0.6667,1.2,0.2,0.1833,0,0,0,1.25,6.75,6.75,2.25,2.25,0.375,1.5833,1.5833,1.5833,1.5833,0,3.75,0,0,0,2.15,0
920,5,5,4.5,0.7333,1.2,0.2,0.1333,0.1,0.15,0.5,1,6,6,2,2,0.3,8,1.3333,2.6667,1.3333,0.1,3,0,0,0,0,0
921,2.25,2.25,1,0.6667,0.8,0.1333,0.1167,0.0667,0.1,0.625,1.4167,4.25,4.25,1.4167,1.4167,0.225,6.5,1.0833,2.1667,1.0833,0.0563,2.25,0,0,0,0,0
922,3.25,3.25,2.5,0.8,1.2,0.2,0.15,0.2,0.3,0,1.0833,6.25,6.25,2.0833,2.0833,0.325,1.4167,1.4167,1.4167,1.4167,0,3.25,0,0,0,0,0
923,3.75,3.75,2.5,0.6667,1.2,0.2,0.1833,0,0,0,2.25,6.75,6.75,2.25,2.25,0.375,1.5833,1.5833,1.5833,1.5833,0,3.75,0,0,0,1.25,0
924,4.5,4.5,4,0.7667,1.8,0.3,0.3,0,0,0,2.1667,9,9,3,3,0.45,2.6667,2.6667,2.6667,2.6667,0,4.5,0,0,0,0,0
925,2.75,2.75,1.5,0.7333,0.8,0.1333,0.1833,0.1333,0.2,0,1.25,4.75,4.75,1.5833,1.5833,0.275,1.5833,1.5833,1.5833,1.5833,0,2.75,0,0,0,0,0
926,3.25,3.25,2,1.1333,0.8,0.1333,0.1167,0.5333,0.8,0,1.4167,4.25,4.25,1.4167,1.4167,0.225,1.0833,1.0833,1.0833,1.0833,0,2.25,0,0,0,0,0
927,3.25,3.25,2.5,0.7667,1.1,0.1667,0.1833,0,0,0,1.75,5.75,5.75,1.9167,1.9167,0.325,1.5833,1.5833,1.5833,1.5833,0.1062,3.25,0,0,0,1.45,0.2562
928,0,0,1.5,0.5333,0.4,0.0667,0.1333,0,0,0,0.6667,1,1,0.3333,0.3333,0,1.3333,1.3333,1.3333,1.3333,0,0,0,0,0,0.4,0
929,3.25,3.25,2.5,0.6667,1.2,0.2,0.15,0,0,0,1.0833,6.25,6.25,2.0833,2.0833,0.325,1.4167,1.4167,1.4167,1.4167,0,3.25,0,0,0,0,0
930,4.25,4.25,3.5,0.6,0.8,0.1333,0.15,0,0,0,1.0833,4.25,4.25,1.4167,1.4167,0.225,1.4167,1.4167,1.4167,1.4167,0,2.25,0,0,0,0,0
931,3,3,1.5,0.9333,1.05,0.2,0.1667,0,0,0,2,5,5,1.6667,1.6667,0.3,1.3333,2.6667,1.3333,1.3333,0.25,5,0,0,0,0,0
932,2.25,2.25,1,0.6,0.8,0.1333,0.1167,0,0,0,1.4167,4.25,4.25,1.4167,1.4167,0.225,1.0833,1.0833,1.0833,1.0833,0,2.25,0,0,0,0,0
933,4.5,4.5,4.5,0.7,1.4,0.2333,0.1333,0,0,0,1.8333,6,6,2,2,0.25,1.6667,1.6667,1.6667,1.6667,0,2.5,0,0,0,0,0
934,2.25,2.25,1.5,0.6667,1.2,0.2,0.1833,0,0,0,1.0833,5.25,5.25,1.75,1.75,0.225,2.0833,2.0833,2.0833,2.0833,0,2.25,0,0,0,0,0
935,3.75,3.75,3.5,0.7667,1.4,0.2333,0.1833,0.1,0.15,0.375,1.25,6.25,6.25,2.0833,2.0833,0.275,1.75,1.75,1.75,1.75,0.0938,2.75,0,0,0,0,0
936,2.25,2.25,1.5,0.6667,1.2,0.2,1.125,0,0,1.125,1.0833,5.25,5.25,1.75,1.75,0.225,2.0833,2.0833,2.0833,2.0833,0,2.25,0.55,0.25,0.0813,0,0
937,3,3,5,0.9333,2,0.3333,0.1333,0.3333,0.5,0,2.6667,8,8,2.6667,2.6667,0.3,2.3333,2.3333,2.3333,2.3333,0,3,0,0,0,0,0
938,1,1,3,0.6333,1,0.1667,0.2,0,0,0,1.6667,3.5,3.5,1.1667,1.1667,0.1,2.1667,2.1667,2.1667,2.1667,0,1,0,0,0,0,0
939,2.25,2.25,4,0.7333,1.6,0.2667,0.1167,0,0,0,1.75,6.25,6.25,2.0833,2.0833,0.225,1.75,1.75,1.75,1.75,0,2.25,0,0,0,1.45,0
940,2.25,2.25,4.5,0.7667,1.8,0.3,0.1167,0,0,0,1.75,6.75,6.75,2.25,2.25,0.225,1.9167,1.9167,1.9167,1.9167,0,2.25,0,0,0,0,0
941,6,6,4.5,0.6667,1.2,0.2,0.2,0,0,0,1.3333,7,7,2.3333,2.3333,0.4,1.6667,1.6667,1.6667,1.6667,0,4,0,0,0,0,0
942,2.5,2.5,2.5,0.7667,1.1,0.1667,0.1,0,0,0,1.8333,5,5,1.6667,1.6667,0.25,1.3333,1.3333,1.3333,1.3333,0.0875,2.5,0,0,0,0,0.2375
943,3,3,1,0.6,0.8,0.1333,0.1667,0,0,0,2.6667,5,5,1.6667,1.6667,0.3,1.3333,1.3333,1.3333,1.3333,0,3,0,0,0,0,0
944,3.75,3.75,3,0.7,1.4,0.2333,0.2167,0,0,0,2.5833,7.25,7.25,2.4167,2.4167,0.375,2.0833,2.0833,2.0833,2.0833,0,3.75,0,0,0,0,0
945,2.25,2.25,1,0.7333,0.9,0.4,0.1167,0,0,0,1.4167,4.25,4.25,1.4167,1.4167,0.225,1.0833,2.1667,1.0833,2.1667,0,2.25,0,0,0,0,0
946,2.5,2.5,2,0.6333,1,0.1667,0.1667,0,0,0,2.1667,5,5,1.6667,1.6667,0.25,1.6667,1.6667,1.6667,1.6667,0,2.5,0,0,0,0,0
947,1.75,1.75,3,0.6333,1,0.1667,0.25,0,0,0,1.5833,4.25,4.25,1.4167,1.4167,0.175,2.4167,2.4167,2.4167,2.4167,0,1.75,0,0,0,0,0
948,4,4,4.5,0.9,1.4,0.2333,0.4,0.3,0.45,0,2.3333,7.5,7.5,2.5,2.5,0.4,1.5,1.5,1.5,3,0,4,0,0,0,0,0
949,3,3,1.5,1.1333,0.8,0.1333,0.2,0.5333,0.8,0,1.3333,5,5,1.6667,1.6667,0.3,1.6667,1.6667,1.6667,1.6667,0,3,0,0,0,0,0
950,2.25,2.25,2.5,0.8333,1,0.1667,0.225,0.2,0.3,0,2.4167,4.75,4.75,1.5833,1.5833,0.225,1.25,1.25,1.25,2.5,0,2.25,0,0,0,1.15,0
951,2.75,2.75,1.5,0.6,0.8,0.1333,0.25,0,0,0,1.25,4.75,4.75,1.5833,1.5833,0.275,1.9167,1.9167,1.9167,1.9167,0,2.75,0,0,0,0,0
952,6.25,6.25,5.5,0.7667,1.1,0.1667,0.15,0,0,0,1.75,6.75,6.75,2.25,2.25,0.425,1.25,1.25,1.25,1.25,0.1313,4.25,0,0,0,0,0.2813
953,3.25,3.25,2.5,0.6667,0.8,0.1333,0.15,0.0667,0.1,0.525,1.0833,4.25,4.25,1.4167,1.4167,0.225,8.5,1.4167,2.8333,1.4167,0.1062,2.25,0,0,0,0,0
954,3.75,3.75,1.5,0.6,0.8,0.1333,0.2167,0,0,0,2.25,5.75,5.75,1.9167,1.9167,0.375,1.5833,1.5833,1.5833,1.5833,0,3.75,0,0,0,0,0
955,3.25,3.25,1.5,0.6,0.8,0.1333,0.1833,0,0,0,2.0833,5.25,5.25,1.75,1.75,0.325,1.4167,1.4167,1.4167,1.4167,0,3.25,0,0,0,0,0
956,2.5,2.5,3,0.8333,1.5,0.2333,0.1667,0,0,0,1.5,6,6,2,2,0.25,2,2,2,2,0.1125,2.5,0,0,0,0,0.2625
957,5.5,5.5,4.5,0.6667,1.2,0.2,0.1667,0,0,0,1.1667,6.5,6.5,2.1667,2.1667,0.35,1.5,1.5,1.5,1.5,0,3.5,0,0,0,0,0
958,2.25,2.25,1,0.6,0.8,0.1333,0.1167,0,0,0,1.4167,4.25,4.25,1.4167,1.4167,0.225,1.0833,1.0833,1.0833,1.0833,0,2.25,0,0,0,0,0
959,5,5,4,0.7333,0.8,0.1333,0.1333,0.1333,0.2,0,2,6,6,2,2,0.4,1,1,1,1,0,4,0,0,0,0,0
960,2.75,2.75,1,0.6,0.8,0.1333,1.175,0,0,1.175,1.5833,4.75,4.75,1.5833,1.5833,0.275,1.25,1.25,1.25,1.25,0,2.75,0.45,0.3056,0.1187,0,0
961,1.25,1.25,1.5,0.6,0.4,0.0667,0.2167,0.0333,0.05,0.625,1.0833,2.25,2.25,0.75,0.75,0.125,10.5,1.75,3.5,1.75,0.1313,1.25,0,0,0,0.85,0
962,3.75,3.75,2.5,0.8,1.2,0.2,0.1833,0.2,0.3,0,1.25,6.75,6.75,2.25,2.25,0.375,1.5833,1.5833,1.5833,1.5833,0,3.75,0,0,0,0,0
963,3.75,3.75,3.5,0.7333,1.2,0.2,0.1833,0.1,0.15,0.375,1.5833,5.75,5.75,1.9167,1.9167,0.275,11.5,1.9167,3.8333,1.9167,0.1187,2.75,0,0,0,0,0
964,4,4,3.5,0.6667,1.2,0.2,0.1333,0,0,0,2.3333,6,6,2,2,0.3,1.3333,1.3333,1.3333,1.3333,0,3,0,0,0,0,0
965,5,5,6.5,0.8,2,0.3333,0.2333,0,0,0,1.3333,7,7,2.3333,2.3333,0.2,3,3,3,3,0,2,0,0,0,0,0
966,2.75,2.75,1.5,0.6,0.8,0.1333,0.1833,0,0,0,1.25,4.75,4.75,1.5833,1.5833,0.275,1.5833,1.5833,1.5833,1.5833,0,2.75,0,0,0,0,0
967,1.75,1.75,4,0.7667,1,0.1667,0.1833,0.1333,0.2,0,1.5833,3.25,3.25,1.0833,1.0833,0.075,2.0833,2.0833,2.0833,2.0833,0,0.75,0,0,0,0,0
968,2.25,2.25,1.5,0.6667,1.2,0.2,0.1833,0,0,0,1.0833,5.25,5.25,1.75,1.75,0.225,2.0833,2.0833,2.0833,2.0833,0,2.25,0,0,0,0,0
969,4.5,4.5,3,0.6333,1,0.1667,0.2333,0,0,0,1.8333,6,6,2,2,0.35,2,2,2,2,0,3.5,0,0,0,1.3,0
970,2.75,2.75,1.5,0.6667,1.2,0.2,0.2167,0,0,0,1.25,5.75,5.75,1.9167,1.9167,0.275,2.25,2.25,2.25,2.25,0,2.75,0,0,0,0.75,0
971,3.75,3.75,3,0.7333,0.9,0.1333,0.1167,0,0,0,1.5833,5.75,5.75,1.9167,1.9167,0.375,0.9167,0.9167,0.9167,0.9167,0.0688,3.75,0,0,0,0,0.2188
972,2,2,1.5,0.6667,1.2,0.2,0.1667,0,0,0,1,5,5,1.6667,1.6667,0.2,2,2,2,2,0,2,0,0,0,1.1,0
973,2.5,2.5,2.5,0.7667,1,0.1667,0.1,0.1333,0.2,0,1.8333,5,5,1.6667,1.6667,0.25,1.3333,1.3333,1.3333,1.3333,0,2.5,0,0.8333,0.55,0,0.0875
974,2.25,2.25,1.5,0.8,1.2,0.2,0.1833,0.2,0.3,0,1.0833,5.25,5.25,1.75,1.75,0.225,2.0833,2.0833,2.0833,2.0833,0,2.25,0,0,0,0,0
975,2.75,2.75,3,1.2,1.6,0.2,0.1167,0,0,0,2.25,5.75,5.75,1.9167,1.9167,0.275,1.5833,1.5833,1.5833,1.5833,0.1688,4.75,0,0,0,1.55,0
976,2.75,2.75,1.5,0.8,1.3,0.4667,0.2167,0,0,0,1.25,5.75,5.75,1.9167,1.9167,0.275,2.25,4.5,2.25,4.5,0,2.75,0,0,0,0,0
977,3.75,3.75,2.5,0.6667,1.2,0.2,0.25,0,0,0,1.25,6.75,6.75,2.25,2.25,0.375,1.9167,1.9167,1.9167,1.9167,0,3.75,0,0,0,0,0
978,6.25,6.25,6.5,0.7333,1.6,0.2667,0.25,0,0,0,2.0833,7.25,7.25,2.4167,2.4167,0.325,2.4167,2.4167,2.4167,2.4167,0,3.25,0,0,0,0,0
979,4.5,4.5,2.5,0.6,0.8,0.1333,0.2,0,0,0,2.1667,5.5,5.5,1.8333,1.8333,0.35,1.5,1.5,1.5,1.5,0,3.5,0,0,0,0.9,0
980,2.25,2.25,1.5,0.6667,1.2,0.2,0.1833,0,0,0,1.0833,5.25,5.25,1.75,1.75,0.225,2.0833,2.0833,2.0833,2.0833,0,2.25,0,0,0,0,0
981,7,7,4.5,0.7,1,0.1667,0.9,0.0667,0.1,1.4,2.3333,7.5,7.5,2.5,2.5,0.5,2.1667,2.1667,2.1667,2.1667,0.175,5,0.9,0.5556,0.175,0,0
982,1.5,1.5,2.5,0.5333,0.4,0.0667,0.1667,0,0,0,1.1667,1.5,1.5,0.5,0.5,0.05,1.5,1.5,1.5,1.5,0,0.5,0,0,0,0,0
983,5.5,5.5,4,0.6333,1,0.1667,0.95,0,0,0.95,2.1667,6,6,2,2,0.35,2,2,2,2,0,3.5,0.7,0.3889,0.1625,0,0
984,3.25,3.25,5,0.8667,2.4,0.4,0.2167,0,0,0,2.0833,9.25,9.25,3.0833,3.0833,0.325,2.75,2.75,2.75,2.75,0,3.25,0,0,0,1.85,0
985,2,2,1.5,0.6,0.8,0.1333,0.2,0,0,0,1,4,4,1.3333,1.3333,0.2,1.6667,1.6667,1.6667,1.6667,0,2,0,0,0,0,0
986,0.25,0.25,1.5,0.5333,0.4,0.0667,0.15,0,0,0,0.75,1.25,1.25,0.4167,0.4167,0.025,1.4167,1.4167,1.4167,1.4167,0,0.25,0,0,0,0,0
987,5,5,2.5,0.7333,0.9,0.4,0.3,0,0,0,2.3333,6,6,2,2,0.4,2,4,2,4,0,4,0,0,0,0,0
988,2.5,2.5,1.5,0.6667,1.2,0.2,0.2,0,0,0,2.5,5.5,5.5,1.8333,1.8333,0.25,2.1667,2.1667,2.1667,2.1667,0,2.5,0,0,0,0,0
989,0.25,0.25,1.5,0.5333,0.4,0.0667,0.15,0,0,0,0.75,1.25,1.25,0.4167,0.4167,0.025,1.4167,1.4167,1.4167,1.4167,0,0.25,0,0,0,0,0
990,6.25,6.25,6.5,0.7333,1.6,0.2667,0.15,0,0,0,1.75,7.25,7.25,2.4167,2.4167,0.325,1.75,1.75,1.75,1.75,0,3.25,0,0,0,0,0
991,4.75,4.75,5,0.7667,1.8,0.3,0.2167,0,0,0,1.9167,7.25,7.25,2.4167,2.4167,0.275,2.75,2.75,2.75,2.75,0,2.75,0,0,0,0,0
992,4,4,1.5,0.7333,0.8,0.1333,0.2333,0.1333,0.2,0,2.3333,6,6,2,2,0.4,1.6667,1.6667,1.6667,1.6667,0,4,0,0,0,0,0
993,2.5,2.5,2,0.8,1.3,0.2,0.1667,0,0,0,1.1667,5.5,5.5,1.8333,1.8333,0.25,1.5,1.5,1.5,1.5,0.0875,2.5,0,0,0,0,0.2375
994,2,2,1.5,0.6667,1.2,0.2,0.1667,0,0,0,1,5,5,1.6667,1.6667,0.2,2,2,2,2,0,2,0,0,0,0,0
995,3.5,3.5,5,0.7333,1.6,0.2667,0.1333,0,0,0,2.5,6.5,6.5,2.1667,2.1667,0.25,1.8333,1.8333,1.8333,1.8333,0,2.5,0,0,0,0,0
996,3.75,3.75,2.5,0.6667,1.2,0.2,0.1833,0,0,0,2.25,6.75,6.75,2.25,2.25,0.375,1.5833,1.5833,1.5833,1.5833,0,3.75,0,0,0,0,0
997,3.25,3.25,2.5,0.8333,1,0.1667,0.425,0.2,0.3,0,1.75,5.75,5.75,1.9167,1.9167,0.325,1.5833,1.5833,1.5833,3.1667,0,3.25,0,0,0,0,0
998,2.25,2.25,3.5,0.6667,0.4,0.0667,0.15,0.0667,0.1,0,0.75,1.25,1.25,0.4167,0.4167,0.025,1.4167,1.4167,1.4167,1.4167,0,0.25,0,0,0,0,0
999,3.5,3.5,1.5,0.6,0.8,0.1333,0.2,0,0,0,3.1667,5.5,5.5,1.8333,1.8333,0.35,1.5,1.5,1.5,1.5,0,3.5,0,0,0,0,0
1000,3.25,3.25,2.5,0.6,0.8,0.1333,0.15,0,0,0,1.0833,4.25,4.25,1.4167,1.4167,0.225,1.4167,1.4167,1.4167,1.4167,0,2.25,0,0,0,0,0
1001,5.5,5.5,4.5,0.6667,1.2,0.2,0.1667,0,0,0,1.1667,6.5,6.5,2.1667,2.1667,0.35,1.5,1.5,1.5,1.5,0,3.5,0,0,0,0,0
1002,4.75,4.75,5,1.3,1.8,0.3,0.2167,1.0667,1.6,0,1.5833,7.25,7.25,2.4167,2.4167,0.275,2.75,2.75,2.75,2.75,0,2.75,0,0,0,0,0
1003,4.5,4.5,3.5,1.1667,1.4,0.1667,0.2,0,0,0,2.1667,6,6,2,2,0.35,1.6667,1.6667,1.6667,1.6667,0.2125,5.5,0,0,0,0,0
1004,3.5,3.5,5.5,0.7667,1.8,0.3,0.1,0,0,0,1.8333,8,8,2.6667,2.6667,0.35,1.6667,1.6667,1.6667,1.6667,0,3.5,0,0,0,1.6,0
1005,0.75,0.75,1.5,0.5333,0.4,0.0667,0.25,0,0,0,0.9167,1.75,1.75,0.5833,0.5833,0.075,1.9167,1.9167,1.9167,1.9167,0,0.75,0,0,0,1.15,0
1006,6,6,5.5,0.6667,1.2,0.2,0.2,0,0,0,1.3333,6,6,2,2,0.3,2,2,2,2,0,3,0,0,0,0,0
1007,3.25,3.25,2,0.6,0.8,0.1333,0.1167,0,0,0,1.4167,4.25,4.25,1.4167,1.4167,0.225,1.0833,1.0833,1.0833,1.0833,0,2.25,0,0,0,0.55,0
1008,3.5,3.5,3.5,0.6667,1.2,0.2,0.1667,0,0,0,1.8333,5.5,5.5,1.8333,1.8333,0.25,1.8333,1.8333,1.8333,1.8333,0,2.5,0,0,0,1.7,0
1009,3.75,3.75,4,0.8,1.6,0.2667,0.1833,0.1333,0.2,0.375,1.25,6.75,6.75,2.25,2.25,0.275,1.9167,1.9167,1.9167,1.9167,0.0938,2.75,0,0,0,0,0
1010,4.25,4.25,4,0.6667,1.2,0.2,0.15,0,0,0,2.75,6.25,6.25,2.0833,2.0833,0.325,1.75,1.75,1.75,1.75,0,3.25,0,0,0,0,0
1011,3.5,3.5,2.5,0.6,0.8,0.1333,0.1667,0,0,0,1.1667,4.5,4.5,1.5,1.5,0.25,1.5,1.5,1.5,1.5,0,2.5,0,0,0,0,0
1012,2.25,2.25,1,0.6,0.8,0.1333,0.1167,0,0,0,1.4167,4.25,4.25,1.4167,1.4167,0.225,1.0833,1.0833,1.0833,1.0833,0,2.25,0,0,0,1.05,0
1013,4.5,4.5,5,0.8333,1.8,0.3,0.2333,0.1333,0.2,0.55,1.1667,8,8,2.6667,2.6667,0.35,14,2.3333,4.6667,2.3333,0.1125,3.5,0,0,0,0,0
1014,3.25,3.25,2,0.7333,0.9,0.1333,0.1833,0,0,0,2.0833,5.25,5.25,1.75,1.75,0.325,1.4167,1.4167,1.4167,1.4167,0.1062,3.25,0,0,0,0,0.2562
1015,4.25,4.25,5,0.9667,2.2,0.3667,0.2167,0.3333,0.5,0,2.0833,9.75,9.75,3.25,3.25,0.425,2.5833,2.5833,2.5833,2.5833,0,4.25,0,0,0,0,0
1016,2.5,2.5,3,0.7667,1.4,0.2333,0.1667,0.1,0.15,0.55,1.5,6,6,2,2,0.25,12,2,4,2,0.0875,2.5,0,0,0,0,0
1017,7.25,7.25,8.5,0.8667,2,0.3333,0.15,0.1667,0.25,0.525,1.0833,8.25,8.25,2.75,2.75,0.325,12.5,2.0833,4.1667,2.0833,0.1563,3.25,0,0,0,0,0
1018,4,4,4,0.8,1.3,0.2,0.1333,0,0,0,2.3333,6,6,2,2,0.3,1.6667,1.6667,1.6667,1.6667,0.125,3,0,0,0,0,0.275
1019,1.25,1.25,2.5,0.5333,0.4,0.0667,0.15,0,0,0,0.75,1.25,1.25,0.4167,0.4167,0.025,1.4167,1.4167,1.4167,1.4167,0,0.25,0,0,0,0,0
1020,2,2,1.5,0.9333,1.05,0.2,0.1333,0,0,0,1,4,4,1.3333,1.3333,0.2,1.3333,2.6667,1.3333,1.3333,0.25,4,0,0,0,0,0
1021,2.75,2.75,1,0.6,0.8,0.1333,0.15,0,0,0,1.5833,4.75,4.75,1.5833,1.5833,0.275,1.25,1.25,1.25,1.25,0,2.75,0,0,0,0,0
1022,2,2,3.5,0.5333,0.4,0.0667,0.1333,0,0,0,1,1,1,0.3333,0.3333,0,1.3333,1.3333,1.3333,1.3333,0,0,0,0,0,0,0
1023,3.5,3.5,4,0.6667,1.2,0.2,0.1,0,0,0,1.5,6.5,6.5,2.1667,2.1667,0.35,1.1667,1.1667,1.1667,1.1667,0,3.5,0,1.1667,0.45,0,0.0625
1024,1.25,1.25,1.5,0.6,0.4,0.0667,0.2167,0.0333,0.05,0.425,1.0833,2.25,2.25,0.75,0.75,0.125,1.75,1.75,1.75,1.75,0.1313,1.25,0,0,0,0,0
1025,4,4,3,0.9333,1.05,0.2,0.1,0,0,0,1.3333,4,4,1.3333,1.3333,0.2,1,2,1,1,0.275,4,0,0,0,0,0
1026,4.25,4.25,1.5,0.6,0.8,0.1333,0.25,0,0,0,2.4167,6.25,6.25,2.0833,2.0833,0.425,1.75,1.75,1.75,1.75,0,4.25,0,0,0,0,0
1027,2,2,1.5,0.7333,0.9,0.4,0.1333,0,0,0,1,4,4,1.3333,1.3333,0.2,1.3333,2.6667,1.3333,2.6667,0,2,0,0,0,0,0
1028,3.75,3.75,2.5,0.6667,1.2,0.2,0.1833,0,0,0,1.25,6.75,6.75,2.25,2.25,0.375,1.5833,1.5833,1.5833,1.5833,0,3.75,0,0,0,0,0
1029,3.75,3.75,4,0.7667,1.8,0.3,0.2167,0,0,0,2.25,7.25,7.25,2.4167,2.4167,0.275,2.75,2.75,2.75,2.75,0,2.75,0,0,0,0,0
1030,1,1,2.5,0.5333,0.4,0.0667,0.1333,0,0,0,0.6667,1,1,0.3333,0.3333,0,1.3333,1.3333,1.3333,1.3333,0,0,0,0,0,0,0
1031,3.25,3.25,2.5,0.6667,1.2,0.2,0.15,0,0,0,1.0833,6.25,6.25,2.0833,2.0833,0.325,1.4167,1.4167,1.4167,1.4167,0,3.25,0,0,0,0,0
1032,4.5,4.5,3.5,0.9333,1.05,0.2,0.1667,0,0,0,1.5,4.5,4.5,1.5,1.5,0.25,1.5,3,1.5,1.5,0.3125,4.5,0,0,0,0,0
1033,2,2,1.5,0.6667,1.2,0.2,0.1667,0,0,0,1,5,5,1.6667,1.6667,0.2,2,2,2,2,0,2,0,0,0,0,0
1034,2.25,2.25,1,0.6,0.8,0.1333,0.1167,0,0,0,1.4167,4.25,4.25,1.4167,1.4167,0.225,1.0833,1.0833,1.0833,1.0833,0,2.25,0,0,0,0,0
1035,2.25,2.25,1.5,0.6,0.8,0.1333,0.15,0,0,0,1.4167,4.25,4.25,1.4167,1.4167,0.225,1.4167,1.4167,1.4167,1.4167,0,2.25,0,0,0,0,0
1036,2.25,2.25,1.5,0.6,0.8,0.1333,0.2167,0,0,0,1.0833,4.25,4.25,1.4167,1.4167,0.225,1.75,1.75,1.75,1.75,0,2.25,0,0,0,0,0
1037,3.25,3.25,3.5,1.0333,1.65,0.3,0.1833,0,0,0,1.75,6.75,6.75,2.25,2.25,0.325,1.9167,3.8333,1.9167,1.9167,0.2562,5.25,0,0,0,0,0
1038,2.25,2.25,1,0.6,0.8,0.1333,0.1167,0,0,0,1.4167,4.25,4.25,1.4167,1.4167,0.225,1.0833,1.0833,1.0833,1.0833,0,2.25,0,0,0,0.85,0
1039,0.75,0.75,1.5,0.8667,0.65,0.3333,0.1833,0,0,0,1.25,1.75,1.75,0.5833,0.5833,0.075,1.5833,4.75,1.5833,3.1667,0.2938,2.75,0,0,0,0,0
1040,3.75,3.75,4,1.2,1.6,0.2,0.1167,0,0,0,1.9167,6.75,6.75,2.25,2.25,0.375,1.25,1.25,1.25,1.25,0.1437,5.75,0,0,0,0,0
1041,2,2,1.5,0.6,0.8,0.1333,0.1333,0,0,0,1,4,4,1.3333,1.3333,0.2,1.3333,1.3333,1.3333,1.3333,0,2,0,0,0,0,0
1042,2.5,2.5,3.5,0.7667,1.4,0.2333,0.1,0.1,0.15,0.25,2.5,6,6,2,2,0.25,1.6667,1.6667,1.6667,1.6667,0.0625,2.5,0,0,0,0,0
1043,3,3,1.5,0.6,0.8,0.1333,0.1667,0,0,0,2,5,5,1.6667,1.6667,0.3,1.3333,1.3333,1.3333,1.3333,0,3,0,0,0,0,0
1044,3,3,3,0.7,1.4,0.2333,0.1667,0,0,0,2.3333,6.5,6.5,2.1667,2.1667,0.3,1.8333,1.8333,1.8333,1.8333,0,3,0,0,0,0,0
1045,2,2,1.5,0.6,0.8,0.1333,0.1333,0,0,0,1,4,4,1.3333,1.3333,0.2,1.3333,1.3333,1.3333,1.3333,0,2,0,0,0,0,0
1046,2.25,2.25,2,0.7,1,0.1667,0.15,0.0667,0.1,0.125,1.4167,4.75,4.75,1.5833,1.5833,0.225,1.5833,1.5833,1.5833,1.5833,0.0813,2.25,0,0.75,0.425,0,0.1062
1047,3,3,1.5,0.6,0.8,0.1333,0.1667,0,0,0,2,5,5,1.6667,1.6667,0.3,1.3333,1.3333,1.3333,1.3333,0,3,0,0,0,0,0
1048,4.75,4.75,3,0.6,0.8,0.1333,1.175,0,0,1.175,2.25,6.75,6.75,2.25,2.25,0.475,1.25,1.25,1.25,1.25,0,4.75,0.65,0.5278,0.1688,0,0
1049,2.25,2.25,1.5,0.6,0.8,0.1333,0.15,0,0,0,1.0833,4.25,4.25,1.4167,1.4167,0.225,1.4167,1.4167,1.4167,1.4167,0,2.25,0,0,0,0,0
1050,4.75,4.75,5,0.7333,1.6,0.2667,0.1833,0,0,0,2.25,6.75,6.75,2.25,2.25,0.275,1.9167,1.9167,1.9167,1.9167,0,2.75,0,0,0,0,0
1051,3.75,3.75,2.5,1.2,1.2,0.2,0.1833,0.8,1.2,0.575,1.25,6.75,6.75,2.25,2.25,0.375,9.5,1.5833,3.1667,1.5833,0.0688,3.75,0,0,0,0,0
1052,0,0,1.5,0.5333,0.4,0.0667,0.1333,0,0,0,0.6667,1,1,0.3333,0.3333,0,1.3333,1.3333,1.3333,1.3333,0,0,0,0,0,0,0
1053,4.25,4.25,3,0.6,0.8,0.1333,0.1167,0,0,0,1.4167,4.25,4.25,1.4167,1.4167,0.225,1.0833,1.0833,1.0833,1.0833,0,2.25,0,0,0,0,0
1054,6.5,6.5,9.5,1.0333,2.6,0.4333,0.1667,0.4,0.6,0,3.1667,11,11,3.6667,3.6667,0.45,2.6667,2.6667,2.6667,2.6667,0,4.5,0,0,0,0,0
1055,3.75,3.75,2.5,1,1.45,0.2667,0.1833,0,0,0,1.25,6.75,6.75,2.25,2.25,0.375,1.5833,3.1667,1.5833,1.5833,0.2437,5.75,0,0,0,0,0
1056,2.25,2.25,3,1.2,1.2,0.2,0.1167,0.8,1.2,0,1.4167,5.25,5.25,1.75,1.75,0.225,1.4167,1.4167,1.4167,1.4167,0,2.25,0,0.75,0.425,0,0.0813
1057,4.5,4.5,6,0.9333,1.6,0.2667,0.25,0.4,0.6,0,2.8333,6.5,6.5,2.1667,2.1667,0.25,1.8333,1.8333,1.8333,3.6667,0,2.5,0,0,0,0,0
1058,6.75,6.75,5.5,0.7333,1.2,0.2,0.2167,0.1,0.15,0.475,2.25,6.75,6.75,2.25,2.25,0.375,11.5,1.9167,3.8333,1.9167,0.1688,3.75,0,0,0,0,0
1059,6.25,6.25,7,0.7333,1.6,0.2667,0.1833,0,0,0,1.75,7.25,7.25,2.4167,2.4167,0.325,2.0833,2.0833,2.0833,2.0833,0,3.25,0,0,0,1.15,0
1060,2.75,2.75,1.5,0.6667,1.2,0.2,0.2167,0,0,0,2.25,5.75,5.75,1.9167,1.9167,0.275,2.25,2.25,2.25,2.25,0,2.75,0,0,0,1.45,0
1061,3.75,3.75,2.5,1.2,1.2,0.2,0.1833,0.8,1.2,0,1.25,6.75,6.75,2.25,2.25,0.375,1.5833,1.5833,1.5833,1.5833,0,3.75,0,0,0,0,0
1062,3.25,3.25,2,0.7667,1,0.1667,0.2167,0.1333,0.2,0,1.75,5.75,5.75,1.9167,1.9167,0.325,1.9167,1.9167,1.9167,1.9167,0,3.25,0,1.0833,0.525,0,0.1313
1063,3,3,4,0.8,1.3,0.4667,0.0667,0,0,0,1.6667,6,6,2,2,0.3,1,2,1,2,0,3,0,0,0,0,0
1064,2.25,2.25,1.5,0.6,0.8,0.1333,0.15,0,0,0,1.0833,4.25,4.25,1.4167,1.4167,0.225,1.4167,1.4167,1.4167,1.4167,0,2.25,0,0,0,0,0
1065,2.25,2.25,2.5,0.8667,0.65,0.1333,0.2167,0,0,0,1.4167,2.25,2.25,0.75,0.75,0.125,1.75,3.5,1.75,1.75,0.3312,3.25,0,0,0,0,0
1066,3.75,3.75,4,0.9333,1.6,0.2667,0.375,0.4,0.6,0,1.9167,6.75,6.75,2.25,2.25,0.275,1.9167,1.9167,1.9167,3.8333,0,2.75,0,0,0,1.85,0
1067,3.75,3.75,2.5,0.6667,1.2,0.2,0.2167,0,0,0,1.25,5.75,5.75,1.9167,1.9167,0.275,2.25,2.25,2.25,2.25,0,2.75,0,0,0,0,0
1068,2.75,2.75,3.5,0.5333,0.4,0.0667,0.1833,0,0,0,0.9167,1.75,1.75,0.5833,0.5833,0.075,1.5833,1.5833,1.5833,1.5833,0,0.75,0,0,0,0,0
1069,2.75,2.75,1.5,0.6667,1.2,0.2,0.2167,0,0,0,1.5833,5.75,5.75,1.9167,1.9167,0.275,2.25,2.25,2.25,2.25,0,2.75,0,0,0,0,0
1070,2.75,2.75,2,1.1667,1.4,0.1667,0.1833,0,0,0,1.5833,5.25,5.25,1.75,1.75,0.275,1.75,1.75,1.75,1.75,0.1938,4.75,0,0,0,0,0
1071,5.25,5.25,3.5,0.6,0.8,0.1333,0.1833,0,0,0,2.4167,5.25,5.25,1.75,1.75,0.325,1.4167,1.4167,1.4167,1.4167,0,3.25,0,0,0,0,0
1072,1,1,2.5,1.0667,0.4,0.0667,0.1333,0.2667,0.4,0,0.6667,1,1,0.3333,0.3333,0,1.3333,1.3333,1.3333,1.3333,0,0,0,0,0,0,0
1073,2,2,5,0.8333,2.2,0.3667,0.1333,0,0,0,2,7.5,7.5,2.5,2.5,0.2,2.5,2.5,2.5,2.5,0,2,0,0.6667,0.6,1,0.1
1074,4.5,4.5,3.5,0.6,0.8,0.1333,0.1667,0,0,0,1.1667,4.5,4.5,1.5,1.5,0.25,1.5,1.5,1.5,1.5,0,2.5,0,0,0,1.4,0
1075,3,3,3.5,0.7333,1.6,0.2667,0.2,0,0,0,1.3333,7,7,2.3333,2.3333,0.3,2,2,2,2,0,3,0,0,0,1.9,0
1076,3.25,3.25,4.5,0.7667,1.4,0.2333,0.0833,0.1,0.15,0.225,2.0833,5.75,5.75,1.9167,1.9167,0.225,1.5833,1.5833,1.5833,1.5833,0.0813,2.25,0,0,0,1.45,0
1077,4,4,3,0.8,1.3,0.2,0.2333,0,0,0,2.3333,7,7,2.3333,2.3333,0.4,2,2,2,2,0.125,4,0,0,0,0,0.275
1078,5,5,4.5,0.8,1.3,0.4667,0.1333,0,0,0,1,6,6,2,2,0.3,1.3333,2.6667,1.3333,2.6667,0,3,0,0,0,0,0
1079,5,5,4,0.7,1.4,0.2333,0.2333,0,0,0,2.6667,7.5,7.5,2.5,2.5,0.4,2.1667,2.1667,2.1667,2.1667,0,4,0,0,0,0,0
1080,2.25,2.25,1.5,0.6,0.8,0.1333,0.15,0,0,0,1.0833,4.25,4.25,1.4167,1.4167,0.225,1.4167,1.4167,1.4167,1.4167,0,2.25,0,0,0,0,0
1081,2,2,1,0.6,0.8,0.1333,0.1,0,0,0,1.3333,4,4,1.3333,1.3333,0.2,1,1,1,1,0,2,0,0,0,0,0
1082,4.75,4.75,3.5,0.6667,1.2,0.2,0.2167,0,0,0,1.25,5.75,5.75,1.9167,1.9167,0.275,2.25,2.25,2.25,2.25,0,2.75,0,0,0,0,0
1083,1,1,3,0.6333,1,0.1667,0.2,0,0,0,1.3333,3.5,3.5,1.1667,1.1667,0.1,2.1667,2.1667,2.1667,2.1667,0,1,0,0,0,0.8,0
1084,3,3,3,0.8,0.8,0.1333,0.3,0.2,0.3,0,1.3333,4,4,1.3333,1.3333,0.2,1,1,1,2,0,2,0,0.6667,0.4,0,0.1
1085,3,3,2.5,0.7333,1.6,0.2667,0.2333,0,0,0,1.3333,7,7,2.3333,2.3333,0.3,2.6667,2.6667,2.6667,2.6667,0,3,0,0,0,0,0
1086,3.5,3.5,5,0.8,2,0.3333,0.2,0,0,0,2.5,8.5,8.5,2.8333,2.8333,0.35,2.5,2.5,2.5,2.5,0,3.5,0,0,0,0,0
1087,3,3,3,0.7667,1.8,0.3,0.2333,0,0,0,1.6667,7.5,7.5,2.5,2.5,0.3,2.8333,2.8333,2.8333,2.8333,0,3,0,0,0,0,0
1088,2,2,1,0.6,0.8,0.1333,0.1,0,0,0,1.3333,4,4,1.3333,1.3333,0.2,1,1,1,1,0,2,0,0,0,0,0
1089,3.25,3.25,4.5,0.8333,1.8,0.3,0.15,0.1333,0.2,0.525,3.0833,7.75,7.75,2.5833,2.5833,0.325,13.5,2.25,4.5,2.25,0.0813,3.25,0,0,0,0,0
1090,3.25,3.25,3,0.7667,1.4,0.2333,0.2833,0.1,0.15,0.425,2.0833,6.75,6.75,2.25,2.25,0.325,15.5,2.5833,5.1667,2.5833,0.1313,3.25,0,0,0,1.65,0
1091,4,4,3,0.6,0.8,0.1333,0.1,0,0,0,1.6667,4,4,1.3333,1.3333,0.2,1,1,1,1,0,2,0,0,0,0,0
1092,3.25,3.25,1.5,0.6,0.8,0.1333,0.1833,0,0,0,2.75,5.25,5.25,1.75,1.75,0.325,1.4167,1.4167,1.4167,1.4167,0,3.25,0,0,0,0.85,0
1093,3,3,2,1.1333,0.8,0.1333,0.1,0.5333,0.8,0.6,1.3333,4,4,1.3333,1.3333,0.2,6,1,2,1,0.075,2,0,0,0,0,0
1094,3.75,3.75,2.5,0.6667,1.2,0.2,0.1833,0,0,0,1.25,6.75,6.75,2.25,2.25,0.375,1.5833,1.5833,1.5833,1.5833,0,3.75,0,0,0,1.35,0
1095,2,2,3,0.7,1.4,0.2333,0.1333,0,0,0,1.3333,5.5,5.5,1.8333,1.8333,0.2,1.8333,1.8333,1.8333,1.8333,0,2,0,0,0,0,0
1096,0.75,0.75,1.5,0.5333,0.4,0.0667,0.25,0,0,0,0.9167,1.75,1.75,0.5833,0.5833,0.075,1.9167,1.9167,1.9167,1.9167,0,0.75,0,0,0,0,0
1097,2,2,1.5,0.6667,1.2,0.2,0.1667,0,0,0,1,5,5,1.6667,1.6667,0.2,2,2,2,2,0,2,0,0,0,0,0
1098,2,2,1.5,0.6,0.8,0.1333,1,0,0,1,1,4,4,1.3333,1.3333,0.2,1.3333,1.3333,1.3333,1.3333,0,2,0.4,0.2222,0.075,0,0
1099,4.75,4.75,3,0.6667,0.8,0.1333,0.2167,0.0667,0.1,0.475,2.5833,5.75,5.75,1.9167,1.9167,0.375,1.5833,1.5833,1.5833,1.5833,0.1187,3.75,0,0,0,1.75,0
1100,2.5,2.5,2,0.7333,0.9,0.1333,0.1333,0,0,0,1.5,4.5,4.5,1.5,1.5,0.25,1.1667,1.1667,1.1667,1.1667,0.0875,2.5,0,0,0,0,0.2375
1101,3.75,3.75,2.5,0.6667,1.2,0.2,0.1833,0,0,0,1.25,6.75,6.75,2.25,2.25,0.375,1.5833,1.5833,1.5833,1.5833,0,3.75,0,0,0,0,0
1102,7.25,7.25,7.5,0.7333,1.6,0.2667,0.1833,0,0,0,2.0833,7.25,7.25,2.4167,2.4167,0.325,2.0833,2.0833,2.0833,2.0833,0,3.25,0,0,0,0.65,0
1103,3.5,3.5,3,0.7,1.4,0.2333,0.2,0,0,0,2.5,7,7,2.3333,2.3333,0.35,2,2,2,2,0,3.5,0,0,0,0,0
1104,5.25,5.25,4,1.1333,1.2,0.1333,0.15,0,0,0,1.75,6.25,6.25,2.0833,2.0833,0.425,1.0833,1.0833,1.0833,1.0833,0.1812,6.25,0,0,0,0,0
1105,5.5,5.5,4.5,0.6667,1.2,0.2,0.1667,0,0,0,1.1667,6.5,6.5,2.1667,2.1667,0.35,1.5,1.5,1.5,1.5,0,3.5,0,0,0,0,0
1106,2.25,2.25,1.5,0.6,0.8,0.1333,0.15,0,0,0,1.0833,4.25,4.25,1.4167,1.4167,0.225,1.4167,1.4167,1.4167,1.4167,0,2.25,0,0,0,1.15,0
1107,3,3,2,0.6667,0.8,0.1333,0.1667,0.0667,0.1,0.4,2,5,5,1.6667,1.6667,0.3,1.3333,1.3333,1.3333,1.3333,0.075,3,0,0,0,0,0
1108,5,5,5,0.8,1.3,0.2,0.1333,0,0,0,2.3333,6,6,2,2,0.3,1.6667,1.6667,1.6667,1.6667,0.15,3,0,0,0,0,0.3
1109,3.75,3.75,2.5,0.6667,1.2,0.2,0.2167,0,0,0,1.5833,5.75,5.75,1.9167,1.9167,0.275,2.25,2.25,2.25,2.25,0,2.75,0,0,0,0,0
1110,3.75,3.75,2,0.6,0.8,0.1333,0.2167,0,0,0,1.5833,4.75,4.75,1.5833,1.5833,0.275,1.5833,1.5833,1.5833,1.5833,0,2.75,0,0,0,0,0
1111,6.5,6.5,5.5,0.8333,1.5,0.2333,0.2667,0,0,0,2.5,8,8,2.6667,2.6667,0.45,2.3333,2.3333,2.3333,2.3333,0.1875,4.5,0,0,0,0,0.3375
1112,3.5,3.5,3.5,1.1667,1,0.1667,0.1333,0.5333,0.8,0.55,1.5,5,5,1.6667,1.6667,0.25,8,1.3333,2.6667,1.3333,0.0875,2.5,0,0,0,0,0
1113,2.75,2.75,2,0.6333,1,0.1667,0.1833,0,0,0,1.25,5.25,5.25,1.75,1.75,0.275,1.75,1.75,1.75,1.75,0,2.75,0,0,0,0,0
1114,5.25,5.25,6.5,0.9,1.8,0.3,0.1833,0.2667,0.4,0,2.0833,7.75,7.75,2.5833,2.5833,0.325,2.25,2.25,2.25,2.25,0,3.25,0,0,0,1.15,0
1115,2.75,2.75,1.5,0.6,0.8,0.1333,0.1833,0,0,0,1.25,4.75,4.75,1.5833,1.5833,0.275,1.5833,1.5833,1.5833,1.5833,0,2.75,0,0,0,0,0
1116,3.25,3.25,4,0.7,1.4,0.2333,0.15,0,0,0,2.0833,5.75,5.75,1.9167,1.9167,0.225,1.9167,1.9167,1.9167,1.9167,0,2.25,0,0,0,1.05,0
1117,3,3,1.5,0.6,0.8,0.1333,0.2,0,0,0,1.3333,5,5,1.6667,1.6667,0.3,1.6667,1.6667,1.6667,1.6667,0,3,0,0,0,0,0
1118,0.5,0.5,1.5,0.5333,0.4,0.0667,0.1667,0,0,0,1.5,1.5,1.5,0.5,0.5,0.05,1.5,1.5,1.5,1.5,0,0.5,0,0,0,0,0
1119,3,3,2.5,0.7333,1.2,0.2,0.1333,0.1,0.15,0.5,1,6,6,2,2,0.3,8,1.3333,2.6667,1.3333,0.05,3,0,0,0,1.8,0
1120,3.75,3.75,2.5,0.6667,1.2,0.2,0.1833,0,0,0,1.25,6.75,6.75,2.25,2.25,0.375,1.5833,1.5833,1.5833,1.5833,0,3.75,0,0,0,0,0
1121,4.5,4.5,3.5,1.4667,1.05,0.2,0.1667,0.7,1.05,0,1.1667,4.5,4.5,1.5,1.5,0.25,1.5,3,1.5,1.5,0.3125,4.5,0,0,0,0,0
1122,4,4,2,0.7333,0.9,0.4,0.1667,0,0,0,1.6667,5,5,1.6667,1.6667,0.3,1.3333,2.6667,1.3333,2.6667,0,3,0,0,0,0,0
1123,3,3,3.5,0.7,1.4,0.2333,0.1,0,0,0,1.6667,5.5,5.5,1.8333,1.8333,0.2,1.5,1.5,1.5,1.5,0,2,0,0,0,0,0
1124,4.75,4.75,4,0.7667,1.1,0.4333,0.1833,0,0,0,1.5833,5.25,5.25,1.75,1.75,0.275,1.75,3.5,1.75,3.5,0,2.75,0,0,0,0,0
1125,2,2,3,0.7667,1.8,0.3,0.1667,0,0,0,1.3333,6.5,6.5,2.1667,2.1667,0.2,2.5,2.5,2.5,2.5,0,2,0,0,0,0,0
1126,2.25,2.25,1,0.6,0.8,0.1333,0.1167,0,0,0,2.4167,4.25,4.25,1.4167,1.4167,0.225,1.0833,1.0833,1.0833,1.0833,0,2.25,0,0,0,0,0
1127,2.75,2.75,3,1.2,1.2,0.2,0.1167,0.8,1.2,0,1.9167,5.75,5.75,1.9167,1.9167,0.275,1.5833,1.5833,1.5833,1.5833,0,2.75,0,0,0,0,0
1128,4,4,3.5,0.6333,1,0.1667,0.1667,0,0,0,2.6667,5.5,5.5,1.8333,1.8333,0.3,1.5,1.5,1.5,1.5,0,3,0,0,0,0,0
1129,3.75,3.75,3.5,1.2333,1.4,0.2333,0.1833,0.8,1.2,0.375,1.5833,6.25,6.25,2.0833,2.0833,0.275,1.75,1.75,1.75,1.75,0.0938,2.75,0,0,0,0,0
1130,3.25,3.25,1.5,0.6,0.8,0.1333,0.2167,0,0,0,2.0833,5.25,5.25,1.75,1.75,0.325,1.75,1.75,1.75,1.75,0,3.25,0,0,0,0,0
1131,4.5,4.5,4.5,0.8,1.6,0.2667,0.2333,0.1333,0.2,0.45,2.8333,7.5,7.5,2.5,2.5,0.35,15,2.5,5,2.5,0.1375,3.5,0,0,0,0,0
1132,0.75,0.75,1.5,0.5333,0.4,0.0667,0.1833,0,0,0,0.9167,1.75,1.75,0.5833,0.5833,0.075,1.5833,1.5833,1.5833,1.5833,0,0.75,0,0,0,0,0
1133,3.75,3.75,3.5,0.7,1,0.1667,0.15,0.0667,0.1,0.375,1.9167,5.25,5.25,1.75,1.75,0.275,1.4167,1.4167,1.4167,1.4167,0.0938,2.75,0,0,0,0,0
1134,2.25,2.25,1.5,0.6,0.8,0.1333,0.15,0,0,0,1.0833,4.25,4.25,1.4167,1.4167,0.225,1.4167,1.4167,1.4167,1.4167,0,2.25,0,0,0,1.25,0
1135,2.5,2.5,2.5,0.7,1.4,0.2333,0.1667,0,0,0,1.1667,6,6,2,2,0.25,1.6667,1.6667,1.6667,1.6667,0,2.5,0,0,0,2,0
1136,4,4,2.5,0.7333,0.9,0.4,0.1667,0,0,0,2,5,5,1.6667,1.6667,0.3,1.3333,2.6667,1.3333,2.6667,0,3,0,0,0,0,0
1137,3.25,3.25,6.5,0.6667,1.2,0.2,0.15,0,0,0,0.75,3.25,3.25,1.0833,1.0833,0.025,2.0833,2.0833,2.0833,2.0833,0,0.25,0,0,0,0,0
1138,2.75,2.75,1.5,1.5333,1.45,0.2667,0.2167,0.9667,1.45,0,1.5833,5.75,5.75,1.9167,1.9167,0.275,2.25,4.5,2.25,2.25,0.2938,4.75,0,0,0,0,0
1139,2.25,2.25,1,1.1333,0.8,0.1333,0.1167,0.5333,0.8,0,1.4167,4.25,4.25,1.4167,1.4167,0.225,1.0833,1.0833,1.0833,1.0833,0,2.25,0,0,0,0,0
1140,4.25,4.25,4,0.6,0.8,0.1333,0.1167,0,0,0,1.4167,4.25,4.25,1.4167,1.4167,0.225,1.0833,1.0833,1.0833,1.0833,0,2.25,0,0,0,1.45,0
1141,4.25,4.25,4,0.6667,1.2,0.2,0.1833,0,0,0,1.75,6.25,6.25,2.0833,2.0833,0.325,1.75,1.75,1.75,1.75,0,3.25,0,0,0,1.45,0
1142,4,4,1.5,0.6,0.8,0.1333,0.2333,0,0,0,3,6,6,2,2,0.4,1.6667,1.6667,1.6667,1.6667,0,4,0,0,0,0,0
1143,3.25,3.25,2.5,0.6,0.8,0.1333,0.15,0,0,0,1.4167,4.25,4.25,1.4167,1.4167,0.225,1.4167,1.4167,1.4167,1.4167,0,2.25,0,0,0,0,0
1144,2.25,2.25,1.5,0.6667,1.2,0.2,0.1833,0,0,0,1.0833,5.25,5.25,1.75,1.75,0.225,2.0833,2.0833,2.0833,2.0833,0,2.25,0,0,0,0,0
1145,3.75,3.75,2.5,0.6667,1.2,0.2,0.1833,0,0,0,1.25,6.75,6.75,2.25,2.25,0.375,1.5833,1.5833,1.5833,1.5833,0,3.75,0,0,0,0,0
1146,2.25,2.25,1,0.6,0.8,0.1333,0.1167,0,0,0,1.4167,4.25,4.25,1.4167,1.4167,0.225,1.0833,1.0833,1.0833,1.0833,0,2.25,0,0,0,0,0
1147,2.25,2.25,1.5,0.6667,0.8,0.1333,0.15,0.0667,0.1,0.525,1.0833,4.25,4.25,1.4167,1.4167,0.225,8.5,1.4167,2.8333,1.4167,0.0813,2.25,0,0,0,0,0
1148,2.75,2.75,3,0.7,1.4,0.2333,0.1833,0,0,0,1.5833,6.25,6.25,2.0833,2.0833,0.275,2.0833,2.0833,2.0833,2.0833,0,2.75,0,0,0,0,0
1149,5,5,3.5,0.6333,1,0.1667,0.2333,0,0,0,2,6.5,6.5,2.1667,2.1667,0.4,1.8333,1.8333,1.8333,1.8333,0,4,0,0,0,1.4,0
1150,2.25,2.25,1.5,0.6667,1.2,0.2,0.1833,0,0,0,1.0833,5.25,5.25,1.75,1.75,0.225,2.0833,2.0833,2.0833,2.0833,0,2.25,0,0,0,0,0
1151,3.25,3.25,1.5,0.6,0.8,0.1333,0.1833,0,0,0,2.0833,5.25,5.25,1.75,1.75,0.325,1.4167,1.4167,1.4167,1.4167,0,3.25,0,0,0,0,0
1152,3,3,2.5,0.6667,1.2,0.2,0.1333,0,0,0,1,6,6,2,2,0.3,1.3333,1.3333,1.3333,1.3333,0,3,0,0,0,0,0
1153,2.25,2.25,4,0.7667,1.8,0.3,0.15,0,0,0,1.4167,6.75,6.75,2.25,2.25,0.225,2.25,2.25,2.25,2.25,0,2.25,0,0,0,0,0
1154,2.5,2.5,3.5,0.7667,1.8,0.3,1.05,0,0,1.05,1.5,7,7,2.3333,2.3333,0.25,2,2,2,2,0,2.5,0.4,0.2778,0.1125,0,0
1155,3,3,4.5,0.9333,1.6,0.2667,0.1,0.4,0.6,0,2.3333,6,6,2,2,0.2,2,2,2,4,0,2,0,0,0,0,0
1156,4.75,4.75,2.5,0.6,0.8,0.1333,0.2167,0,0,0,2.25,5.75,5.75,1.9167,1.9167,0.375,1.5833,1.5833,1.5833,1.5833,0,3.75,0,0,0,0,0
1157,3.25,3.25,2.5,0.7,1.4,0.2333,0.2167,0,0,0,1.4167,6.75,6.75,2.25,2.25,0.325,1.9167,1.9167,1.9167,1.9167,0,3.25,0,1.0833,0.425,1.65,0.1062
1158,5.5,5.5,3.5,0.6,0.8,0.1333,0.2667,0,0,0,2.5,5.5,5.5,1.8333,1.8333,0.35,1.8333,1.8333,1.8333,1.8333,0,3.5,0,0,0,0,0
1159,3,3,2,0.8667,1.2,0.2,0.4,0.3,0.45,0,1.3333,6,6,2,2,0.3,1.6667,1.6667,1.6667,3.3333,0,3,0,1,0.4,0,0.1
1160,4,4,3,0.6667,0.8,0.1333,0.1,0.0667,0.1,0.6,1.3333,4,4,1.3333,1.3333,0.2,6,1,2,1,0.1,2,0,0,0,0,0
1161,2.5,2.5,3,0.7667,1.8,0.3,0.2,0,0,0,1.5,7,7,2.3333,2.3333,0.25,2.6667,2.6667,2.6667,2.6667,0,2.5,0,0,0,0,0
1162,6,6,6.5,1.0333,1.65,0.3,0.1667,0,0,0,2,6.5,6.5,2.1667,2.1667,0.3,1.8333,3.6667,1.8333,1.8333,0.325,5,0,0,0,0,0
1163,2.25,2.25,1.5,0.6,0.8,0.1333,0.15,0,0,0,4.0833,4.25,4.25,1.4167,1.4167,0.225,1.4167,1.4167,1.4167,1.4167,0,2.25,0,0,0,0,0
1164,0,0,1.5,0.5333,0.4,0.0667,0.1333,0,0,0,0.6667,1,1,0.3333,0.3333,0,1.3333,1.3333,1.3333,1.3333,0,0,0,0,0,0,0
1165,5,5,5,0.7667,1.8,0.3,0.2,0,0,0,1.6667,8.5,8.5,2.8333,2.8333,0.4,2.1667,2.1667,2.1667,2.1667,0,4,0,0,0,0,0
1166,2.75,2.75,2,0.6,0.8,0.1333,0.1167,0,0,0,2.9167,4.75,4.75,1.5833,1.5833,0.275,1.25,1.25,1.25,1.25,0,2.75,0,0.9167,0.875,0,0.0938
1167,3.75,3.75,5.5,1.4,2.4,0.4,0.2167,1.6,2.4,0,1.9167,8.75,8.75,2.9167,2.9167,0.275,3.25,3.25,3.25,3.25,0,2.75,0,0,0,0,0
1168,3.25,3.25,1.5,0.6,0.8,0.1333,0.925,0,0,0.925,2.0833,5.25,5.25,1.75,1.75,0.325,1.4167,1.4167,1.4167,1.4167,0,3.25,0.55,0.3611,0.1563,0.65,0
1169,3.75,3.75,1.5,0.6,0.8,0.1333,0.2167,0,0,0,2.9167,5.75,5.75,1.9167,1.9167,0.375,1.5833,1.5833,1.5833,1.5833,0,3.75,0,0,0,0.95,0
1170,3.75,3.75,1.5,0.6,0.8,0.1333,0.2167,0,0,0,2.25,5.75,5.75,1.9167,1.9167,0.375,1.5833,1.5833,1.5833,1.5833,0,3.75,0,0,0,0,0
1171,3.5,3.5,5.5,0.7667,1.8,0.3,0.1,0,0,0,2.5,7,7,2.3333,2.3333,0.25,2,2,2,2,0,2.5,0,0,0,1.8,0
1172,3,3,2.5,0.6667,1.2,0.2,0.1333,0,0,0,1,6,6,2,2,0.3,1.3333,1.3333,1.3333,1.3333,0,3,0,0,0,0,0
1173,5.25,5.25,3.5,0.6667,0.8,0.1333,0.1833,0.0667,0.1,0.425,2.0833,5.25,5.25,1.75,1.75,0.325,8.5,1.4167,2.8333,1.4167,0.1313,3.25,0,0,0,0,0
1174,1,1,3,0.6333,1,0.1667,0.2,0,0,0,1.6667,3.5,3.5,1.1667,1.1667,0.1,2.1667,2.1667,2.1667,2.1667,0,1,0,0,0,0,0
1175,2.25,2.25,1.5,0.6667,1.2,0.2,1.125,0,0,1.125,1.4167,5.25,5.25,1.75,1.75,0.225,2.0833,2.0833,2.0833,2.0833,0,2.25,0.55,0.25,0.1062,0,0
1176,2.5,2.5,1.5,0.6667,1.2,0.2,0.2,0,0,0,1.1667,5.5,5.5,1.8333,1.8333,0.25,2.1667,2.1667,2.1667,2.1667,0,2.5,0,0,0,0,0
1177,2.25,2.25,2.5,0.7,1.4,0.2333,0.1167,0,0,0,2.4167,5.75,5.75,1.9167,1.9167,0.225,1.5833,1.5833,1.5833,1.5833,0,2.25,0,0,0,0,0
1178,2.75,2.75,2.5,1.1667,1.4,0.1667,0.1167,0,0,0,1.9167,5.25,5.25,1.75,1.75,0.275,1.4167,1.4167,1.4167,1.4167,0.1688,4.75,0,0,0,0,0
1179,4,4,4,0.8,1.3,0.2,0.1333,0,0,0,1.6667,7,7,2.3333,2.3333,0.4,1.3333,1.3333,1.3333,1.3333,0.075,4,0,0,0,0,0.225
1180,0.75,0.75,1.5,0.5333,0.4,0.0667,0.1833,0,0,0,0.9167,1.75,1.75,0.5833,0.5833,0.075,1.5833,1.5833,1.5833,1.5833,0,0.75,0,0,0,0,0
1181,2.75,2.75,1.5,0.6,0.8,0.1333,0.1833,0,0,0,1.25,4.75,4.75,1.5833,1.5833,0.275,1.5833,1.5833,1.5833,1.5833,0,2.75,0,0,0,0,0
1182,0.75,0.75,1.5,0.5333,0.4,0.0667,0.1833,0,0,0,0.9167,1.75,1.75,0.5833,0.5833,0.075,1.5833,1.5833,1.5833,1.5833,0,0.75,0,0,0,0,0
1183,3,3,3.5,0.7667,1,0.1667,0.1333,0.1333,0.2,0,1.3333,5.5,5.5,1.8333,1.8333,0.3,1.1667,1.1667,1.1667,1.1667,0,3,0,0,0,0,0
1184,0,0,1.5,0.5333,0.4,0.0667,0.1333,0,0,0,1,1,1,0.3333,0.3333,0,1.3333,1.3333,1.3333,1.3333,0,0,0,0,0,0,0
1185,2,2,1,0.6,0.8,0.1333,0.1,0,0,0,1.3333,4,4,1.3333,1.3333,0.2,1,1,1,1,0,2,0,0,0,0,0
1186,3.5,3.5,3.5,0.6333,1,0.1667,0.1,0,0,0,1.8333,5,5,1.6667,1.6667,0.25,1.3333,1.3333,1.3333,1.3333,0,2.5,0,0,0,1.6,0
1187,2,2,3,0.8,1.2,0.2,0.1,0.2,0.3,0,1.6667,5,5,1.6667,1.6667,0.2,1.3333,1.3333,1.3333,1.3333,0,2,0,0,0,1.1,0
1188,3.5,3.5,2.5,0.7,1,0.1667,0.75,0.0667,0.1,1.05,1.8333,6,6,2,2,0.35,1.6667,1.6667,1.6667,1.6667,0.0875,3.5,0.6,0.3889,0.1375,0,0
1189,2.75,2.75,2.5,0.6333,1,0.1667,0.1167,0,0,0,2.25,5.25,5.25,1.75,1.75,0.275,1.4167,1.4167,1.4167,1.4167,0,2.75,0,0,0,0,0
1190,3.75,3.75,2,0.6,0.8,0.1333,0.15,0,0,0,1.5833,4.75,4.75,1.5833,1.5833,0.275,1.25,1.25,1.25,1.25,0,2.75,0,0,0,0,0
1191,2.25,2.25,1.5,0.6667,1.2,0.2,0.1833,0,0,0,1.0833,5.25,5.25,1.75,1.75,0.225,2.0833,2.0833,2.0833,2.0833,0,2.25,0,0,0,0,0
1192,0,0,1.5,0.5333,0.4,0.0667,0.1333,0,0,0,0.6667,1,1,0.3333,0.3333,0,1.3333,1.3333,1.3333,1.3333,0,0,0,0,0,0,0
1193,3.5,3.5,5,1.2667,2,0.2667,0.1,0,0,0,2.1667,7.5,7.5,2.5,2.5,0.35,1.5,1.5,1.5,1.5,0.1375,5.5,0,0,0,0,0
1194,2.5,2.5,2,0.7333,0.9,0.1333,0.1,0,0,0,1.8333,4.5,4.5,1.5,1.5,0.25,1.1667,1.1667,1.1667,1.1667,0.0875,2.5,0,0,0,0,0.2375
1195,1.25,1.25,2.5,0.8667,0.65,0.1333,0.15,0,0,0,0.75,1.25,1.25,0.4167,0.4167,0.025,1.4167,2.8333,1.4167,1.4167,0.3063,2.25,0,0,0,0,0
1196,2,2,1,0.6,0.8,0.1333,0.1,0,0,0,1.6667,4,4,1.3333,1.3333,0.2,1,1,1,1,0,2,0,0,0,0,0
1197,3.25,3.25,3,0.7,1.4,0.2333,0.1833,0,0,0,2.0833,6.75,6.75,2.25,2.25,0.325,1.9167,1.9167,1.9167,1.9167,0,3.25,0,0,0,0,0
1198,4,4,1.5,0.6,0.8,0.1333,0.2333,0,0,0,2.6667,6,6,2,2,0.4,1.6667,1.6667,1.6667,1.6667,0,4,0,0,0,1.6,0
1199,4.75,4.75,3.5,0.6,0.8,0.1333,0.1833,0,0,0,1.5833,4.75,4.75,1.5833,1.5833,0.275,1.5833,1.5833,1.5833,1.5833,0,2.75,0,0,0,0,0
1200,4.5,4.5,3,0.8,0.8,0.1333,0.35,0.2,0.3,0,3.1667,5.5,5.5,1.8333,1.8333,0.35,1.5,1.5,1.5,3,0,3.5,0,0,0,0,0
1201,2,2,1.5,0.8,1.3,0.4667,0.1667,0,0,0,1,5,5,1.6667,1.6667,0.2,2,4,2,4,0,2,0,0,0,0,0
1202,3.75,3.75,2.5,0.6,0.8,0.1333,0.1833,0,0,0,1.25,4.75,4.75,1.5833,1.5833,0.275,1.5833,1.5833,1.5833,1.5833,0,2.75,0,0,0,0,0
1203,4.5,4.5,3.5,0.6,0.8,0.1333,0.1667,0,0,0,1.1667,4.5,4.5,1.5,1.5,0.25,1.5,1.5,1.5,1.5,0,2.5,0,0,0,0,0
1204,5,5,5,0.6667,1.2,0.2,0.1,0,0,0,1.6667,5,5,1.6667,1.6667,0.2,1.3333,1.3333,1.3333,1.3333,0,2,0,0,0,0,0
1205,3.25,3.25,3.5,1.1667,1.4,0.1667,0.1167,0,0,0,1.4167,4.75,4.75,1.5833,1.5833,0.225,1.25,1.25,1.25,1.25,0.1812,4.25,0,0,0,0,0
1206,4,4,2.5,0.7333,1.2,0.2,0.2,0.1,0.15,0.6,1.3333,7,7,2.3333,2.3333,0.4,10,1.6667,3.3333,1.6667,0.075,4,0,0,0,0,0
1207,3.75,3.75,7,0.9,2.6,0.4333,0.1833,0,0,0,2.5833,9.25,9.25,3.0833,3.0833,0.275,3.0833,3.0833,3.0833,3.0833,0,2.75,0,0,0,0,0
1208,2,2,2.5,0.7,1.4,0.2333,0.1,0,0,0,1.6667,5.5,5.5,1.8333,1.8333,0.2,1.5,1.5,1.5,1.5,0,2,0,0,0,0,0
1209,3.25,3.25,3,0.7333,0.9,0.1333,0.0833,0,0,0,1.4167,5.25,5.25,1.75,1.75,0.325,0.75,0.75,0.75,0.75,0.0563,3.25,0,0,0,0,0.2062
1210,5.25,5.25,3,0.6,0.8,0.1333,0.1833,0,0,0,2.0833,5.25,5.25,1.75,1.75,0.325,1.4167,1.4167,1.4167,1.4167,0,3.25,0,0,0,1.45,0
1211,2.5,2.5,1.5,0.7333,0.9,0.4,0.1667,0,0,0,1.1667,4.5,4.5,1.5,1.5,0.25,1.5,3,1.5,3,0,2.5,0,0,0,0,0
1212,3.25,3.25,1.5,0.6,0.8,0.1333,0.925,0,0,0.925,2.0833,5.25,5.25,1.75,1.75,0.325,1.4167,1.4167,1.4167,1.4167,0,3.25,0.55,0.3611,0.1563,0,0
1213,2,2,1,0.6,0.8,0.1333,0.1,0,0,0,2.3333,4,4,1.3333,1.3333,0.2,1,1,1,1,0,2,0,0,0,0,0
1214,2,2,3,0.6667,1.2,0.2,0.1,0,0,0,1.3333,5,5,1.6667,1.6667,0.2,1.3333,1.3333,1.3333,1.3333,0,2,0,0,0,1.5,0
1215,3.25,3.25,3,1.1333,0.8,0.1333,0.325,0.5333,0.8,0,1.4167,5.25,5.25,1.75,1.75,0.325,0.75,0.75,0.75,0.75,0,3.25,0,0,0,0,0
1216,4,4,2.5,1,1.45,0.2667,0.2,0,0,0,1.3333,7,7,2.3333,2.3333,0.4,1.6667,3.3333,1.6667,1.6667,0.25,6,0,0,0,0,0
1217,5.75,5.75,5.5,0.7,1.4,0.2333,1.175,0,0,1.175,2.25,7.25,7.25,2.4167,2.4167,0.375,2.0833,2.0833,2.0833,2.0833,0,3.75,0.65,0.4167,0.1688,0,0
1218,0.75,0.75,1.5,0.5333,0.4,0.0667,0.1833,0,0,0,0.9167,1.75,1.75,0.5833,0.5833,0.075,1.5833,1.5833,1.5833,1.5833,0,0.75,0,0,0,0,0
1219,3,3,2.5,0.6667,1.2,0.2,0.1333,0,0,0,1,6,6,2,2,0.3,1.3333,1.3333,1.3333,1.3333,0,3,0,0,0,0,0
1220,1.75,1.75,2.5,0.5333,0.4,0.0667,0.1833,0,0,0,0.9167,1.75,1.75,0.5833,0.5833,0.075,1.5833,1.5833,1.5833,1.5833,0,0.75,0,0,0,0,0
1221,4.25,4.25,3.5,0.7667,1.1,0.1667,0.1833,0,0,0,1.75,5.75,5.75,1.9167,1.9167,0.325,1.5833,1.5833,1.5833,1.5833,0.1313,3.25,0,0,0,0,0.2813
1222,2.25,2.25,1.5,0.6,0.8,0.1333,0.15,0,0,0,1.0833,4.25,4.25,1.4167,1.4167,0.225,1.4167,1.4167,1.4167,1.4167,0,2.25,0,0,0,0,0
1223,2.25,2.25,1.5,0.6667,1.2,0.2,1.125,0,0,1.125,1.0833,5.25,5.25,1.75,1.75,0.225,2.0833,2.0833,2.0833,2.0833,0,2.25,0.55,0.25,0.0813,0,0
1224,5.75,5.75,5.5,1.2333,1.4,0.2333,0.2167,0.8,1.2,0,2.5833,7.25,7.25,2.4167,2.4167,0.375,2.0833,2.0833,2.0833,2.0833,0,3.75,0,0,0,0,0
1225,5.5,5.5,4,1.2,1.6,0.2,0.2333,0,0,0,1.5,6.5,6.5,2.1667,2.1667,0.35,1.8333,1.8333,1.8333,1.8333,0.2375,5.5,0,0,0,0,0
1226,1.25,1.25,1.5,0.5333,0.4,0.0667,0.2167,0,0,0,2.0833,2.25,2.25,0.75,0.75,0.125,1.75,1.75,1.75,1.75,0,1.25,0,0,0,0,0
1227,5.5,5.5,7.5,0.8,2,0.3333,0.1667,0,0,0,1.8333,7.5,7.5,2.5,2.5,0.25,2.5,2.5,2.5,2.5,0,2.5,0,0,0,0,0
1228,3.25,3.25,2.5,0.6667,1.2,0.2,0.15,0,0,0,1.4167,6.25,6.25,2.0833,2.0833,0.325,1.4167,1.4167,1.4167,1.4167,0,3.25,0,0,0,0,0
1229,3.25,3.25,1.5,0.6,0.8,0.1333,0.1833,0,0,0,2.0833,5.25,5.25,1.75,1.75,0.325,1.4167,1.4167,1.4167,1.4167,0,3.25,0,0,0,0,0
1230,4.5,4.5,4.5,0.7667,1.1,0.1667,0.1333,0,0,0,1.5,5,5,1.6667,1.6667,0.25,1.3333,1.3333,1.3333,1.3333,0.1375,2.5,0,0,0,0,0.2875
1231,3.25,3.25,4,0.7667,1.8,0.3,0.15,0,0,0,1.4167,7.75,7.75,2.5833,2.5833,0.325,1.9167,1.9167,1.9167,1.9167,0,3.25,0,0,0,0,0
1232,0,0,3,0.6333,1,0.1667,0.1333,0,0,0,1,2.5,2.5,0.8333,0.8333,0,1.8333,1.8333,1.8333,1.8333,0,0,0,0,0,0,0
1233,4.5,4.5,1.5,0.6,0.8,0.1333,0.2667,0,0,0,2.5,6.5,6.5,2.1667,2.1667,0.45,1.8333,1.8333,1.8333,1.8333,0,4.5,0,0,0,0,0
1234,3.75,3.75,2.5,0.6667,1.2,0.2,0.1833,0,0,0,1.25,6.75,6.75,2.25,2.25,0.375,1.5833,1.5833,1.5833,1.5833,0,3.75,0,0,0,0,0
1235,2,2,1.5,0.6667,1.2,0.2,0.1667,0,0,0,1,5,5,1.6667,1.6667,0.2,2,2,2,2,0,2,0,0,0,0.8,0
1236,2,2,1.5,0.6,0.8,0.1333,0.1333,0,0,0,1,4,4,1.3333,1.3333,0.2,1.3333,1.3333,1.3333,1.3333,0,2,0,0,0,0,0
1237,5,5,2.5,0.6,0.8,0.1333,0.3,0,0,0,2.3333,6,6,2,2,0.4,2,2,2,2,0,4,0,0,0,1.1,0
1238,3.5,3.5,2,0.6667,1.2,0.2,1.15,0,0,1.15,1.8333,6.5,6.5,2.1667,2.1667,0.35,1.8333,1.8333,1.8333,1.8333,0,3.5,0.6,0.3889,0.1375,0,0
1239,4.5,4.5,3.5,0.6,0.8,0.1333,0.1667,0,0,0,1.1667,4.5,4.5,1.5,1.5,0.25,1.5,1.5,1.5,1.5,0,2.5,0,0,0,0,0
1240,3.25,3.25,2.5,0.6667,1.2,0.2,0.25,0,0,0,1.0833,5.25,5.25,1.75,1.75,0.225,2.4167,2.4167,2.4167,2.4167,0,2.25,0,0,0,0,0
1241,2,2,1.5,0.6,0.8,0.1333,0.1333,0,0,0,1,4,4,1.3333,1.3333,0.2,1.3333,1.3333,1.3333,1.3333,0,2,0,0,0,1.2,0
1242,2.75,2.75,1,0.6,0.8,0.1333,0.15,0,0,0,1.9167,4.75,4.75,1.5833,1.5833,0.275,1.25,1.25,1.25,1.25,0,2.75,0,0,0,0,0
1243,2.25,2.25,1,0.6,0.8,0.1333,0.1167,0,0,0,1.4167,4.25,4.25,1.4167,1.4167,0.225,1.0833,1.0833,1.0833,1.0833,0,2.25,0,0,0,0,0
1244,3,3,4,0.7667,1.8,0.3,0.1667,0,0,0,1.3333,6.5,6.5,2.1667,2.1667,0.2,2.5,2.5,2.5,2.5,0,2,0,0,0,1.2,0
1245,4.25,4.25,3,0.7333,0.9,0.1333,0.15,0,0,0,1.75,6.25,6.25,2.0833,2.0833,0.425,1.0833,1.0833,1.0833,1.0833,0.0813,4.25,0,0,0,0,0.2313
1246,5.75,5.75,4.5,0.6667,1.2,0.2,0.1833,0,0,0,1.5833,6.75,6.75,2.25,2.25,0.375,1.5833,1.5833,1.5833,1.5833,0,3.75,0,0,0,0,0
1247,2.25,2.25,2.5,0.7667,1.4,0.2333,0.1167,0.1,0.15,0.625,2.0833,5.75,5.75,1.9167,1.9167,0.225,9.5,1.5833,3.1667,1.5833,0.0563,2.25,0,0,0,0,0
1248,3.75,3.75,3.5,0.7667,1.1,0.1667,0.15,0,0,0,1.9167,5.25,5.25,1.75,1.75,0.275,1.4167,1.4167,1.4167,1.4167,0.1187,2.75,0,0,0,0,0.2687
1249,3.75,3.75,5.5,0.6,0.8,0.1333,0.1833,0,0,0,0.9167,2.75,2.75,0.9167,0.9167,0.075,1.9167,1.9167,1.9167,1.9167,0,0.75,0,0,0,0,0
1250,4.25,4.25,2.5,1.1333,0.8,0.1333,0.1833,0.5333,0.8,0,2.0833,5.25,5.25,1.75,1.75,0.325,1.4167,1.4167,1.4167,1.4167,0,3.25,0,0,0,0,0
1251,4.25,4.25,3.5,0.6667,1.2,0.2,0.15,0,0,0,1.0833,6.25,6.25,2.0833,2.0833,0.325,1.4167,1.4167,1.4167,1.4167,0,3.25,0,0,0,0,0
1252,3.5,3.5,2.5,1.2333,1.8,0.2333,0.2333,0,0,0,1.5,7,7,2.3333,2.3333,0.35,2,2,2,2,0.1875,5.5,0,0,0,0,0
1253,1,1,1.5,0.5333,0.4,0.0667,0.2,0,0,0,1,2,2,0.6667,0.6667,0.1,1.6667,1.6667,1.6667,1.6667,0,1,0,0,0,0,0
1254,0.75,0.75,1.5,0.5333,0.4,0.0667,0.1833,0,0,0,0.9167,1.75,1.75,0.5833,0.5833,0.075,1.5833,1.5833,1.5833,1.5833,0,0.75,0,0,0,0,0
1255,4,4,4,0.6333,1,0.1667,0.2,0,0,0,1.3333,4.5,4.5,1.5,1.5,0.2,1.8333,1.8333,1.8333,1.8333,0,2,0,0,0,1.2,0
1256,3.75,3.75,3,0.8,0.8,0.1333,0.375,0.2,0.3,0,2.25,4.75,4.75,1.5833,1.5833,0.275,1.25,1.25,1.25,2.5,0,2.75,0,0,0,0,0
1257,1.5,1.5,2.5,0.6,0.4,0.0667,0.1667,0.0333,0.05,0.55,0.8333,1.5,1.5,0.5,0.5,0.05,9,1.5,3,1.5,0.1375,0.5,0,0,0,0,0
1258,2,2,1.5,0.6,0.8,0.1333,0.2,0,0,0,1,4,4,1.3333,1.3333,0.2,1.6667,1.6667,1.6667,1.6667,0,2,0,0,0,0,0
1259,3.25,3.25,2.5,0.7333,1.2,0.2,0.2833,0.1,0.15,0.425,2.0833,6.25,6.25,2.0833,2.0833,0.325,14.5,2.4167,4.8333,2.4167,0.1313,3.25,0,0,0,0,0
1260,4,4,5,0.7667,1.8,0.3,0.1667,0,0,0,2.6667,7.5,7.5,2.5,2.5,0.3,2.1667,2.1667,2.1667,2.1667,0,3,0,0,0,1.1,0
1261,4,4,3.5,0.7333,0.9,0.4,0.1333,0,0,0,1,4,4,1.3333,1.3333,0.2,1.3333,2.6667,1.3333,2.6667,0,2,0,0,0,0,0
1262,4.25,4.25,1.5,0.7333,0.9,0.4,0.25,0,0,0,2.4167,6.25,6.25,2.0833,2.0833,0.425,1.75,3.5,1.75,3.5,0,4.25,0,0,0,1.05,0
1263,3.25,3.25,4,0.7667,1.8,0.3,0.1833,0,0,0,2.75,7.75,7.75,2.5833,2.5833,0.325,2.25,2.25,2.25,2.25,0,3.25,0,0,0,0,0
1264,2.75,2.75,2.5,0.6333,1,0.1667,0.1167,0,0,0,2.5833,5.25,5.25,1.75,1.75,0.275,1.4167,1.4167,1.4167,1.4167,0,2.75,0,0,0,0,0
1265,2,2,1.5,0.6,0.8,0.1333,0.1333,0,0,0,1,4,4,1.3333,1.3333,0.2,1.3333,1.3333,1.3333,1.3333,0,2,0,0,0,0,0
1266,3.75,3.75,1.5,0.6,0.8,0.1333,0.2167,0,0,0,2.5833,5.75,5.75,1.9167,1.9167,0.375,1.5833,1.5833,1.5833,1.5833,0,3.75,0,0,0,0,0
1267,2.25,2.25,1.5,0.6,0.8,0.1333,0.15,0,0,0,1.0833,4.25,4.25,1.4167,1.4167,0.225,1.4167,1.4167,1.4167,1.4167,0,2.25,0,0,0,1.25,0
1268,3,3,4.5,0.8333,1.5,0.2333,0.1,0,0,0,1.3333,5.5,5.5,1.8333,1.8333,0.2,1.5,1.5,1.5,1.5,0.1,2,0,0,0,0,0.25
1269,3,3,2.5,0.8333,1.5,0.2333,0.2,0,0,0,1.3333,6.5,6.5,2.1667,2.1667,0.3,1.8333,1.8333,1.8333,1.8333,0.1,3,0,0,0,0,0.25
1270,3.75,3.75,2.5,0.6,0.8,0.1333,0.1833,0,0,0,1.5833,4.75,4.75,1.5833,1.5833,0.275,1.5833,1.5833,1.5833,1.5833,0,2.75,0,0,0,0,0
1271,4.5,4.5,2,1.1333,0.8,0.1333,0.2667,0.5333,0.8,0,2.1667,6.5,6.5,2.1667,2.1667,0.45,1.8333,1.8333,1.8333,1.8333,0,4.5,0,0,0,0,0
1272,0.75,0.75,1.5,1.0667,0.4,0.0667,0.1833,0.2667,0.4,0,0.9167,1.75,1.75,0.5833,0.5833,0.075,1.5833,1.5833,1.5833,1.5833,0,0.75,0,0,0,0,0
1273,3.25,3.25,2.5,0.6667,1.2,0.2,0.15,0,0,0,1.4167,6.25,6.25,2.0833,2.0833,0.325,1.4167,1.4167,1.4167,1.4167,0,3.25,0,0,0,0,0
1274,2.25,2.25,1.5,1.1333,0.8,0.1333,0.125,0.5333,0.8,0,1.75,4.25,4.25,1.4167,1.4167,0.225,1.4167,1.4167,1.4167,1.4167,0,2.25,0,0,0,0,0
1275,4.25,4.25,3.5,0.6,0.8,0.1333,0.15,0,0,0,1.0833,4.25,4.25,1.4167,1.4167,0.225,1.4167,1.4167,1.4167,1.4167,0,2.25,0,0,0,0,0
1276,5.75,5.75,4.5,0.9,1.4,0.2333,0.475,0.3,0.45,0,1.9167,7.25,7.25,2.4167,2.4167,0.375,2.0833,2.0833,2.0833,4.1667,0,3.75,0,0,0,0,0
1277,2,2,1,0.6,0.8,0.1333,0.1,0,0,0,1.3333,4,4,1.3333,1.3333,0.2,1,1,1,1,0,2,0,0,0,0,0
1278,2.25,2.25,3.5,0.6,0.4,0.0667,0.15,0.0333,0.05,0.525,0.75,1.25,1.25,0.4167,0.4167,0.025,8.5,1.4167,2.8333,1.4167,0.1563,0.25,0,0,0,0,0
1279,2.25,2.25,1.5,0.6,0.8,0.1333,0.15,0,0,0,1.0833,4.25,4.25,1.4167,1.4167,0.225,1.4167,1.4167,1.4167,1.4167,0,2.25,0,0,0,0,0
1280,6.5,6.5,5,0.7,1.4,0.2333,0.2667,0,0,0,2.5,8,8,2.6667,2.6667,0.45,2.3333,2.3333,2.3333,2.3333,0,4.5,0,0,0,1.5,0
1281,2.25,2.25,1.5,0.6667,1.2,0.2,0.1833,0,0,0,1.0833,5.25,5.25,1.75,1.75,0.225,2.0833,2.0833,2.0833,2.0833,0,2.25,0,0,0,0,0
1282,3.25,3.25,4,0.7667,1.8,0.3,0.15,0,0,0,1.4167,7.75,7.75,2.5833,2.5833,0.325,1.9167,1.9167,1.9167,1.9167,0,3.25,0,0,0,1.45,0
1283,3.5,3.5,4,1.2667,2,0.2667,0.1667,0,0,0,1.1667,6.5,6.5,2.1667,2.1667,0.25,1.8333,1.8333,1.8333,1.8333,0.1875,4.5,0,0,0,0,0
1284,3.25,3.25,3,0.6667,1.2,0.2,0.725,0,0,0.925,1.75,6.25,6.25,2.0833,2.0833,0.325,1.75,1.75,1.75,1.75,0,3.25,0.55,0.3611,0.1313,0.75,0
1285,2.75,2.75,1.5,0.6,0.8,0.1333,0.1833,0,0,0,1.25,4.75,4.75,1.5833,1.5833,0.275,1.5833,1.5833,1.5833,1.5833,0,2.75,0,0,0,0,0
1286,3.25,3.25,4,1.3333,2.4,0.3333,0.2167,0,0,0,1.75,8.25,8.25,2.75,2.75,0.325,2.4167,2.4167,2.4167,2.4167,0.1812,5.25,0,0,0,0,0
1287,3.25,3.25,4,0.7667,1.8,0.3,0.15,0,0,0,1.75,7.75,7.75,2.5833,2.5833,0.325,1.9167,1.9167,1.9167,1.9167,0,3.25,0,0,0,0,0
1288,2,2,3,1.2667,2,0.2667,0.1333,0,0,0,1,6,6,2,2,0.2,1.6667,1.6667,1.6667,1.6667,0.15,4,0,0,0,0,0
1289,3.25,3.25,1.5,1.1333,0.8,0.1333,0.1833,0.5333,0.8,0,2.0833,5.25,5.25,1.75,1.75,0.325,1.4167,1.4167,1.4167,1.4167,0,3.25,0,0,0,0,0
1290,1,1,2.5,0.5333,0.4,0.0667,0.1333,0,0,0,0.6667,1,1,0.3333,0.3333,0,1.3333,1.3333,1.3333,1.3333,0,0,0,0,0,0,0
1291,2,2,3,0.7,1.4,0.2333,0.1333,0,0,0,1.3333,5.5,5.5,1.8333,1.8333,0.2,1.8333,1.8333,1.8333,1.8333,0,2,0,0,0,0,0
1292,3.25,3.25,2.5,1,1.45,0.2667,0.1833,0,0,0,1.0833,5.25,5.25,1.75,1.75,0.225,2.0833,4.1667,2.0833,2.0833,0.3063,4.25,0,0,0,0,0
1293,4.75,4.75,4.5,0.7,1.4,0.2333,0.1833,0,0,0,1.25,6.25,6.25,2.0833,2.0833,0.275,1.75,1.75,1.75,1.75,0,2.75,0,0,0,0,0
1294,3.25,3.25,1.5,0.6,0.8,0.1333,0.1833,0,0,0,2.0833,5.25,5.25,1.75,1.75,0.325,1.4167,1.4167,1.4167,1.4167,0,3.25,0,0,0,0,0
1295,2.75,2.75,1.5,0.8,1.2,0.2,0.2167,0.2,0.3,0,1.25,5.75,5.75,1.9167,1.9167,0.275,2.25,2.25,2.25,2.25,0,2.75,0,0,0,0,0
1296,5.5,5.5,3.5,1.1667,1.4,0.1667,0.2333,0,0,0,2.5,7,7,2.3333,2.3333,0.45,2,2,2,2,0.2375,6.5,0,0,0,0,0
1297,2.75,2.75,1.5,0.6667,1.2,0.2,0.2167,0,0,0,1.25,5.75,5.75,1.9167,1.9167,0.275,2.25,2.25,2.25,2.25,0,2.75,0,0,0,0,0
1298,3.25,3.25,2.5,0.6667,1.2,0.2,0.15,0,0,0,1.4167,6.25,6.25,2.0833,2.0833,0.325,1.4167,1.4167,1.4167,1.4167,0,3.25,0,0,0,0,0
1299,3.25,3.25,2,0.6,0.8,0.1333,0.1167,0,0,0,1.4167,4.25,4.25,1.4167,1.4167,0.225,1.0833,1.0833,1.0833,1.0833,0,2.25,0,0,0,0,0
1300,2.75,2.75,4,0.8667,1.6,0.2667,0.1167,0.2667,0.4,0,2.25,6.75,6.75,2.25,2.25,0.275,1.9167,1.9167,1.9167,1.9167,0,2.75,0,0.9167,0.675,0,0.0938
1301,4,4,3.5,0.6667,1.2,0.2,0.2,0,0,0,1.6667,6,6,2,2,0.3,2,2,2,2,0,3,0,0,0,0,0
1302,5.75,5.75,5,0.6667,1.2,0.2,0.2167,0,0,0,2.5833,6.75,6.75,2.25,2.25,0.375,1.9167,1.9167,1.9167,1.9167,0,3.75,0,0,0,0,0
1303,2.25,2.25,1,0.6,0.8,0.1333,1.125,0,0,1.125,1.4167,4.25,4.25,1.4167,1.4167,0.225,1.0833,1.0833,1.0833,1.0833,0,2.25,0.35,0.25,0.1062,0,0
1304,4.25,4.25,3.5,0.7667,1.1,0.1667,0.15,0,0,0,2.0833,6.75,6.75,2.25,2.25,0.425,1.25,1.25,1.25,1.25,0.0813,4.25,0,0,0,0,0.2313
1305,3.25,3.25,2,0.7333,0.8,0.1333,0.1833,0.1333,0.2,0,1.75,5.25,5.25,1.75,1.75,0.325,1.4167,1.4167,1.4167,1.4167,0,3.25,0,0,0,0,0
1306,5.25,5.25,5,0.7,1.4,0.2333,0.1833,0,0,0,2.4167,6.75,6.75,2.25,2.25,0.325,1.9167,1.9167,1.9167,1.9167,0,3.25,0,0,0,0,0
1307,3,3,2,0.7,1,0.1667,0.2,0.0667,0.1,0.2,1.6667,5.5,5.5,1.8333,1.8333,0.3,1.8333,1.8333,1.8333,1.8333,0.1,3,0,0,0,0,0
1308,5.5,5.5,7,0.9333,2.4,0.4,0.2333,0.2,0.3,0.65,1.8333,9.5,9.5,3.1667,3.1667,0.35,17,2.8333,5.6667,2.8333,0.1375,3.5,0,0,0,0,0
1309,3,3,1.5,0.6,0.8,0.1333,0.2,0,0,0,1.3333,5,5,1.6667,1.6667,0.3,1.6667,1.6667,1.6667,1.6667,0,3,0,0,0,0,0
1310,3,3,1.5,0.6,0.8,0.1333,0.1667,0,0,0,2,5,5,1.6667,1.6667,0.3,1.3333,1.3333,1.3333,1.3333,0,3,0,0,0,0,0
1311,2,2,3,0.7667,1.8,0.3,0.1667,0,0,0,1.3333,6.5,6.5,2.1667,2.1667,0.2,2.5,2.5,2.5,2.5,0,2,0,0,0,0,0
1312,4.75,4.75,2.5,0.6,0.8,0.1333,0.2167,0,0,0,2.5833,5.75,5.75,1.9167,1.9167,0.375,1.5833,1.5833,1.5833,1.5833,0,3.75,0,0,0,0,0
1313,2.25,2.25,1.5,0.6,0.8,0.1333,0.15,0,0,0,1.0833,4.25,4.25,1.4167,1.4167,0.225,1.4167,1.4167,1.4167,1.4167,0,2.25,0,0,0,0,0
1314,3,3,1,0.6,0.8,0.1333,0.1667,0,0,0,1.6667,5,5,1.6667,1.6667,0.3,1.3333,1.3333,1.3333,1.3333,0,3,0,0,0,0,0
1315,3.75,3.75,2.5,0.6333,1,0.1667,0.775,0,0,0.975,1.9167,6.25,6.25,2.0833,2.0833,0.375,1.75,1.75,1.75,1.75,0,3.75,0.65,0.4167,0.1437,0,0
1316,2.75,2.75,3,1.2667,1.6,0.2667,0.1833,1.0667,1.6,0.575,1.25,6.75,6.75,2.25,2.25,0.275,11.5,1.9167,3.8333,1.9167,0.0688,2.75,0,0,0,0,0
1317,3.5,3.5,2,0.6,0.8,0.1333,0.1333,0,0,0,1.8333,4.5,4.5,1.5,1.5,0.25,1.1667,1.1667,1.1667,1.1667,0,2.5,0,0,0,0,0
1318,5,5,6.5,0.7333,1.6,0.2667,0.1333,0,0,0,1,6,6,2,2,0.2,2,2,2,2,0,2,0,0,0,0,0
1319,5,5,7.5,1.0333,2.2,0.3667,0.3,0.5,0.75,0,1,7.5,7.5,2.5,2.5,0.2,2.1667,2.1667,2.1667,4.3333,0,2,0,0,0,0,0
1320,1.75,1.75,2.5,0.5333,0.4,0.0667,0.1833,0,0,0,0.9167,1.75,1.75,0.5833,0.5833,0.075,1.5833,1.5833,1.5833,1.5833,0,0.75,0,0,0,0,0
1321,1.25,1.25,2.5,0.5333,0.4,0.0667,0.15,0,0,0,0.75,1.25,1.25,0.4167,0.4167,0.025,1.4167,1.4167,1.4167,1.4167,0,0.25,0,0,0,0,0
1322,5.25,5.25,6.5,0.9,1.4,0.2333,0.325,0.3,0.45,0,1.4167,5.75,5.75,1.9167,1.9167,0.225,1.5833,1.5833,1.5833,3.1667,0,2.25,0,0,0,0,0
1323,3,3,1.5,0.6,0.8,0.1333,0.1667,0,0,0,2,5,5,1.6667,1.6667,0.3,1.3333,1.3333,1.3333,1.3333,0,3,0,0,0,0,0
1324,2.5,2.5,3,0.7667,1.8,0.3,0.2,0,0,0,1.5,7,7,2.3333,2.3333,0.25,2.6667,2.6667,2.6667,2.6667,0,2.5,0,0,0,0,0
1325,4,4,3,0.7,1.4,0.2333,0.2333,0,0,0,2.6667,7.5,7.5,2.5,2.5,0.4,2.1667,2.1667,2.1667,2.1667,0,4,0,0,0,0,0
1326,2.25,2.25,1,0.6,0.8,0.1333,0.1167,0,0,0,1.75,4.25,4.25,1.4167,1.4167,0.225,1.0833,1.0833,1.0833,1.0833,0,2.25,0,0,0,0.95,0
1327,3,3,2.5,0.6667,1.2,0.2,0.1333,0,0,0,1,6,6,2,2,0.3,1.3333,1.3333,1.3333,1.3333,0,3,0,0,0,0.9,0
1328,2.5,2.5,2.5,0.8333,1,0.1667,0.35,0.2,0.3,0,1.5,5,5,1.6667,1.6667,0.25,1.3333,1.3333,1.3333,2.6667,0,2.5,0,0,0,1,0
1329,2.25,2.25,2.5,0.6667,1.2,0.2,0.15,0,0,0,1.0833,5.25,5.25,1.75,1.75,0.225,1.75,1.75,1.75,1.75,0,2.25,0,0,0,1.25,0
1330,2.75,2.75,1.5,0.6,0.8,0.1333,0.1833,0,0,0,1.9167,4.75,4.75,1.5833,1.5833,0.275,1.5833,1.5833,1.5833,1.5833,0,2.75,0,0,0,0,0
1331,5.25,5.25,7,0.8333,2.2,0.3667,1.025,0,0,1.025,1.75,8.75,8.75,2.9167,2.9167,0.325,2.25,2.25,2.25,2.25,0,3.25,0.45,0.3611,0.1313,0,0
1332,2.75,2.75,3.5,0.6,0.4,0.0667,0.1833,0.0333,0.05,0.575,0.9167,1.75,1.75,0.5833,0.5833,0.075,9.5,1.5833,3.1667,1.5833,0.1688,0.75,0,0,0,0,0
1333,2.25,2.25,2.5,0.7333,1.6,0.2667,0.1833,0,0,0,2.0833,6.25,6.25,2.0833,2.0833,0.225,2.4167,2.4167,2.4167,2.4167,0,2.25,0,0,0,0,0
1334,2.25,2.25,1,0.6667,0.8,0.1333,0.1167,0.0667,0.1,0.625,1.75,4.25,4.25,1.4167,1.4167,0.225,6.5,1.0833,2.1667,1.0833,0.0563,2.25,0,0,0,0,0
1335,2.25,2.25,1.5,0.6,0.8,0.1333,0.15,0,0,0,1.0833,4.25,4.25,1.4167,1.4167,0.225,1.4167,1.4167,1.4167,1.4167,0,2.25,0,0,0,0,0
1336,5,5,4,1.1333,0.8,0.1333,0.1333,0.5333,0.8,0.6,1.6667,6,6,2,2,0.4,6,1,2,1,0.075,4,0,0,0,0,0
1337,2,2,1.5,0.6,0.8,0.1333,0.1333,0,0,0,1,4,4,1.3333,1.3333,0.2,1.3333,1.3333,1.3333,1.3333,0,2,0,0,0,0,0
1338,0.75,0.75,1.5,1.0667,0.4,0.0667,0.1833,0.2667,0.4,0,0.9167,1.75,1.75,0.5833,0.5833,0.075,1.5833,1.5833,1.5833,1.5833,0,0.75,0,0,0,0,0
1339,3.25,3.25,5.5,0.7667,1.8,0.3,0.0833,0,0,0,2.0833,7.75,7.75,2.5833,2.5833,0.325,1.5833,1.5833,1.5833,1.5833,0,3.25,0,0,0,1.25,0
1340,2.25,2.25,1,0.6,0.8,0.1333,0.1167,0,0,0,3.0833,4.25,4.25,1.4167,1.4167,0.225,1.0833,1.0833,1.0833,1.0833,0,2.25,0,0,0,0,0
1341,4.75,4.75,5,1.2,1.6,0.2,0.1167,0,0,0,1.5833,6.75,6.75,2.25,2.25,0.375,1.25,1.25,1.25,1.25,0.1688,5.75,0,0,0,0,0
1342,4.25,4.25,3,1.2,1.6,0.2,0.25,0,0,0,2.0833,7.25,7.25,2.4167,2.4167,0.425,2.0833,2.0833,2.0833,2.0833,0.2062,6.25,0,0,0,0,0
1343,3.25,3.25,1.5,0.6,0.8,0.1333,0.1833,0,0,0,2.0833,5.25,5.25,1.75,1.75,0.325,1.4167,1.4167,1.4167,1.4167,0,3.25,0,0,0,0,0
1344,4.5,4.5,4,0.9333,1.05,0.2,0.1333,0,0,0,1.5,4.5,4.5,1.5,1.5,0.25,1.1667,2.3333,1.1667,1.1667,0.2875,4.5,0,0,0,0,0
1345,2.5,2.5,1.5,0.6667,1.2,0.2,0.2,0,0,0,1.1667,5.5,5.5,1.8333,1.8333,0.25,2.1667,2.1667,2.1667,2.1667,0,2.5,0,0,0,1.2,0
1346,2.25,2.25,5,0.9333,2.1,0.3333,0.1167,0,0,0,2.0833,7.25,7.25,2.4167,2.4167,0.225,2.0833,2.0833,2.0833,2.0833,0.0813,2.25,0,0,0,1.35,0.2313
1347,5.5,5.5,7,1,2,0.3333,0.45,0.5,0.75,0,2.1667,9.5,9.5,3.1667,3.1667,0.45,2.1667,2.1667,2.1667,4.3333,0,4.5,0,0,0,1.6,0
1348,3.75,3.75,1.5,0.6,0.8,0.1333,0.2167,0,0,0,2.25,5.75,5.75,1.9167,1.9167,0.375,1.5833,1.5833,1.5833,1.5833,0,3.75,0,0,0,0,0
1349,3.25,3.25,4,0.8,2,0.3333,0.2167,0,0,0,1.4167,8.25,8.25,2.75,2.75,0.325,2.4167,2.4167,2.4167,2.4167,0,3.25,0,0,0,1.55,0
1350,6.25,6.25,6.5,0.7333,1.6,0.2667,0.1833,0,0,0,2.75,7.25,7.25,2.4167,2.4167,0.325,2.0833,2.0833,2.0833,2.0833,0,3.25,0,0,0,0,0
1351,2.25,2.25,1,0.6,0.8,0.1333,0.1167,0,0,0,1.4167,4.25,4.25,1.4167,1.4167,0.225,1.0833,1.0833,1.0833,1.0833,0,2.25,0,0,0,0,0
1352,2.25,2.25,4,0.8333,2.2,0.3667,0.1833,0,0,0,1.75,7.75,7.75,2.5833,2.5833,0.225,2.9167,2.9167,2.9167,2.9167,0,2.25,0,0,0,0.65,0
1353,4,4,4,0.8,1.3,0.2,0.1667,0,0,0,1.6667,6,6,2,2,0.3,1.6667,1.6667,1.6667,1.6667,0.125,3,0,0,0,0,0.275
1354,4.25,4.25,2,0.6,0.8,0.1333,0.25,0,0,0,2.4167,6.25,6.25,2.0833,2.0833,0.425,1.75,1.75,1.75,1.75,0,4.25,0,0,0,1.55,0
1355,2.75,2.75,1,0.6,0.8,0.1333,0.15,0,0,0,1.5833,4.75,4.75,1.5833,1.5833,0.275,1.25,1.25,1.25,1.25,0,2.75,0,0,0,0,0
1356,2.75,2.75,1.5,1.1333,1.2,0.1333,0.1833,0,0,0,1.5833,4.75,4.75,1.5833,1.5833,0.275,1.5833,1.5833,1.5833,1.5833,0.1938,4.75,0,0,0,0,0
1357,3.75,3.75,2.5,0.8667,1.2,0.2,0.1833,0.3,0.45,0.575,1.25,6.75,6.75,2.25,2.25,0.375,9.5,1.5833,3.1667,3.1667,0.0688,3.75,0,0,0,0,0
1358,4.75,4.75,2.5,0.6,0.8,0.1333,0.2833,0,0,0,2.25,5.75,5.75,1.9167,1.9167,0.375,1.9167,1.9167,1.9167,1.9167,0,3.75,0,0,0,0,0
1359,3.75,3.75,2.5,0.6667,1.2,0.2,0.2167,0,0,0,1.25,5.75,5.75,1.9167,1.9167,0.275,2.25,2.25,2.25,2.25,0,2.75,0,0,0,0,0
1360,5,5,7,1.1333,2.25,0.4,0.1333,0,0,0,1.3333,7,7,2.3333,2.3333,0.2,2,4,2,2,0.3,4,0,0,0,0,0
1361,5.75,5.75,5,0.6667,1.2,0.2,0.15,0,0,0,2.25,5.75,5.75,1.9167,1.9167,0.275,1.5833,1.5833,1.5833,1.5833,0,2.75,0,0,0,0,0
1362,3,3,1.5,0.7333,0.9,0.4,0.1667,0,0,0,2.6667,5,5,1.6667,1.6667,0.3,1.3333,2.6667,1.3333,2.6667,0,3,0,0,0,1.1,0
1363,0,0,1.5,0.5333,0.4,0.0667,0.1333,0,0,0,1,1,1,0.3333,0.3333,0,1.3333,1.3333,1.3333,1.3333,0,0,0,0,0,0,0
1364,3.25,3.25,1.5,0.6667,1.2,0.2,0.25,0,0,0,1.4167,6.25,6.25,2.0833,2.0833,0.325,2.4167,2.4167,2.4167,2.4167,0,3.25,0,0,0,0,0
1365,4.25,4.25,1.5,0.6,0.8,0.1333,0.25,0,0,0,2.4167,6.25,6.25,2.0833,2.0833,0.425,1.75,1.75,1.75,1.75,0,4.25,0,0,0,0,0
1366,2.25,2.25,1,0.6,0.8,0.1333,0.1167,0,0,0,1.75,4.25,4.25,1.4167,1.4167,0.225,1.0833,1.0833,1.0833,1.0833,0,2.25,0,0,0,0,0
1367,2.25,2.25,2,0.6667,1.2,0.2,0.15,0,0,0,1.0833,5.25,5.25,1.75,1.75,0.225,1.4167,1.4167,1.4167,1.4167,0,2.25,0,0.75,0.325,1.45,0.0813
1368,3,3,3,0.8667,1.2,0.2,0.7,0.3,0.45,0.8,2,6,6,2,2,0.3,1.6667,1.6667,1.6667,3.3333,0,3,0.5,0.3333,0.15,0,0
1369,2.5,2.5,3.5,0.7333,1.6,0.2667,0.1667,0,0,0,1.8333,6.5,6.5,2.1667,2.1667,0.25,2.1667,2.1667,2.1667,2.1667,0,2.5,0,0,0,0,0
1370,0.75,0.75,1.5,0.5333,0.4,0.0667,0.1833,0,0,0,0.9167,1.75,1.75,0.5833,0.5833,0.075,1.5833,1.5833,1.5833,1.5833,0,0.75,0,0,0,0,0
1371,5.25,5.25,6.5,0.9333,2.1,0.6,0.1833,0,0,0,1.0833,7.25,7.25,2.4167,2.4167,0.225,2.75,5.5,2.75,5.5,0,2.25,0,0,0,0,0
1372,3,3,2.5,0.6667,1.2,0.2,0.1667,0,0,0,1.6667,5,5,1.6667,1.6667,0.2,2,2,2,2,0,2,0,0,0,0,0
1373,2.75,2.75,1.5,0.6,0.8,0.1333,0.25,0,0,0,1.25,4.75,4.75,1.5833,1.5833,0.275,1.9167,1.9167,1.9167,1.9167,0,2.75,0,0,0,0,0
1374,2,2,4,0.8333,2.2,0.3667,0.1667,0,0,0,3.3333,7.5,7.5,2.5,2.5,0.2,2.8333,2.8333,2.8333,2.8333,0,2,0,0,0,0,0
1375,0,0,1.5,0.8667,0.65,0.1333,0.1333,0,0,0,0.6667,1,1,0.3333,0.3333,0,1.3333,2.6667,1.3333,1.3333,0.275,2,0,0,0,0.4,0
1376,2.25,2.25,5.5,1.3667,2.6,0.3667,0.1167,0,0,0,2.0833,7.75,7.75,2.5833,2.5833,0.225,2.25,2.25,2.25,2.25,0.1563,4.25,0,0,0,1.25,0
1377,0.75,0.75,3,0.6333,1,0.1667,0.1833,0,0,0,1.25,3.25,3.25,1.0833,1.0833,0.075,2.0833,2.0833,2.0833,2.0833,0,0.75,0,0,0,0,0
1378,3.25,3.25,2.5,0.6667,1.2,0.2,0.15,0,0,0,1.4167,6.25,6.25,2.0833,2.0833,0.325,1.4167,1.4167,1.4167,1.4167,0,3.25,0,0,0,0,0
1379,4,4,3,0.7,1.4,0.2333,1,0,0,1,2.6667,7.5,7.5,2.5,2.5,0.4,2.1667,2.1667,2.1667,2.1667,0,4,0.7,0.4444,0.2,0,0
1380,2,2,1.5,0.9333,1.05,0.2,0.1333,0,0,0,1.3333,4,4,1.3333,1.3333,0.2,1.3333,2.6667,1.3333,1.3333,0.25,4,0,0,0,0,0
1381,2.25,2.25,1.5,0.6667,1.2,0.2,0.1833,0,0,0,1.0833,5.25,5.25,1.75,1.75,0.225,2.0833,2.0833,2.0833,2.0833,0,2.25,0,0,0,0,0
1382,2.25,2.25,1,0.9333,1.05,0.2,0.1167,0,0,0,1.75,4.25,4.25,1.4167,1.4167,0.225,1.0833,2.1667,1.0833,1.0833,0.2313,4.25,0,0,0,0,0
1383,5.25,5.25,4.5,0.6667,1.2,0.2,0.1833,0,0,0,2.4167,6.25,6.25,2.0833,2.0833,0.325,1.75,1.75,1.75,1.75,0,3.25,0,0,0,0,0
1384,3.25,3.25,1,0.6,0.8,0.1333,0.1833,0,0,0,1.75,5.25,5.25,1.75,1.75,0.325,1.4167,1.4167,1.4167,1.4167,0,3.25,0,0,0,0,0
1385,5.5,5.5,4,0.6333,1,0.1667,0.2333,0,0,0,1.8333,6,6,2,2,0.35,2,2,2,2,0,3.5,0,0,0,1.5,0
1386,2,2,1.5,0.6,0.8,0.1333,1,0,0,1,1,4,4,1.3333,1.3333,0.2,1.3333,1.3333,1.3333,1.3333,0,2,0.4,0.2222,0.075,0,0
1387,3.25,3.25,2.5,1.1667,1.4,0.1667,0.1833,0,0,0,2.0833,5.75,5.75,1.9167,1.9167,0.325,1.5833,1.5833,1.5833,1.5833,0.1812,5.25,0,0,0,0,0
1388,4.25,4.25,3.5,0.8,1.3,0.4667,0.1833,0,0,0,1.0833,5.25,5.25,1.75,1.75,0.225,2.0833,4.1667,2.0833,4.1667,0,2.25,0,0,0,0,0
1389,3.25,3.25,2.5,0.6667,1.2,0.2,0.15,0,0,0,1.4167,6.25,6.25,2.0833,2.0833,0.325,1.4167,1.4167,1.4167,1.4167,0,3.25,0,0,0,0,0
1390,4.25,4.25,4,0.8,1.6,0.2667,0.2167,0.1333,0.2,0.625,1.4167,7.25,7.25,2.4167,2.4167,0.325,12.5,2.0833,4.1667,2.0833,0.1062,3.25,0,0,0,0,0
1391,4,4,2.5,1.2,1.2,0.2,0.2,0.8,1.2,0,1.3333,7,7,2.3333,2.3333,0.4,1.6667,1.6667,1.6667,1.6667,0,4,0,0,0,1.1,0
1392,5,5,3.5,0.6,0.8,0.1333,0.1667,0,0,0,2.6667,5,5,1.6667,1.6667,0.3,1.3333,1.3333,1.3333,1.3333,0,3,0,0,0,0,0
1393,0.5,0.5,1.5,0.5333,0.4,0.0667,0.1667,0,0,0,0.8333,1.5,1.5,0.5,0.5,0.05,1.5,1.5,1.5,1.5,0,0.5,0,0,0,0.7,0
1394,2,2,1.5,0.6667,1.2,0.2,0.1667,0,0,0,1,5,5,1.6667,1.6667,0.2,2,2,2,2,0,2,0,0,0,0,0
1395,3.75,3.75,2.5,1.1333,0.8,0.1333,0.1833,0.5333,0.8,0.375,1.5833,4.75,4.75,1.5833,1.5833,0.275,9.5,1.5833,3.1667,1.5833,0.1187,2.75,0,0,0,1.55,0
1396,7.75,7.75,8,0.7333,1.6,0.2667,1.175,0,0,1.175,1.9167,7.75,7.75,2.5833,2.5833,0.375,2.25,2.25,2.25,2.25,0,3.75,0.65,0.4167,0.1437,0,0
1397,5.25,5.25,3,0.7333,0.9,0.1333,0.25,0,0,0,2.0833,6.25,6.25,2.0833,2.0833,0.425,1.75,1.75,1.75,1.75,0.1563,4.25,0,0,0,0,0.3063
1398,3.25,3.25,3,0.6333,1,0.1667,0.15,0,0,0,1.75,4.75,4.75,1.5833,1.5833,0.225,1.5833,1.5833,1.5833,1.5833,0,2.25,0,0,0,0,0
1399,3.5,3.5,3,0.7333,0.9,0.1333,0.1,0,0,0,1.5,5.5,5.5,1.8333,1.8333,0.35,0.8333,0.8333,0.8333,0.8333,0.0625,3.5,0,0,0,0,0.2125
1400,3.5,3.5,2.5,1.1333,0.8,0.1333,0.1667,0.5333,0.8,0,1.1667,4.5,4.5,1.5,1.5,0.25,1.5,1.5,1.5,1.5,0,2.5,0,0,0,0,0
1401,3,3,2.5,0.8,1.3,0.4667,0.1333,0,0,0,1,6,6,2,2,0.3,1.3333,2.6667,1.3333,2.6667,0,3,0,0,0,0,0
1402,2,2,1.5,0.6,0.8,0.1333,0.1333,0,0,0,1,4,4,1.3333,1.3333,0.2,1.3333,1.3333,1.3333,1.3333,0,2,0,0,0,1.2,0
1403,2.25,2.25,3,1.1,2.05,0.3667,0.1833,0,0,0,1.75,6.75,6.75,2.25,2.25,0.225,2.5833,5.1667,2.5833,2.5833,0.2813,4.25,0,0,0,0,0
1404,3.25,3.25,1,0.6,0.8,0.1333,0.25,0,0,0,1.75,5.25,5.25,1.75,1.75,0.325,1.75,1.75,1.75,1.75,0,3.25,0,0,0,0,0
1405,6,6,4,0.8,1.3,0.2,0.3,0,0,0,2.3333,8,8,2.6667,2.6667,0.5,2.3333,2.3333,2.3333,2.3333,0.175,5,0,0,0,0,0.325
1406,3,3,2.5,1.2,1.2,0.2,0.1333,0.8,1.2,0,1,6,6,2,2,0.3,1.3333,1.3333,1.3333,1.3333,0,3,0,0,0,0,0
1407,2.75,2.75,3,0.7667,1.8,0.3,0.2167,0,0,0,1.25,7.25,7.25,2.4167,2.4167,0.275,2.75,2.75,2.75,2.75,0,2.75,0,0,0,0,0
1408,0.75,0.75,1.5,0.5333,0.4,0.0667,0.1833,0,0,0,0.9167,1.75,1.75,0.5833,0.5833,0.075,1.5833,1.5833,1.5833,1.5833,0,0.75,0,0,0,1.35,0
1409,3.25,3.25,4,0.7333,1.6,0.2667,1.025,0,0,1.025,1.0833,6.25,6.25,2.0833,2.0833,0.225,1.75,1.75,1.75,1.75,0,2.25,0.35,0.25,0.0813,0,0
1410,5.25,5.25,3.5,0.6,0.8,0.1333,0.1833,0,0,0,2.0833,5.25,5.25,1.75,1.75,0.325,1.4167,1.4167,1.4167,1.4167,0,3.25,0,0,0,0,0
1411,2,2,1,0.6667,0.8,0.1333,0.1,0.0667,0.1,0.6,3,4,4,1.3333,1.3333,0.2,6,1,2,1,0.05,2,0,0,0,0,0
1412,3,3,2.5,1,1.45,0.2667,0.1333,0,0,0,1.3333,6,6,2,2,0.3,1.3333,2.6667,1.3333,1.3333,0.225,5,0,0,0,1.2,0
1413,4.25,4.25,2.5,1.1333,0.8,0.1333,0.1833,0.5333,0.8,0,2.0833,5.25,5.25,1.75,1.75,0.325,1.4167,1.4167,1.4167,1.4167,0,3.25,0,0,0,0,0
1414,5,5,3,0.7333,0.9,0.1333,0.2333,0,0,0,2.3333,6,6,2,2,0.4,1.6667,1.6667,1.6667,1.6667,0.15,4,0,0,0,0,0.3
1415,4.25,4.25,3.5,0.6667,1.2,0.2,0.15,0,0,0,1.0833,6.25,6.25,2.0833,2.0833,0.325,1.4167,1.4167,1.4167,1.4167,0,3.25,0,0,0,0,0
1416,2.75,2.75,1,1.1333,0.8,0.1333,0.15,0.5333,0.8,0,1.5833,4.75,4.75,1.5833,1.5833,0.275,1.25,1.25,1.25,1.25,0,2.75,0,0,0,0,0
1417,4.25,4.25,3.5,0.7333,1.2,0.2,0.15,0.1,0.15,0.525,1.0833,6.25,6.25,2.0833,2.0833,0.325,8.5,1.4167,2.8333,1.4167,0.0813,3.25,0,0,0,1.55,0
1418,0,0,1.5,0.5333,0.4,0.0667,0.1333,0,0,0,0.6667,1,1,0.3333,0.3333,0,1.3333,1.3333,1.3333,1.3333,0,0,0,0,0,0,0
1419,3,3,2.5,0.8,1.2,0.2,0.1333,0.2,0.3,0,1,6,6,2,2,0.3,1.3333,1.3333,1.3333,1.3333,0,3,0,0,0,0,0
1420,5,5,4,0.8333,1,0.1667,0.2,0.2,0.3,0,1.6667,5.5,5.5,1.8333,1.8333,0.3,1.8333,1.8333,1.8333,3.6667,0,3,0,1,0.5,0,0.175
1421,0.25,0.25,1.5,1.0667,0.4,0.0667,0.15,0.2667,0.4,0,0.75,1.25,1.25,0.4167,0.4167,0.025,1.4167,1.4167,1.4167,1.4167,0,0.25,0,0,0,0,0
1422,2.5,2.5,1.5,0.6667,1.2,0.2,0.2,0,0,0,1.8333,5.5,5.5,1.8333,1.8333,0.25,2.1667,2.1667,2.1667,2.1667,0,2.5,0,0,0,0,0
1423,4.5,4.5,3.5,1.1667,1,0.1667,0.2,0.5333,0.8,0,1.8333,6,6,2,2,0.35,1.6667,1.6667,1.6667,1.6667,0,3.5,0,0,0,0,0
1424,2,2,3,0.7,1.4,0.2333,0.1333,0,0,0,1.3333,5.5,5.5,1.8333,1.8333,0.2,1.8333,1.8333,1.8333,1.8333,0,2,0,0,0,1.2,0
1425,1,1,4,0.6333,1,0.1667,0.1333,0,0,0,0.6667,2.5,2.5,0.8333,0.8333,0,1.8333,1.8333,1.8333,1.8333,0,0,0,0,0,0,0
1426,3,3,1.5,0.6,0.8,0.1333,0.1667,0,0,0,2,5,5,1.6667,1.6667,0.3,1.3333,1.3333,1.3333,1.3333,0,3,0,0,0,0,0
1427,3,3,2,0.6,0.8,0.1333,0.1,0,0,0,2.3333,4,4,1.3333,1.3333,0.2,1,1,1,1,0,2,0,0,0,0,0
1428,2,2,3,0.7667,1.8,0.3,0.1667,0,0,0,1,6.5,6.5,2.1667,2.1667,0.2,2.5,2.5,2.5,2.5,0,2,0,0,0,0,0
1429,2.25,2.25,1.5,0.6,0.8,0.1333,0.15,0,0,0,1.4167,4.25,4.25,1.4167,1.4167,0.225,1.4167,1.4167,1.4167,1.4167,0,2.25,0,0,0,1.05,0
1430,3.5,3.5,1.5,0.6,0.8,0.1333,0.2,0,0,0,2.1667,5.5,5.5,1.8333,1.8333,0.35,1.5,1.5,1.5,1.5,0,3.5,0,0,0,0,0
1431,4.25,4.25,3.5,0.6667,1.2,0.2,0.1833,0,0,0,1.0833,5.25,5.25,1.75,1.75,0.225,2.0833,2.0833,2.0833,2.0833,0,2.25,0,0,0,0,0
1432,3.75,3.75,1.5,0.6,0.8,0.1333,0.2833,0,0,0,2.25,5.75,5.75,1.9167,1.9167,0.375,1.9167,1.9167,1.9167,1.9167,0,3.75,0,0,0,0,0
1433,5.25,5.25,4.5,1.1667,1,0.1667,0.15,0.5333,0.8,0,2.4167,5.75,5.75,1.9167,1.9167,0.325,1.5833,1.5833,1.5833,1.5833,0,3.25,0,0,0,0,0
1434,4,4,2.5,0.6,0.8,0.1333,0.1667,0,0,0,2,5,5,1.6667,1.6667,0.3,1.3333,1.3333,1.3333,1.3333,0,3,0,0,0,0,0
1435,3.25,3.25,1.5,0.6,0.8,0.1333,0.1833,0,0,0,2.0833,5.25,5.25,1.75,1.75,0.325,1.4167,1.4167,1.4167,1.4167,0,3.25,0,0,0,0,0
1436,2.25,2.25,1,0.6,0.8,0.1333,0.1167,0,0,0,1.4167,4.25,4.25,1.4167,1.4167,0.225,1.0833,1.0833,1.0833,1.0833,0,2.25,0,0,0,0,0
1437,3,3,2,1.2,1.2,0.2,0.2,0.8,1.2,0,2,6,6,2,2,0.3,1.6667,1.6667,1.6667,1.6667,0,3,0,0,0,0,0
1438,3,3,2,1.2,1.2,0.2,0.2,0.8,1.2,0,1.3333,6,6,2,2,0.3,1.6667,1.6667,1.6667,1.6667,0,3,0,0,0,0,0
1439,4,4,4,0.9,1.4,0.2333,0.2,0.3,0.45,0,2.6667,6.5,6.5,2.1667,2.1667,0.3,2.1667,2.1667,2.1667,4.3333,0,3,0,0,0,0,0
1440,4.75,4.75,4.5,0.9,1.4,0.2333,0.375,0.3,0.45,0,2.25,7.25,7.25,2.4167,2.4167,0.375,2.0833,2.0833,2.0833,4.1667,0,3.75,0,0,0,0,0
1441,2,2,1.5,0.6,0.8,0.1333,0.1333,0,0,0,1,4,4,1.3333,1.3333,0.2,1.3333,1.3333,1.3333,1.3333,0,2,0,0,0,0,0
1442,3.5,3.5,2.5,0.6667,1.2,0.2,0.1667,0,0,0,1.1667,6.5,6.5,2.1667,2.1667,0.35,1.5,1.5,1.5,1.5,0,3.5,0,0,0,0,0
1443,4.75,4.75,3,0.6,0.8,0.1333,0.15,0,0,0,1.5833,4.75,4.75,1.5833,1.5833,0.275,1.25,1.25,1.25,1.25,0,2.75,0,0,0,0.65,0
1444,0.75,0.75,1.5,0.6667,0.4,0.0667,0.1833,0.0667,0.1,0,0.9167,1.75,1.75,0.5833,0.5833,0.075,1.5833,1.5833,1.5833,1.5833,0,0.75,0,0,0,0,0
1445,5.25,5.25,4.5,0.6667,1.2,0.2,0.15,0,0,0,1.0833,6.25,6.25,2.0833,2.0833,0.325,1.4167,1.4167,1.4167,1.4167,0,3.25,0,0,0,0,0
1446,3.75,3.75,1.5,0.6,0.8,0.1333,0.2167,0,0,0,2.9167,5.75,5.75,1.9167,1.9167,0.375,1.5833,1.5833,1.5833,1.5833,0,3.75,0,0,0,0,0
1447,3.25,3.25,2.5,0.8,1.2,0.2,0.15,0.2,0.3,0,1.0833,6.25,6.25,2.0833,2.0833,0.325,1.4167,1.4167,1.4167,1.4167,0,3.25,0,0,0,0,0
1448,3.25,3.25,3,1.2,1.6,0.2,0.15,0,0,0,1.0833,5.25,5.25,1.75,1.75,0.225,1.4167,1.4167,1.4167,1.4167,0.1812,4.25,0,0,0,0,0
1449,2.25,2.25,1,0.6,0.8,0.1333,0.1167,0,0,0,1.4167,4.25,4.25,1.4167,1.4167,0.225,1.0833,1.0833,1.0833,1.0833,0,2.25,0,0,0,0,0
1450,4,4,4.5,0.7,1.4,0.2333,0.1333,0,0,0,2.6667,6.5,6.5,2.1667,2.1667,0.3,1.8333,1.8333,1.8333,1.8333,0,3,0,0,0,0,0
1451,3.75,3.75,2.5,0.8,1.2,0.2,0.2167,0.2,0.3,0,1.25,5.75,5.75,1.9167,1.9167,0.275,2.25,2.25,2.25,2.25,0,2.75,0,0,0,0,0
1452,4,4,2.5,0.6667,1.2,0.2,0.2,0,0,0,1.3333,7,7,2.3333,2.3333,0.4,1.6667,1.6667,1.6667,1.6667,0,4,0,0,0,0,0
1453,5,5,3.5,0.6333,1,0.1667,0.2333,0,0,0,3,6.5,6.5,2.1667,2.1667,0.4,1.8333,1.8333,1.8333,1.8333,0,4,0,0,0,0,0
1454,2,2,1.5,0.6,0.8,0.1333,0.1333,0,0,0,1,4,4,1.3333,1.3333,0.2,1.3333,1.3333,1.3333,1.3333,0,2,0,0,0,0,0
1455,3.25,3.25,3,0.8,1.3,0.2,0.1833,0,0,0,1.75,6.25,6.25,2.0833,2.0833,0.325,1.75,1.75,1.75,1.75,0.1062,3.25,0,0,0,1.35,0.2562
1456,2.25,2.25,1.5,0.6,0.8,0.1333,0.15,0,0,0,1.0833,4.25,4.25,1.4167,1.4167,0.225,1.4167,1.4167,1.4167,1.4167,0,2.25,0,0,0,0,0
1457,2.75,2.75,1.5,0.6667,0.8,0.1333,0.1833,0.0667,0.1,0.575,1.25,4.75,4.75,1.5833,1.5833,0.275,9.5,1.5833,3.1667,1.5833,0.0938,2.75,0,0,0,0,0
1458,2.25,2.25,1.5,0.6,0.8,0.1333,0.15,0,0,0,1.0833,4.25,4.25,1.4167,1.4167,0.225,1.4167,1.4167,1.4167,1.4167,0,2.25,0,0,0,0,0
1459,4.75,4.75,3.5,0.7667,1,0.1667,0.2167,0.1333,0.2,0,2.5833,6.25,6.25,2.0833,2.0833,0.375,1.75,1.75,1.75,1.75,0,3.75,0,0,0,0,0
1460,4.75,4.75,3,0.6,0.8,0.1333,0.15,0,0,0,1.5833,4.75,4.75,1.5833,1.5833,0.275,1.25,1.25,1.25,1.25,0,2.75,0,0,0,1.15,0
1461,0,0,1.5,1.0667,0.4,0.0667,1,0.2667,0.4,1,0.6667,1,1,0.3333,0.3333,0,1.3333,1.3333,1.3333,1.3333,0,0,0.3,0,0.05,0,0
1462,3.75,3.75,1.5,1.0667,1.05,0.2,0.2167,0.3,0.45,0,2.25,5.75,5.75,1.9167,1.9167,0.375,1.5833,3.1667,1.5833,1.5833,0.2687,5.75,0,0,0,0,0
1463,0,0,1.5,0.7333,0.5,0.3333,0.1333,0.1,0.15,0.5,0.6667,1,1,0.3333,0.3333,0,8,2.6667,2.6667,2.6667,0.1,0,0,0,0,0,0
1464,3.5,3.5,4.5,0.9,1.4,0.2333,0.25,0.3,0.45,0,2.1667,6,6,2,2,0.25,1.6667,1.6667,1.6667,3.3333,0,2.5,0,0,0,0,0
1465,3.25,3.25,1.5,0.8,0.9,0.4,0.1833,0.1333,0.2,0.425,2.0833,5.25,5.25,1.75,1.75,0.325,8.5,2.8333,2.8333,2.8333,0.0813,3.25,0,0,0,0,0
1466,2.25,2.25,2.5,0.8333,1.5,0.5,0.15,0,0,0,1.4167,5.75,5.75,1.9167,1.9167,0.225,1.5833,3.1667,1.5833,3.1667,0,2.25,0,0,0,0,0
1467,5.5,5.5,3.5,1.1333,0.8,0.1333,0.2,0.5333,0.8,0,2.1667,5.5,5.5,1.8333,1.8333,0.35,1.5,1.5,1.5,1.5,0,3.5,0,0,0,0,0
1468,2.25,2.25,1.5,0.6,0.8,0.1333,0.15,0,0,0,1.0833,4.25,4.25,1.4167,1.4167,0.225,1.4167,1.4167,1.4167,1.4167,0,2.25,0,0,0,0.95,0
1469,3,3,2.5,0.8,1.3,0.4667,0.1667,0,0,0,1.3333,5,5,1.6667,1.6667,0.2,2,4,2,4,0,2,0,0,0,0,0
1470,3.5,3.5,6,1,2.4,0.4,0.2,0.4,0.6,0,2.5,9.5,9.5,3.1667,3.1667,0.35,2.8333,2.8333,2.8333,2.8333,0,3.5,0,1.1667,0.75,0,0.1125
1471,2,2,1.5,0.7333,1.2,0.2,0.1667,0.1,0.15,0.6,1,5,5,1.6667,1.6667,0.2,12,2,4,2,0.1,2,0,0,0,0,0
1472,3.25,3.25,2.5,0.6667,1.2,0.2,0.2167,0,0,0,1.0833,6.25,6.25,2.0833,2.0833,0.325,1.75,1.75,1.75,1.75,0,3.25,0,0,0,0,0
1473,3.75,3.75,1.5,0.6,0.8,0.1333,0.2833,0,0,0,2.9167,5.75,5.75,1.9167,1.9167,0.375,1.9167,1.9167,1.9167,1.9167,0,3.75,0,0,0,0,0
1474,4.25,4.25,2.5,0.6,0.8,0.1333,0.25,0,0,0,2.75,5.25,5.25,1.75,1.75,0.325,1.75,1.75,1.75,1.75,0,3.25,0,0,0,0,0
1475,2,2,1.5,0.8,1.3,0.4667,0.1667,0,0,0,1,5,5,1.6667,1.6667,0.2,2,4,2,4,0,2,0,0,0,0,0
1476,3.5,3.5,4.5,0.7,1.4,0.2333,0.1333,0,0,0,2.1667,6,6,2,2,0.25,1.6667,1.6667,1.6667,1.6667,0,2.5,0,0,0,1.1,0
1477,3,3,3,0.7,1.4,0.2333,0.1667,0,0,0,3,6.5,6.5,2.1667,2.1667,0.3,1.8333,1.8333,1.8333,1.8333,0,3,0,0,0,0,0
1478,2,2,6,1,2.5,0.4,0.0667,0,0,0,2.6667,8,8,2.6667,2.6667,0.2,2.3333,2.3333,2.3333,2.3333,0.075,2,0,0,0,0,0.225
1479,3,3,1.5,0.6,0.8,0.1333,0.1667,0,0,0,2.6667,5,5,1.6667,1.6667,0.3,1.3333,1.3333,1.3333,1.3333,0,3,0,0,0,0,0
1480,4.25,4.25,4.5,0.7667,1.4,0.2333,0.1167,0.1,0.15,0.625,1.75,5.75,5.75,1.9167,1.9167,0.225,9.5,1.5833,3.1667,1.5833,0.1062,2.25,0,0,0,0,0
1481,3.25,3.25,6.5,0.9667,2.3,0.6333,0.1167,0,0,0,2.0833,7.75,7.75,2.5833,2.5833,0.225,2.25,4.5,2.25,4.5,0,2.25,0,0,0,0,0
1482,3.25,3.25,2.5,0.6667,1.2,0.2,0.15,0,0,0,1.0833,6.25,6.25,2.0833,2.0833,0.325,1.4167,1.4167,1.4167,1.4167,0,3.25,0,0,0,0,0
1483,5.25,5.25,2.5,0.7333,0.8,0.1333,0.2833,0.1333,0.2,0,2.0833,6.25,6.25,2.0833,2.0833,0.425,2.0833,2.0833,2.0833,2.0833,0,4.25,0,0,0,0,0
1484,2.5,2.5,1,0.6,0.8,0.1333,0.1333,0,0,0,1.5,4.5,4.5,1.5,1.5,0.25,1.1667,1.1667,1.1667,1.1667,0,2.5,0,0,0,0,0
1485,3,3,5.5,0.6,0.8,0.1333,0.1333,0,0,0,0.6667,2,2,0.6667,0.6667,0,1.6667,1.6667,1.6667,1.6667,0,0,0,0,0,0,0
1486,4.5,4.5,3,0.7667,1.1,0.1667,0.2333,0,0,0,2.1667,6,6,2,2,0.35,2,2,2,2,0.1625,3.5,0,0,0,0,0.3125
1487,4,4,3,0.6,0.8,0.1333,0.1,0,0,0,1.3333,4,4,1.3333,1.3333,0.2,1,1,1,1,0,2,0,0,0,0.7,0
1488,3.25,3.25,4,0.7667,1.8,0.3,0.15,0,0,0,1.4167,7.75,7.75,2.5833,2.5833,0.325,1.9167,1.9167,1.9167,1.9167,0,3.25,0,0,0,0,0
1489,4.5,4.5,4,0.6,0.8,0.1333,0.1,0,0,0,1.8333,4.5,4.5,1.5,1.5,0.25,1.1667,1.1667,1.1667,1.1667,0,2.5,0,0,0,1.3,0
1490,2.25,2.25,2.5,0.8333,1.5,0.5,0.15,0,0,0,1.0833,5.75,5.75,1.9167,1.9167,0.225,1.5833,3.1667,1.5833,3.1667,0,2.25,0,0,0,0,0
1491,3,3,4,0.8667,1.7,0.2667,0.1667,0,0,0,2,7,7,2.3333,2.3333,0.3,2,2,2,2,0.1,3,0,0,0,0,0.25
1492,3,3,1.5,1.1333,0.8,0.1333,0.1667,0.5333,0.8,0,2,5,5,1.6667,1.6667,0.3,1.3333,1.3333,1.3333,1.3333,0,3,0,0,0,1.1,0
1493,2.25,2.25,1.5,0.8,1.2,0.2,0.1833,0.2,0.3,0,1.0833,5.25,5.25,1.75,1.75,0.225,2.0833,2.0833,2.0833,2.0833,0,2.25,0,0,0,0,0
1494,3.75,3.75,2.5,0.6667,1.2,0.2,0.1833,0,0,0,1.9167,6.75,6.75,2.25,2.25,0.375,1.5833,1.5833,1.5833,1.5833,0,3.75,0,0,0,0,0
1495,3.25,3.25,7.5,0.9667,2.6,0.4333,0.0833,0.2,0.3,0.525,2.4167,9.75,9.75,3.25,3.25,0.325,13.5,2.25,4.5,2.25,0.0313,3.25,0,0,0,1.35,0
1496,2,2,1.5,0.6,0.8,0.1333,0.1333,0,0,0,1.6667,4,4,1.3333,1.3333,0.2,1.3333,1.3333,1.3333,1.3333,0,2,0,0,0,0,0
1497,1,1,1.5,0.5333,0.4,0.0667,0.2,0,0,0,1,2,2,0.6667,0.6667,0.1,1.6667,1.6667,1.6667,1.6667,0,1,0,0,0,0,0
1498,4.5,4.5,2.5,0.6,0.8,0.1333,0.2,0,0,0,2.1667,5.5,5.5,1.8333,1.8333,0.35,1.5,1.5,1.5,1.5,0,3.5,0,0,0,0,0
1499,2,2,2.5,0.7,1.4,0.2333,0.1333,0,0,0,1.3333,5.5,5.5,1.8333,1.8333,0.2,1.5,1.5,1.5,1.5,0,2,0,0.6667,0.4,0,0.075
1500,3,3,2.5,0.7667,1.1,0.1667,0.1667,0,0,0,1.6667,5.5,5.5,1.8333,1.8333,0.3,1.5,1.5,1.5,1.5,0.1,3,0,0,0,0,0.25
1501,3.75,3.75,3.5,0.8333,1,0.1667,0.375,0.2,0.3,0,1.5833,6.25,6.25,2.0833,2.0833,0.375,1.0833,1.0833,1.0833,2.1667,0,3.75,0,0,0,0,0
1502,1.25,1.25,4,0.7667,1,0.1667,0.15,0.1333,0.2,0,1.4167,2.75,2.75,0.9167,0.9167,0.025,1.9167,1.9167,1.9167,1.9167,0,0.25,0,0,0,0,0
1503,3.25,3.25,1.5,0.6,0.8,0.1333,0.925,0,0,0.925,2.75,5.25,5.25,1.75,1.75,0.325,1.4167,1.4167,1.4167,1.4167,0,3.25,0.55,0.3611,0.2062,0,0
1504,4.5,4.5,4,0.7333,1.2,0.2,0.1667,0.1,0.15,0.65,1.8333,7.5,7.5,2.5,2.5,0.45,9,1.5,3,1.5,0.0625,4.5,0,0,0,0,0
1505,3.75,3.75,3,0.7667,1,0.1667,0.1833,0.1333,0.2,0,1.5833,5.25,5.25,1.75,1.75,0.275,1.75,1.75,1.75,1.75,0,2.75,0,0,0,0,0
1506,2.25,2.25,1.5,0.6667,1.2,0.2,0.1833,0,0,0,1.0833,5.25,5.25,1.75,1.75,0.225,2.0833,2.0833,2.0833,2.0833,0,2.25,0,0,0,1.25,0
1507,2.25,2.25,1.5,0.6667,1.2,0.2,0.1833,0,0,0,1.0833,5.25,5.25,1.75,1.75,0.225,2.0833,2.0833,2.0833,2.0833,0,2.25,0,0,0,1.25,0
1508,4.5,4.5,3.5,0.6,0.8,0.1333,1.05,0,0,1.05,1.1667,4.5,4.5,1.5,1.5,0.25,1.5,1.5,1.5,1.5,0,2.5,0.5,0.2778,0.0875,1.5,0
1509,2.25,2.25,2.5,0.5333,0.4,0.0667,0.2833,0,0,0,1.0833,2.25,2.25,0.75,0.75,0.125,2.0833,2.0833,2.0833,2.0833,0,1.25,0,0,0,0,0
1510,3.5,3.5,6.5,1.1,2.6,0.4333,0.45,0.6,0.9,0,2.8333,10,10,3.3333,3.3333,0.35,3,3,3,6,0,3.5,0,0,0,0,0
1511,3.5,3.5,1.5,0.7333,0.8,0.1333,0.2,0.1333,0.2,0,2.1667,5.5,5.5,1.8333,1.8333,0.35,1.5,1.5,1.5,1.5,0,3.5,0,0,0,0,0
1512,4,4,1.5,0.6,0.8,0.1333,0.2333,0,0,0,2.3333,6,6,2,2,0.4,1.6667,1.6667,1.6667,1.6667,0,4,0,0,0,0,0
1513,2,2,1.5,0.6667,1.2,0.2,0.1667,0,0,0,1,5,5,1.6667,1.6667,0.2,2,2,2,2,0,2,0,0,0,0.8,0
1514,2.5,2.5,3,1.2,1.6,0.2,0.1,0,0,0,2.1667,5.5,5.5,1.8333,1.8333,0.25,1.5,1.5,1.5,1.5,0.1625,4.5,0,0,0,0,0
1515,4.25,4.25,3.5,0.8333,1.5,0.5,0.2167,0,0,0,1.4167,6.75,6.75,2.25,2.25,0.325,1.9167,3.8333,1.9167,3.8333,0,3.25,0,0,0,0,0
1516,3.5,3.5,3.5,0.9,1.4,0.2333,0.35,0.3,0.45,0,1.5,6,6,2,2,0.25,1.6667,1.6667,1.6667,3.3333,0,2.5,0,0,0,0,0
1517,3.25,3.25,4,0.6667,1.2,0.2,0.0833,0,0,0,1.75,5.25,5.25,1.75,1.75,0.225,1.4167,1.4167,1.4167,1.4167,0,2.25,0,0.75,0.525,0,0.1062
1518,4,4,7.5,0.7333,1.2,0.2,0.1333,0.1,0.15,0.5,0.6667,3,3,1,1,0,12,2,4,2,0.2,0,0,0,0,0,0
1519,3.5,3.5,2,0.7333,0.8,0.1333,0.2,0.1333,0.2,0,2.1667,5.5,5.5,1.8333,1.8333,0.35,1.5,1.5,1.5,1.5,0,3.5,0,0,0,1.5,0
1520,2,2,1.5,0.6,0.8,0.1333,0.1333,0,0,0,1,4,4,1.3333,1.3333,0.2,1.3333,1.3333,1.3333,1.3333,0,2,0,0,0,0,0
1521,4.5,4.5,3.5,0.9,1.4,0.2333,0.45,0.3,0.45,0,2.5,7,7,2.3333,2.3333,0.35,2,2,2,4,0,3.5,0,0,0,0,0
1522,4.75,4.75,6,0.7667,1.8,0.3,0.1833,0,0,0,1.9167,7.25,7.25,2.4167,2.4167,0.275,2.4167,2.4167,2.4167,2.4167,0,2.75,0,0,0,1.35,0
1523,2.25,2.25,3.5,0.6667,0.4,0.0667,0.15,0.0667,0.1,0,0.75,1.25,1.25,0.4167,0.4167,0.025,1.4167,1.4167,1.4167,1.4167,0,0.25,0,0,0,0,0
1524,4.75,4.75,3.5,0.7333,0.8,0.1333,0.1833,0.1333,0.2,0,1.25,4.75,4.75,1.5833,1.5833,0.275,1.5833,1.5833,1.5833,1.5833,0,2.75,0,0,0,0,0
1525,3,3,2.5,0.6667,1.2,0.2,0.1333,0,0,0,1,6,6,2,2,0.3,1.3333,1.3333,1.3333,1.3333,0,3,0,0,0,0,0
1526,3,3,1.5,0.6,0.8,0.1333,0.2,0,0,0,1.3333,5,5,1.6667,1.6667,0.3,1.6667,1.6667,1.6667,1.6667,0,3,0,0,0,0,0
1527,2,2,1.5,0.7333,1.2,0.2,0.1667,0.1,0.15,0.6,1,5,5,1.6667,1.6667,0.2,12,2,4,2,0.1,2,0,0,0,0,0
1528,2.25,2.25,2.5,0.6333,1,0.1667,0.0833,0,0,0,1.75,4.75,4.75,1.5833,1.5833,0.225,1.25,1.25,1.25,1.25,0,2.25,0,0.75,0.525,0,0.0813
1529,0.75,0.75,1.5,0.6,0.4,0.0667,0.1833,0.0333,0.05,0.575,0.9167,1.75,1.75,0.5833,0.5833,0.075,9.5,1.5833,3.1667,1.5833,0.1187,0.75,0,0,0,1.05,0
1530,3,3,2,0.6,0.8,0.1333,0.1,0,0,0,1.3333,4,4,1.3333,1.3333,0.2,1,1,1,1,0,2,0,0,0,1.3,0
1531,0.25,0.25,1.5,0.5333,0.4,0.0667,0.15,0,0,0,0.75,1.25,1.25,0.4167,0.4167,0.025,1.4167,1.4167,1.4167,1.4167,0,0.25,0,0,0,1.05,0
1532,6.25,6.25,6.5,0.8,1.6,0.2667,0.15,0.1333,0.2,0.525,1.0833,7.25,7.25,2.4167,2.4167,0.325,10.5,1.75,3.5,1.75,0.1313,3.25,0,0,0,0,0
1533,2.75,2.75,1,0.7333,0.8,0.1333,0.15,0.1333,0.2,0,1.9167,4.75,4.75,1.5833,1.5833,0.275,1.25,1.25,1.25,1.25,0,2.75,0,0,0,0,0
1534,3,3,2.5,0.6667,1.2,0.2,0.1333,0,0,0,1,6,6,2,2,0.3,1.3333,1.3333,1.3333,1.3333,0,3,0,0,0,0,0
1535,4.75,4.75,3.5,0.6,0.8,0.1333,0.1833,0,0,0,1.25,4.75,4.75,1.5833,1.5833,0.275,1.5833,1.5833,1.5833,1.5833,0,2.75,0,0,0,0,0
1536,2.25,2.25,1.5,0.6667,1.2,0.2,0.1833,0,0,0,1.4167,5.25,5.25,1.75,1.75,0.225,2.0833,2.0833,2.0833,2.0833,0,2.25,0,0,0,0,0
1537,3,3,2.5,1.2,1.2,0.2,0.1333,0.8,1.2,0,1,6,6,2,2,0.3,1.3333,1.3333,1.3333,1.3333,0,3,0,0,0,0,0
1538,4.25,4.25,3.5,0.6667,1.2,0.2,0.15,0,0,0,2.0833,6.25,6.25,2.0833,2.0833,0.325,1.4167,1.4167,1.4167,1.4167,0,3.25,0,0,0,0,0
1539,2.5,2.5,3,0.8,1.3,0.2,0.1333,0,0,0,1.8333,5.5,5.5,1.8333,1.8333,0.25,1.5,1.5,1.5,1.5,0.0875,2.5,0,0,0,0,0.2375
1540,0.5,0.5,1.5,1.0667,0.4,0.0667,0.2333,0.2667,0.4,0,0.8333,1.5,1.5,0.5,0.5,0.05,1.8333,1.8333,1.8333,1.8333,0,0.5,0,0,0,0,0
1541,2.75,2.75,1.5,0.7333,0.8,0.1333,0.1833,0.1333,0.2,0,1.25,4.75,4.75,1.5833,1.5833,0.275,1.5833,1.5833,1.5833,1.5833,0,2.75,0,0,0,0,0
1542,4.75,4.75,2.5,0.6,0.8,0.1333,0.2167,0,0,0,2.25,5.75,5.75,1.9167,1.9167,0.375,1.5833,1.5833,1.5833,1.5833,0,3.75,0,0,0,0,0
1543,2.25,2.25,1.5,0.6667,1.2,0.2,0.1833,0,0,0,1.4167,5.25,5.25,1.75,1.75,0.225,2.0833,2.0833,2.0833,2.0833,0,2.25,0,0,0,0,0
1544,2.25,2.25,1.5,0.7333,0.9,0.4,0.15,0,0,0,1.4167,4.25,4.25,1.4167,1.4167,0.225,1.4167,2.8333,1.4167,2.8333,0,2.25,0,0,0,0,0
1545,2.5,2.5,2.5,1.2333,1.4,0.2333,0.1667,0.8,1.2,0,1.5,6,6,2,2,0.25,1.6667,1.6667,1.6667,1.6667,0,2.5,0,0,0,1.7,0
1546,3.5,3.5,4,0.8667,1.2,0.2,0.35,0.3,0.45,0,1.8333,6.5,6.5,2.1667,2.1667,0.35,1.1667,1.1667,1.1667,2.3333,0,3.5,0,0,0,1.5,0
1547,3.5,3.5,2.5,0.7333,0.8,0.1333,0.1667,0.1333,0.2,0,1.1667,4.5,4.5,1.5,1.5,0.25,1.5,1.5,1.5,1.5,0,2.5,0,0,0,1.2,0
1548,3.25,3.25,2.5,0.6667,1.2,0.2,0.15,0,0,0,1.0833,6.25,6.25,2.0833,2.0833,0.325,1.4167,1.4167,1.4167,1.4167,0,3.25,0,0,0,1.45,0
1549,3.5,3.5,2,0.6,0.8,0.1333,0.1333,0,0,0,1.5,4.5,4.5,1.5,1.5,0.25,1.1667,1.1667,1.1667,1.1667,0,2.5,0,0,0,0,0
1550,5,5,6.5,0.8333,1.8,0.3,0.1333,0.1333,0.2,0.6,2,8.5,8.5,2.8333,2.8333,0.4,11,1.8333,3.6667,1.8333,0.075,4,0,0,0,0,0
1551,3,3,3.5,1.0667,0.4,0.0667,0.2,0.2667,0.4,0,1.3333,2,2,0.6667,0.6667,0.1,1.6667,1.6667,1.6667,1.6667,0,1,0,0,0,0,0
1552,2,2,1,0.6,0.8,0.1333,0.1,0,0,0,1.3333,4,4,1.3333,1.3333,0.2,1,1,1,1,0,2,0,0,0,0,0
1553,2,2,1,0.6,0.8,0.1333,0.1,0,0,0,3,4,4,1.3333,1.3333,0.2,1,1,1,1,0,2,0,0,0,1,0
1554,3,3,1.5,0.9333,1.05,0.2,0.2,0,0,0,1.3333,5,5,1.6667,1.6667,0.3,1.6667,3.3333,1.6667,1.6667,0.275,5,0,0,0,0,0
1555,3.5,3.5,2.5,0.6667,1.2,0.2,0.1667,0,0,0,1.1667,6.5,6.5,2.1667,2.1667,0.35,1.5,1.5,1.5,1.5,0,3.5,0,0,0,0,0
1556,4.75,4.75,4.5,0.6333,1,0.1667,0.1167,0,0,0,1.9167,5.25,5.25,1.75,1.75,0.275,1.4167,1.4167,1.4167,1.4167,0,2.75,0,0,0,1.35,0
1557,3,3,3,0.7,1.4,0.2333,0.2,0,0,0,1.6667,6.5,6.5,2.1667,2.1667,0.3,2.1667,2.1667,2.1667,2.1667,0,3,0,0,0,0,0
1558,3.25,3.25,1.5,0.6,0.8,0.1333,0.1833,0,0,0,2.0833,5.25,5.25,1.75,1.75,0.325,1.4167,1.4167,1.4167,1.4167,0,3.25,0,0,0,0,0
1559,0.75,0.75,1.5,0.5333,0.4,0.0667,0.1833,0,0,0,0.9167,1.75,1.75,0.5833,0.5833,0.075,1.5833,1.5833,1.5833,1.5833,0,0.75,0,0,0,0,0
1560,3,3,2.5,0.8333,1.5,0.2333,0.2,0,0,0,1.3333,6.5,6.5,2.1667,2.1667,0.3,1.8333,1.8333,1.8333,1.8333,0.1,3,0,0,0,0,0.25
1561,1,1,1.5,0.5333,0.4,0.0667,0.2,0,0,0,1.6667,2,2,0.6667,0.6667,0.1,1.6667,1.6667,1.6667,1.6667,0,1,0,0,0,1.5,0
1562,2.5,2.5,1.5,0.6,0.8,0.1333,0.1667,0,0,0,1.5,4.5,4.5,1.5,1.5,0.25,1.5,1.5,1.5,1.5,0,2.5,0,0,0,0,0
1563,2.25,2.25,1.5,1.1333,0.8,0.1333,0.15,0.5333,0.8,0,1.0833,4.25,4.25,1.4167,1.4167,0.225,1.4167,1.4167,1.4167,1.4167,0,2.25,0,0,0,0.95,0
1564,0.25,0.25,3,0.6333,1,0.1667,0.15,0,0,0,1.0833,2.75,2.75,0.9167,0.9167,0.025,1.9167,1.9167,1.9167,1.9167,0,0.25,0,0,0,0,0
1565,3,3,1.5,0.7333,0.8,0.1333,0.1667,0.1333,0.2,0,2,5,5,1.6667,1.6667,0.3,1.3333,1.3333,1.3333,1.3333,0,3,0,0,0,0,0
1566,3.25,3.25,2.5,0.6667,1.2,0.2,0.15,0,0,0,1.0833,6.25,6.25,2.0833,2.0833,0.325,1.4167,1.4167,1.4167,1.4167,0,3.25,0,0,0,0,0
1567,3,3,2.5,0.7667,1.1,0.4333,0.1333,0,0,0,2,5.5,5.5,1.8333,1.8333,0.3,1.5,3,1.5,3,0,3,0,0,0,0,0
1568,4.5,4.5,5.5,0.8333,1.4,0.2333,0.1,0.2,0.3,0,1.8333,7,7,2.3333,2.3333,0.35,1.3333,1.3333,1.3333,1.3333,0,3.5,0,0,0,1.8,0
1569,5,5,2.5,0.7333,0.9,0.4,0.2333,0,0,0,2.3333,6,6,2,2,0.4,1.6667,3.3333,1.6667,3.3333,0,4,0,0,0,0,0
1570,5,5,4,0.8,1.3,0.2,0.2,0,0,0,1.6667,6,6,2,2,0.3,1.6667,1.6667,1.6667,1.6667,0.15,3,0,0,0,0,0.3
1571,3.75,3.75,2,0.6,0.8,0.1333,0.15,0,0,0,1.5833,4.75,4.75,1.5833,1.5833,0.275,1.25,1.25,1.25,1.25,0,2.75,0,0,0,0,0
1572,5,5,2.5,0.6,0.8,0.1333,0.2333,0,0,0,3,6,6,2,2,0.4,1.6667,1.6667,1.6667,1.6667,0,4,0,0,0,0.8,0
1573,3.75,3.75,3.5,0.6333,1,0.1667,1.075,0,0,1.075,1.5833,6.25,6.25,2.0833,2.0833,0.375,1.0833,1.0833,1.0833,1.0833,0,3.75,0.45,0.4167,0.1187,0,0
1574,4.25,4.25,3,0.6333,1,0.1667,0.2167,0,0,0,3.0833,5.75,5.75,1.9167,1.9167,0.325,1.9167,1.9167,1.9167,1.9167,0,3.25,0,0,0,1.55,0
1575,3.25,3.25,1.5,0.8,1.3,0.4667,0.25,0,0,0,1.4167,6.25,6.25,2.0833,2.0833,0.325,2.4167,4.8333,2.4167,4.8333,0,3.25,0,0,0,0,0
1576,3.75,3.75,1.5,0.6,0.8,0.1333,0.2167,0,0,0,2.25,5.75,5.75,1.9167,1.9167,0.375,1.5833,1.5833,1.5833,1.5833,0,3.75,0,0,0,0,0
1577,3.5,3.5,5.5,0.9333,2,0.3333,0.1667,0.3333,0.5,0,2.1667,7.5,7.5,2.5,2.5,0.25,2.5,2.5,2.5,2.5,0,2.5,0,0,0,1.4,0
1578,3.75,3.75,2.5,0.7333,1.2,0.2,0.1833,0.1,0.15,0.575,1.9167,6.75,6.75,2.25,2.25,0.375,9.5,1.5833,3.1667,1.5833,0.0688,3.75,0,0,0,0,0
1579,4.25,4.25,3.5,0.7667,1,0.1667,0.1833,0.1333,0.2,0,1.75,5.75,5.75,1.9167,1.9167,0.325,1.5833,1.5833,1.5833,1.5833,0,3.25,0,0,0,1.25,0
1580,3.5,3.5,2.5,0.8,1.3,0.4667,0.2,0,0,0,1.1667,5.5,5.5,1.8333,1.8333,0.25,2.1667,4.3333,2.1667,4.3333,0,2.5,0,0,0,1.4,0
1581,0,0,1.5,0.6667,0.5,0.3333,0.1333,0,0,0,1,1,1,0.3333,0.3333,0,1.3333,2.6667,1.3333,2.6667,0,0,0,0,0,0,0
1582,5.75,5.75,5,0.9333,1.05,0.2,0.1167,0,0,0,1.5833,5.75,5.75,1.9167,1.9167,0.375,0.9167,1.8333,0.9167,0.9167,0.2687,5.75,0,0,0,0,0
1583,1,1,2.5,0.5333,0.4,0.0667,0.1333,0,0,0,0.6667,1,1,0.3333,0.3333,0,1.3333,1.3333,1.3333,1.3333,0,0,0,0,0,0,0
1584,4.25,4.25,5,1.1,2.05,0.3667,1.025,0,0,1.025,1.4167,7.75,7.75,2.5833,2.5833,0.325,1.9167,3.8333,1.9167,1.9167,0.2562,5.25,0.45,0.3611,0.1062,0,0
1585,6,6,4.5,0.8,1.2,0.2,0.2,0.2,0.3,0,3,7,7,2.3333,2.3333,0.4,1.6667,1.6667,1.6667,1.6667,0,4,0,0,0,0,0
1586,3,3,1.5,0.6,0.8,0.1333,0.1667,0,0,0,2,5,5,1.6667,1.6667,0.3,1.3333,1.3333,1.3333,1.3333,0,3,0,0,0,0,0
1587,4,4,4,0.7333,1.2,0.2,0.1667,0.1,0.15,0.4,1.6667,6,6,2,2,0.3,1.6667,1.6667,1.6667,1.6667,0.1,3,0,0,0,0,0
1588,3.5,3.5,4.5,0.7,1.4,0.2333,0.1333,0,0,0,1.5,6,6,2,2,0.25,1.6667,1.6667,1.6667,1.6667,0,2.5,0,0,0,1.5,0
1589,2.25,2.25,1.5,0.8,1.3,0.4667,0.1833,0,0,0,1.0833,5.25,5.25,1.75,1.75,0.225,2.0833,4.1667,2.0833,4.1667,0,2.25,0,0,0,0,0
1590,4.75,4.75,5,0.7667,1.8,0.3,0.1833,0,0,0,1.5833,8.25,8.25,2.75,2.75,0.375,2.0833,2.0833,2.0833,2.0833,0,3.75,0,0,0,1.05,0
1591,1,1,1.5,0.5333,0.4,0.0667,0.2,0,0,0,1,2,2,0.6667,0.6667,0.1,1.6667,1.6667,1.6667,1.6667,0,1,0,0,0,0,0
1592,0.25,0.25,1.5,0.5333,0.4,0.0667,0.15,0,0,0,0.75,1.25,1.25,0.4167,0.4167,0.025,1.4167,1.4167,1.4167,1.4167,0,0.25,0,0,0,0,0
1593,3,3,3,0.7,1.4,0.2333,0.1667,0,0,0,2.3333,6.5,6.5,2.1667,2.1667,0.3,1.8333,1.8333,1.8333,1.8333,0,3,0,0,0,0,0
1594,2.75,2.75,2,1.1667,1.4,0.1667,0.1833,0,0,0,1.5833,5.25,5.25,1.75,1.75,0.275,1.75,1.75,1.75,1.75,0.1938,4.75,0,0,0,0,0
1595,2.25,2.25,1.5,0.6,0.8,0.1333,0.15,0,0,0,1.0833,4.25,4.25,1.4167,1.4167,0.225,1.4167,1.4167,1.4167,1.4167,0,2.25,0,0,0,0,0
1596,4,4,3.5,0.7667,1,0.1667,0.1667,0.1333,0.2,0,1.6667,5.5,5.5,1.8333,1.8333,0.3,1.5,1.5,1.5,1.5,0,3,0,0,0,0,0
1597,5.25,5.25,5,1,1.45,0.2667,0.15,0,0,0,2.75,6.25,6.25,2.0833,2.0833,0.325,1.75,3.5,1.75,1.75,0.3063,5.25,0,0,0,0,0
1598,2,2,2.5,0.7333,1.6,0.2667,0.1667,0,0,0,1.3333,6,6,2,2,0.2,2.3333,2.3333,2.3333,2.3333,0,2,0,0,0,0,0
1599,4,4,3.5,0.6667,1.2,0.2,0.1333,0,0,0,2.6667,6,6,2,2,0.3,1.3333,1.3333,1.3333,1.3333,0,3,0,0,0,0,0
1600,3.25,3.25,2.5,0.6667,1.2,0.2,0.15,0,0,0,2.0833,6.25,6.25,2.0833,2.0833,0.325,1.4167,1.4167,1.4167,1.4167,0,3.25,0,0,0,0,0
1601,4.25,4.25,3,0.6,0.8,0.1333,0.1167,0,0,0,1.4167,4.25,4.25,1.4167,1.4167,0.225,1.0833,1.0833,1.0833,1.0833,0,2.25,0,0,0,0,0
1602,7.25,7.25,8,0.9333,1.6,0.2667,0.425,0.4,0.6,0,1.75,8.25,8.25,2.75,2.75,0.425,1.75,1.75,1.75,3.5,0,4.25,0,1.4167,0.525,0,0.1563
1603,0.75,0.75,1.5,0.5333,0.4,0.0667,0.1833,0,0,0,0.9167,1.75,1.75,0.5833,0.5833,0.075,1.5833,1.5833,1.5833,1.5833,0,0.75,0,0,0,0,0
1604,2.25,2.25,1,0.6,0.8,0.1333,0.1167,0,0,0,1.4167,4.25,4.25,1.4167,1.4167,0.225,1.0833,1.0833,1.0833,1.0833,0,2.25,0,0,0,0,0
1605,3.25,3.25,4,0.7667,1.8,0.3,0.15,0,0,0,2.0833,7.75,7.75,2.5833,2.5833,0.325,1.9167,1.9167,1.9167,1.9167,0,3.25,0,0,0,0,0
1606,3,3,2.5,0.6667,1.2,0.2,0.1667,0,0,0,2.6667,5,5,1.6667,1.6667,0.2,2,2,2,2,0,2,0,0,0,0,0
1607,3,3,4.5,0.9,1.9,0.3,0.1333,0,0,0,2.3333,7.5,7.5,2.5,2.5,0.3,2.1667,2.1667,2.1667,2.1667,0.1,3,0,0,0,0,0.25
1608,3.5,3.5,3.5,0.7,1.4,0.2333,0.2,0,0,0,2.5,7,7,2.3333,2.3333,0.35,2,2,2,2,0,3.5,0,0,0,0,0
1609,2.75,2.75,1.5,0.6667,1.2,0.2,0.2833,0,0,0,1.5833,5.75,5.75,1.9167,1.9167,0.275,2.5833,2.5833,2.5833,2.5833,0,2.75,0,0,0,0,0
1610,4.75,4.75,5,0.6667,1.2,0.2,0.1167,0,0,0,1.5833,6.75,6.75,2.25,2.25,0.375,1.25,1.25,1.25,1.25,0,3.75,0,0,0,1.25,0
1611,3.25,3.25,2,0.6,0.8,0.1333,0.1167,0,0,0,1.75,4.25,4.25,1.4167,1.4167,0.225,1.0833,1.0833,1.0833,1.0833,0,2.25,0,0,0,1.25,0
1612,3.25,3.25,5.5,0.8333,2.2,0.3667,0.1833,0,0,0,2.4167,8.75,8.75,2.9167,2.9167,0.325,2.5833,2.5833,2.5833,2.5833,0,3.25,0,0,0,0,0
1613,3,3,1,0.6667,0.8,0.1333,0.1667,0.0667,0.1,0.7,1.6667,5,5,1.6667,1.6667,0.3,8,1.3333,2.6667,1.3333,0.075,3,0,0,0,0,0
1614,3.25,3.25,1.5,0.9333,1.05,0.2,0.2167,0,0,0,1.75,5.25,5.25,1.75,1.75,0.325,1.75,3.5,1.75,1.75,0.2813,5.25,0,0,0,0,0
1615,2.5,2.5,3.5,0.8667,1.7,0.2667,0.1667,0,0,0,1.8333,6.5,6.5,2.1667,2.1667,0.25,2.1667,2.1667,2.1667,2.1667,0.1125,2.5,0,0,0,0,0.2625
1616,2,2,1.5,0.6667,0.8,0.1333,0.1333,0.0667,0.1,0.5,1.3333,4,4,1.3333,1.3333,0.2,8,1.3333,2.6667,1.3333,0.075,2,0,0,0,0,0
1617,2,2,2,0.7667,1,0.1667,0.2,0.1333,0.2,0,1.6667,4.5,4.5,1.5,1.5,0.2,1.8333,1.8333,1.8333,1.8333,0,2,0,0,0,0,0
1618,3.5,3.5,1.5,0.6667,1.2,0.2,0.3333,0,0,0,1.5,6.5,6.5,2.1667,2.1667,0.35,2.8333,2.8333,2.8333,2.8333,0,3.5,0,0,0,0,0
1619,4.25,4.25,3.5,0.6667,1.2,0.2,0.15,0,0,0,1.0833,6.25,6.25,2.0833,2.0833,0.325,1.4167,1.4167,1.4167,1.4167,0,3.25,0,0,0,0,0
1620,2.25,2.25,1,0.6667,0.8,0.1333,0.1167,0.0667,0.1,0.625,1.4167,4.25,4.25,1.4167,1.4167,0.225,6.5,1.0833,2.1667,1.0833,0.0563,2.25,0,0,0,0,0
1621,2.75,2.75,1.5,0.7333,0.8,0.1333,0.1833,0.1333,0.2,0,1.25,4.75,4.75,1.5833,1.5833,0.275,1.5833,1.5833,1.5833,1.5833,0,2.75,0,0,0,1.35,0
1622,2,2,1.5,0.6,0.8,0.1333,0.1333,0,0,0,1,4,4,1.3333,1.3333,0.2,1.3333,1.3333,1.3333,1.3333,0,2,0,0,0,0.9,0
1623,2.75,2.75,1.5,0.6,0.8,0.1333,0.1833,0,0,0,1.25,4.75,4.75,1.5833,1.5833,0.275,1.5833,1.5833,1.5833,1.5833,0,2.75,0,0,0,0,0
1624,0.5,0.5,3,0.7667,1,0.1667,0.1667,0.1333,0.2,0,0.8333,3,3,1,1,0.05,2,2,2,2,0,0.5,0,0,0,0,0
1625,2.25,2.25,2,0.6667,1.2,0.2,0.1167,0,0,0,1.75,5.25,5.25,1.75,1.75,0.225,1.4167,1.4167,1.4167,1.4167,0,2.25,0,0,0,0,0
1626,2.75,2.75,1.5,0.6667,1.2,0.2,0.2167,0,0,0,1.25,5.75,5.75,1.9167,1.9167,0.275,2.25,2.25,2.25,2.25,0,2.75,0,0,0,0,0
1627,2,2,1.5,0.6,0.8,0.1333,1,0,0,1,1,4,4,1.3333,1.3333,0.2,1.3333,1.3333,1.3333,1.3333,0,2,0.4,0.2222,0.075,0,0
1628,0.75,0.75,1.5,0.5333,0.4,0.0667,0.1833,0,0,0,0.9167,1.75,1.75,0.5833,0.5833,0.075,1.5833,1.5833,1.5833,1.5833,0,0.75,0,0,0,0,0
1629,3,3,2.5,1.1333,0.8,0.1333,0.1333,0.5333,0.8,0,1,4,4,1.3333,1.3333,0.2,1.3333,1.3333,1.3333,1.3333,0,2,0,0,0,0,0
1630,2.75,2.75,1.5,0.6667,1.2,0.2,0.2167,0,0,0,1.25,5.75,5.75,1.9167,1.9167,0.275,2.25,2.25,2.25,2.25,0,2.75,0,0,0,0,0
1631,0.75,0.75,1.5,0.5333,0.4,0.0667,0.25,0,0,0,1.5833,1.75,1.75,0.5833,0.5833,0.075,1.9167,1.9167,1.9167,1.9167,0,0.75,0,0,0,0,0
1632,4.5,4.5,3,0.8667,1.2,0.2,0.55,0.3,0.45,0,2.5,7.5,7.5,2.5,2.5,0.45,2.1667,2.1667,2.1667,4.3333,0,4.5,0,0,0,0,0
1633,2.25,2.25,3,1.2,1.2,0.2,0.0833,0.8,1.2,0,1.75,5.25,5.25,1.75,1.75,0.225,1.4167,1.4167,1.4167,1.4167,0,2.25,0,0,0,0,0
1634,2,2,1.5,0.6667,1.2,0.2,0.1667,0,0,0,1.6667,5,5,1.6667,1.6667,0.2,2,2,2,2,0,2,0,0,0,0.6,0
1635,4.75,4.75,3,0.6,0.8,0.1333,0.15,0,0,0,1.5833,4.75,4.75,1.5833,1.5833,0.275,1.25,1.25,1.25,1.25,0,2.75,0,0,0,0,0
1636,4.5,4.5,3,0.7333,1.2,0.2,0.2667,0.1,0.15,0.55,2.5,7.5,7.5,2.5,2.5,0.45,2.1667,2.1667,2.1667,2.1667,0.1125,4.5,0,0,0,1.4,0
1637,3.25,3.25,2.5,0.6667,1.2,0.2,0.15,0,0,0,1.4167,6.25,6.25,2.0833,2.0833,0.325,1.4167,1.4167,1.4167,1.4167,0,3.25,0,0,0,0,0
1638,0.75,0.75,1.5,0.5333,0.4,0.0667,1.075,0,0,1.075,0.9167,1.75,1.75,0.5833,0.5833,0.075,1.5833,1.5833,1.5833,1.5833,0,0.75,0.45,0.0833,0.0688,0,0
1639,2.75,2.75,1,0.6,0.8,0.1333,0.15,0,0,0,2.5833,4.75,4.75,1.5833,1.5833,0.275,1.25,1.25,1.25,1.25,0,2.75,0,0,0,0,0
1640,3.25,3.25,2.5,0.6667,1.2,0.2,0.15,0,0,0,1.0833,6.25,6.25,2.0833,2.0833,0.325,1.4167,1.4167,1.4167,1.4167,0,3.25,0,0,0,0,0
1641,3.25,3.25,5.5,1.3,2.2,0.3,0.0833,0,0,0,1.75,7.75,7.75,2.5833,2.5833,0.325,1.5833,1.5833,1.5833,1.5833,0.1313,5.25,0,0,0,0,0
1642,0,0,1.5,0.6,0.4,0.0667,0.1333,0.0333,0.05,0.5,1,1,1,0.3333,0.3333,0,8,1.3333,2.6667,1.3333,0.1,0,0,0,0,0,0
1643,2.5,2.5,2.5,0.7333,1.2,0.2,0.1667,0.1,0.15,0.15,1.5,5.5,5.5,1.8333,1.8333,0.25,1.8333,1.8333,1.8333,1.8333,0.0875,2.5,0,0,0,0,0
1644,2.25,2.25,1.5,0.9333,1.05,0.2,0.15,0,0,0,1.75,4.25,4.25,1.4167,1.4167,0.225,1.4167,2.8333,1.4167,1.4167,0.2562,4.25,0,0,0,0,0
1645,2.25,2.25,1.5,0.6,0.8,0.1333,0.15,0,0,0,1.4167,4.25,4.25,1.4167,1.4167,0.225,1.4167,1.4167,1.4167,1.4167,0,2.25,0,0,0,0,0
1646,3.75,3.75,1.5,0.6,0.8,0.1333,0.2833,0,0,0,2.25,5.75,5.75,1.9167,1.9167,0.375,1.9167,1.9167,1.9167,1.9167,0,3.75,0,0,0,0,0
1647,2,2,1.5,0.6,0.8,0.1333,0.1333,0,0,0,1,4,4,1.3333,1.3333,0.2,1.3333,1.3333,1.3333,1.3333,0,2,0,0,0,0,0
1648,3.75,3.75,2.5,0.6667,1.2,0.2,0.1833,0,0,0,1.25,6.75,6.75,2.25,2.25,0.375,1.5833,1.5833,1.5833,1.5833,0,3.75,0,0,0,0,0
1649,1.25,1.25,2.5,0.5333,0.4,0.0667,0.15,0,0,0,1.0833,1.25,1.25,0.4167,0.4167,0.025,1.4167,1.4167,1.4167,1.4167,0,0.25,0,0,0,0,0
1650,3.75,3.75,2.5,0.6667,0.8,0.1333,0.1833,0.0667,0.1,0.575,1.25,4.75,4.75,1.5833,1.5833,0.275,9.5,1.5833,3.1667,1.5833,0.1187,2.75,0,0,0,0,0
1651,2.25,2.25,3,1.0667,1.85,0.3333,0.15,0,0,0,1.4167,6.25,6.25,2.0833,2.0833,0.225,1.75,3.5,1.75,1.75,0.2313,4.25,0,0,0,0,0
1652,2.5,2.5,1.5,0.6,0.8,0.1333,0.1667,0,0,0,1.1667,4.5,4.5,1.5,1.5,0.25,1.5,1.5,1.5,1.5,0,2.5,0,0,0,0,0
1653,4,4,2.5,0.6667,1.2,0.2,0.2,0,0,0,1.3333,7,7,2.3333,2.3333,0.4,1.6667,1.6667,1.6667,1.6667,0,4,0,0,0,0,0
1654,4.75,4.75,3.5,0.7667,1.1,0.1667,0.2167,0,0,0,1.9167,6.25,6.25,2.0833,2.0833,0.375,1.75,1.75,1.75,1.75,0.1437,3.75,0,0,0,0,0.2938
1655,4,4,6,0.7667,1.8,0.3,0.1333,0,0,0,1.6667,6.5,6.5,2.1667,2.1667,0.2,2.1667,2.1667,2.1667,2.1667,0,2,0,0,0,0,0
1656,3.75,3.75,2.5,0.9333,1.05,0.2,0.1833,0,0,0,1.25,4.75,4.75,1.5833,1.5833,0.275,1.5833,3.1667,1.5833,1.5833,0.2938,4.75,0,0,0,0,0
1657,3,3,1,1.1333,0.8,0.1333,0.1667,0.5333,0.8,0,1.6667,5,5,1.6667,1.6667,0.3,1.3333,1.3333,1.3333,1.3333,0,3,0,0,0,0,0
1658,4.25,4.25,4,0.6667,1.2,0.2,1.125,0,0,1.125,1.75,7.25,7.25,2.4167,2.4167,0.425,1.4167,1.4167,1.4167,1.4167,0,4.25,0.55,0.4722,0.1313,0,0
1659,3.75,3.75,3,1.2,1.6,0.2,0.2167,0,0,0,1.9167,6.75,6.75,2.25,2.25,0.375,1.9167,1.9167,1.9167,1.9167,0.1938,5.75,0,0,0,1.65,0
1660,2,2,1,0.6,0.8,0.1333,0.1,0,0,0,1.3333,4,4,1.3333,1.3333,0.2,1,1,1,1,0,2,0,0,0,0,0
1661,2.75,2.75,1.5,0.6667,1.2,0.2,0.2167,0,0,0,1.25,5.75,5.75,1.9167,1.9167,0.275,2.25,2.25,2.25,2.25,0,2.75,0,0,0,0,0
1662,3.75,3.75,5,0.8,2,0.3333,0.2167,0,0,0,2.5833,8.75,8.75,2.9167,2.9167,0.375,2.5833,2.5833,2.5833,2.5833,0,3.75,0,0,0,1.25,0
1663,4,4,6,1.2667,2,0.2667,0.0667,0,0,0,2.3333,6,6,2,2,0.2,1.6667,1.6667,1.6667,1.6667,0.2,4,0,0,0,0,0
1664,2,2,1,0.6,0.8,0.1333,0.1,0,0,0,1.3333,4,4,1.3333,1.3333,0.2,1,1,1,1,0,2,0,0,0,1.2,0
1665,2,2,1,0.6,0.8,0.1333,0.1667,0,0,0,1.3333,4,4,1.3333,1.3333,0.2,1.3333,1.3333,1.3333,1.3333,0,2,0,0,0,0,0
1666,3.75,3.75,2.5,0.7667,1.4,0.2333,0.25,0.1,0.15,0.475,1.5833,7.25,7.25,2.4167,2.4167,0.375,2.0833,2.0833,2.0833,2.0833,0.0938,3.75,0,0,0,1.45,0
1667,2,2,1.5,0.6667,1.2,0.2,0.1667,0,0,0,1,5,5,1.6667,1.6667,0.2,2,2,2,2,0,2,0,0,0,0,0
1668,6,6,8,1.0667,2.4,0.4,0.5,0.6,0.9,0,3,10,10,3.3333,3.3333,0.4,3,3,3,6,0,4,0,0,0,0,0
1669,0.75,0.75,1.5,0.5333,0.4,0.0667,0.25,0,0,0,0.9167,1.75,1.75,0.5833,0.5833,0.075,1.9167,1.9167,1.9167,1.9167,0,0.75,0,0,0,0,0
1670,5.25,5.25,4.5,0.6667,1.2,0.2,0.15,0,0,0,1.0833,6.25,6.25,2.0833,2.0833,0.325,1.4167,1.4167,1.4167,1.4167,0,3.25,0,0,0,0,0
1671,2.25,2.25,1.5,0.9333,1.05,0.2,0.15,0,0,0,1.0833,4.25,4.25,1.4167,1.4167,0.225,1.4167,2.8333,1.4167,1.4167,0.2562,4.25,0,0,0,1.05,0
1672,5,5,3.5,0.7333,0.9,0.1333,0.2,0,0,0,1.6667,5,5,1.6667,1.6667,0.3,1.6667,1.6667,1.6667,1.6667,0.175,3,0,0,0,0,0.325
1673,4.5,4.5,4,0.8,1.2,0.2,0.1667,0.2,0.3,0,2.5,6.5,6.5,2.1667,2.1667,0.35,1.8333,1.8333,1.8333,1.8333,0,3.5,0,0,0,0,0
1674,4,4,3,0.6,0.8,0.1333,0.1333,0,0,0,2,6,6,2,2,0.4,1,1,1,1,0,4,0,1.3333,0.6,0,0.075
1675,2.5,2.5,2,0.6667,0.8,0.1333,0.1333,0.0667,0.1,0.35,1.8333,4.5,4.5,1.5,1.5,0.25,1.1667,1.1667,1.1667,1.1667,0.0625,2.5,0,0,0,1.5,0
1676,3.5,3.5,1.5,0.7333,0.9,0.4,0.2,0,0,0,2.1667,5.5,5.5,1.8333,1.8333,0.35,1.5,3,1.5,3,0,3.5,0,0,0,0,0
1677,2.5,2.5,4,0.9333,1.6,0.2667,0.25,0.4,0.6,0,2.1667,6.5,6.5,2.1667,2.1667,0.25,1.8333,1.8333,1.8333,3.6667,0,2.5,0,0,0,0,0
1678,5.25,5.25,6,1.1333,2.25,0.4,0.2167,0,0,0,1.75,8.25,8.25,2.75,2.75,0.325,2.4167,4.8333,2.4167,2.4167,0.3063,5.25,0,0,0,0,0
1679,2.25,2.25,4.5,1.3,2.2,0.3,0.1167,0,0,0,2.0833,6.75,6.75,2.25,2.25,0.225,1.9167,1.9167,1.9167,1.9167,0.1563,4.25,0,0,0,0,0
1680,3.75,3.75,2,0.6,0.8,0.1333,0.15,0,0,0,1.5833,4.75,4.75,1.5833,1.5833,0.275,1.25,1.25,1.25,1.25,0,2.75,0,0,0,0,0
1681,3,3,2.5,0.6667,1.2,0.2,0.1667,0,0,0,1,5,5,1.6667,1.6667,0.2,2,2,2,2,0,2,0,0,0,0.8,0
1682,3.25,3.25,3,0.6667,1.2,0.2,1.125,0,0,1.125,1.75,6.25,6.25,2.0833,2.0833,0.325,1.75,1.75,1.75,1.75,0,3.25,0.55,0.3611,0.1313,0,0
1683,2.25,2.25,2.5,0.6333,1,0.1667,0.925,0,0,0.925,1.75,4.75,4.75,1.5833,1.5833,0.225,1.25,1.25,1.25,1.25,0,2.25,0.35,0.25,0.1313,0,0
1684,3.25,3.25,2.5,1.0333,1.65,0.3,0.2167,0,0,0,1.75,6.75,6.75,2.25,2.25,0.325,1.9167,3.8333,1.9167,1.9167,0.2562,5.25,0,0,0,0,0
1685,4.25,4.25,3.5,0.6667,1.2,0.2,0.2167,0,0,0,1.4167,6.25,6.25,2.0833,2.0833,0.325,1.75,1.75,1.75,1.75,0,3.25,0,0,0,0,0
1686,3,3,2,0.6,0.8,0.1333,1.1,0,0,1.1,1.6667,4,4,1.3333,1.3333,0.2,1,1,1,1,0,2,0.3,0.2222,0.125,0,0
1687,5,5,2.5,0.6333,1,0.1667,0.9,0,0,1.1,2.3333,7.5,7.5,2.5,2.5,0.5,2.1667,2.1667,2.1667,2.1667,0,5,0.9,1.6667,0.7,0,0.15
1688,3,3,2.5,0.6667,1.2,0.2,0.2,0,0,0,2,6,6,2,2,0.3,2,2,2,2,0,3,0,1,0.6,0,0.125
1689,2.25,2.25,1.5,0.6,0.8,0.1333,0.15,0,0,0,1.4167,4.25,4.25,1.4167,1.4167,0.225,1.4167,1.4167,1.4167,1.4167,0,2.25,0,0,0,1.55,0
1690,5.25,5.25,4,0.7333,1.2,0.2,0.2167,0.1,0.15,0.625,1.4167,6.25,6.25,2.0833,2.0833,0.325,10.5,1.75,3.5,1.75,0.1313,3.25,0,0,0,0,0
1691,2.5,2.5,2.5,0.7667,1.1,0.1667,0.1,0,0,0,2.1667,5,5,1.6667,1.6667,0.25,1.3333,1.3333,1.3333,1.3333,0.0875,2.5,0,0,0,0,0.2375
1692,2.5,2.5,1.5,0.7333,0.9,0.4,0.1667,0,0,0,1.1667,4.5,4.5,1.5,1.5,0.25,1.5,3,1.5,3,0,2.5,0,0,0,0,0
1693,3.75,3.75,3,0.8,1.3,0.2,0.2167,0,0,0,1.9167,6.75,6.75,2.25,2.25,0.375,1.9167,1.9167,1.9167,1.9167,0.1187,3.75,0,0,0,0,0.2687
1694,2.25,2.25,2.5,0.7,1.4,0.2333,0.15,0,0,0,1.0833,5.75,5.75,1.9167,1.9167,0.225,1.5833,1.5833,1.5833,1.5833,0,2.25,0,0,0,1.35,0
1695,2.75,2.75,4.5,0.9333,2,0.3333,0.1833,0.3333,0.5,0,2.5833,7.75,7.75,2.5833,2.5833,0.275,2.5833,2.5833,2.5833,2.5833,0,2.75,0,0,0,1.65,0
1696,2,2,1.5,0.6667,1.2,0.2,0.1667,0,0,0,1,5,5,1.6667,1.6667,0.2,2,2,2,2,0,2,0,0,0,0,0
1697,2.5,2.5,5,0.6333,1,0.1667,0.1667,0,0,0,1.1667,3,3,1,1,0.05,2,2,2,2,0,0.5,0,0,0,0,0
1698,3.75,3.75,2.5,0.6667,1.2,0.2,0.1833,0,0,0,1.25,6.75,6.75,2.25,2.25,0.375,1.5833,1.5833,1.5833,1.5833,0,3.75,0,0,0,0,0
1699,3.25,3.25,2.5,0.6667,1.2,0.2,0.15,0,0,0,1.0833,6.25,6.25,2.0833,2.0833,0.325,1.4167,1.4167,1.4167,1.4167,0,3.25,0,0,0,0,0
1700,0,0,1.5,0.5333,0.4,0.0667,0.1333,0,0,0,0.6667,1,1,0.3333,0.3333,0,1.3333,1.3333,1.3333,1.3333,0,0,0,0,0,0,0
1701,0.75,0.75,1.5,0.5333,0.4,0.0667,0.1833,0,0,0,0.9167,1.75,1.75,0.5833,0.5833,0.075,1.5833,1.5833,1.5833,1.5833,0,0.75,0,0,0,1.05,0
1702,4,4,2.5,0.7333,1.2,0.2,0.2,0.1,0.15,0.6,1.3333,7,7,2.3333,2.3333,0.4,10,1.6667,3.3333,1.6667,0.075,4,0,0,0,0,0
1703,5.5,5.5,6.5,0.7333,1.6,0.2667,0.1667,0,0,0,1.1667,6.5,6.5,2.1667,2.1667,0.25,2.1667,2.1667,2.1667,2.1667,0,2.5,0,0,0,0,0
1704,4.75,4.75,4,0.6667,0.8,0.1333,0.1167,0.0667,0.1,0.375,1.9167,5.75,5.75,1.9167,1.9167,0.375,0.9167,0.9167,0.9167,0.9167,0.0688,3.75,0,0,0,1.65,0
1705,2.5,2.5,1,0.6,0.8,0.1333,0.1333,0,0,0,2.1667,4.5,4.5,1.5,1.5,0.25,1.1667,1.1667,1.1667,1.1667,0,2.5,0,0,0,0,0
1706,4.5,4.5,3.5,0.7,1.4,0.2333,0.2333,0,0,0,2.1667,7,7,2.3333,2.3333,0.35,2,2,2,2,0,3.5,0,1.1667,0.65,0,0.1375
1707,4.5,4.5,3,0.6,0.8,0.1333,0.1333,0,0,0,1.5,4.5,4.5,1.5,1.5,0.25,1.1667,1.1667,1.1667,1.1667,0,2.5,0,0,0,0,0
1708,5,5,4.5,0.8333,1.4,0.2333,0.2,0.2,0.3,0,1.3333,6.5,6.5,2.1667,2.1667,0.3,1.8333,1.8333,1.8333,1.8333,0,3,0,1,0.4,0,0.15
1709,3.25,3.25,2.5,0.6667,1.2,0.2,0.15,0,0,0,1.0833,6.25,6.25,2.0833,2.0833,0.325,1.4167,1.4167,1.4167,1.4167,0,3.25,0,0,0,0,0
1710,4,4,3,0.6667,1.2,0.2,1.2,0,0,1.2,2.3333,7,7,2.3333,2.3333,0.4,2,2,2,2,0,4,0.7,0.4444,0.175,0,0
1711,7,7,7.5,0.8667,1.6,0.2667,0.2,0.2667,0.4,0,1.3333,7,7,2.3333,2.3333,0.3,2.3333,2.3333,2.3333,2.3333,0,3,0,0,0,0,0
1712,0.75,0.75,1.5,1.0667,0.4,0.0667,0.1833,0.2667,0.4,0,0.9167,1.75,1.75,0.5833,0.5833,0.075,1.5833,1.5833,1.5833,1.5833,0,0.75,0,0,0,0,0
1713,2.5,2.5,3,0.7333,1.6,0.2667,0.65,0,0,0.85,1.5,6.5,6.5,2.1667,2.1667,0.25,1.8333,1.8333,1.8333,1.8333,0,2.5,0.4,0.2778,0.1125,0,0
1714,2.75,2.75,1.5,1,1.45,0.2667,1.175,0,0,1.175,1.25,5.75,5.75,1.9167,1.9167,0.275,2.25,4.5,2.25,2.25,0.2938,4.75,0.65,0.3056,0.0938,0,0
1715,5.5,5.5,5.5,0.8333,1.5,0.2333,0.1667,0,0,0,2.1667,8,8,2.6667,2.6667,0.45,1.6667,1.6667,1.6667,1.6667,0.1125,4.5,0,0,0,0,0.2625
1716,1,1,1.5,0.5333,0.4,0.0667,0.2,0,0,0,1,2,2,0.6667,0.6667,0.1,1.6667,1.6667,1.6667,1.6667,0,1,0,0,0,0,0
1717,3.25,3.25,4.5,1.2333,1.8,0.2333,0.1167,0,0,0,1.75,5.75,5.75,1.9167,1.9167,0.225,1.5833,1.5833,1.5833,1.5833,0.1812,4.25,0,0,0,0,0
1718,0.5,0.5,1.5,0.6667,0.4,0.0667,1.05,0.0667,0.1,1.05,0.8333,1.5,1.5,0.5,0.5,0.05,1.5,1.5,1.5,1.5,0,0.5,0.4,0.0556,0.0625,0,0
1719,2.75,2.75,1.5,0.6,0.8,0.1333,0.1833,0,0,0,1.25,4.75,4.75,1.5833,1.5833,0.275,1.5833,1.5833,1.5833,1.5833,0,2.75,0,0,0,0,0
1720,1.25,1.25,2.5,0.5333,0.4,0.0667,1.025,0,0,1.025,0.75,1.25,1.25,0.4167,0.4167,0.025,1.75,1.75,1.75,1.75,0,0.25,0.45,0.0278,0.0563,0,0
1721,2,2,2.5,0.7333,1.6,0.2667,0.1667,0,0,0,1,6,6,2,2,0.2,2.3333,2.3333,2.3333,2.3333,0,2,0,0,0,0.8,0
1722,3,3,5,1.3333,2,0.3333,0.1667,1.3333,2,0,2.3333,8,8,2.6667,2.6667,0.3,2.3333,2.3333,2.3333,2.3333,0,3,0,0,0,1.4,0
1723,4.75,4.75,3.5,0.7667,1.1,0.1667,0.2167,0,0,0,2.5833,6.25,6.25,2.0833,2.0833,0.375,1.75,1.75,1.75,1.75,0.1437,3.75,0,0,0,0,0.2938
1724,4.5,4.5,3,0.6,0.8,0.1333,0.1333,0,0,0,1.5,4.5,4.5,1.5,1.5,0.25,1.1667,1.1667,1.1667,1.1667,0,2.5,0,0,0,0,0
1725,3.5,3.5,2.5,0.6667,1.2,0.2,0.1667,0,0,0,1.1667,6.5,6.5,2.1667,2.1667,0.35,1.5,1.5,1.5,1.5,0,3.5,0,0,0,0,0
1726,2,2,1,0.6,0.8,0.1333,0.1,0,0,0,1.3333,4,4,1.3333,1.3333,0.2,1,1,1,1,0,2,0,0,0,0,0
1727,2.75,2.75,3,0.8333,1.8,0.3,0.2167,0.1333,0.2,0.675,1.5833,7.25,7.25,2.4167,2.4167,0.275,16.5,2.75,5.5,2.75,0.1187,2.75,0,0,0,0,0
1728,2.5,2.5,2.5,0.6333,1,0.1667,0.1,0,0,0,2.1667,5,5,1.6667,1.6667,0.25,1.3333,1.3333,1.3333,1.3333,0,2.5,0,0,0,1.5,0
1729,4.25,4.25,4,0.7,1.4,0.2333,0.1833,0,0,0,2.4167,6.75,6.75,2.25,2.25,0.325,1.9167,1.9167,1.9167,1.9167,0,3.25,0,0,0,0,0
1730,2,2,1,0.6,0.8,0.1333,0.1,0,0,0,1.3333,4,4,1.3333,1.3333,0.2,1,1,1,1,0,2,0,0,0,0,0
1731,5.75,5.75,6,0.8,1.6,0.2667,0.2167,0.1333,0.2,0.475,2.5833,7.75,7.75,2.5833,2.5833,0.375,2.25,2.25,2.25,2.25,0.1437,3.75,0,0,0,0,0
1732,2,2,1.5,0.7333,1.2,0.2,0.1667,0.1,0.15,0.6,1,5,5,1.6667,1.6667,0.2,12,2,4,2,0.1,2,0,0,0,1.2,0
1733,5.25,5.25,4.5,0.8333,1,0.1667,0.325,0.2,0.3,0,2.0833,5.75,5.75,1.9167,1.9167,0.325,1.9167,1.9167,1.9167,3.8333,0,3.25,0,0,0,0,0
1734,3.75,3.75,3.5,0.9,1.4,0.2333,0.475,0.3,0.45,0,2.5833,7.25,7.25,2.4167,2.4167,0.375,2.0833,2.0833,2.0833,4.1667,0,3.75,0,0,0,0,0
1735,0.5,0.5,1.5,0.5333,0.4,0.0667,0.1667,0,0,0,0.8333,1.5,1.5,0.5,0.5,0.05,1.5,1.5,1.5,1.5,0,0.5,0,0,0,0.7,0
1736,2.25,2.25,1.5,0.6667,1.2,0.2,0.1833,0,0,0,1.0833,5.25,5.25,1.75,1.75,0.225,2.0833,2.0833,2.0833,2.0833,0,2.25,0,0,0,0.95,0
1737,4,4,2.5,0.6667,1.2,0.2,0.2333,0,0,0,1.6667,6,6,2,2,0.3,2.3333,2.3333,2.3333,2.3333,0,3,0,0,0,0,0
1738,0,0,1.5,0.5333,0.4,0.0667,0.2,0,0,0,0.6667,1,1,0.3333,0.3333,0,1.6667,1.6667,1.6667,1.6667,0,0,0,0,0,0,0
1739,3.5,3.5,2,0.6333,1,0.1667,0.2333,0,0,0,1.8333,6,6,2,2,0.35,2,2,2,2,0,3.5,0,0,0,2.4,0
1740,4,4,2.5,0.6,0.8,0.1333,0.1667,0,0,0,2,5,5,1.6667,1.6667,0.3,1.3333,1.3333,1.3333,1.3333,0,3,0,0,0,1.4,0
1741,4,4,3,1.1333,0.8,0.1333,0.1333,0.5333,0.8,0,1.6667,6,6,2,2,0.4,1,1,1,1,0,4,0,0,0,1.2,0
1742,3,3,1.5,0.6,0.8,0.1333,0.1667,0,0,0,3.6667,5,5,1.6667,1.6667,0.3,1.3333,1.3333,1.3333,1.3333,0,3,0,0,0,1.1,0
1743,3.25,3.25,1.5,0.6,0.8,0.1333,0.1833,0,0,0,2.0833,5.25,5.25,1.75,1.75,0.325,1.4167,1.4167,1.4167,1.4167,0,3.25,0,0,0,0,0
1744,3.25,3.25,1.5,0.6,0.8,0.1333,0.25,0,0,0,2.0833,5.25,5.25,1.75,1.75,0.325,1.75,1.75,1.75,1.75,0,3.25,0,0,0,0,0
1745,2,2,3.5,0.7667,1.8,0.3,0.1,0,0,0,2,6.5,6.5,2.1667,2.1667,0.2,1.8333,1.8333,1.8333,1.8333,0,2,0,0,0,0,0
1746,3.25,3.25,3.5,0.7333,1.6,0.2667,0.15,0,0,0,1.4167,7.25,7.25,2.4167,2.4167,0.325,1.75,1.75,1.75,1.75,0,3.25,0,0,0,0,0
1747,2.5,2.5,3.5,0.7667,1.8,0.3,0.65,0,0,0.85,1.8333,7,7,2.3333,2.3333,0.25,2,2,2,2,0,2.5,0.4,0.2778,0.1375,0,0
1748,1.25,1.25,1.5,0.5333,0.4,0.0667,0.2167,0,0,0,1.0833,2.25,2.25,0.75,0.75,0.125,1.75,1.75,1.75,1.75,0,1.25,0,0,0,0,0
1749,3.75,3.75,4,0.6667,1.2,0.2,1.075,0,0,1.075,1.9167,6.75,6.75,2.25,2.25,0.375,1.25,1.25,1.25,1.25,0,3.75,0.45,0.4167,0.1437,0,0
1750,2.75,2.75,2,1.1333,1.2,0.1333,0.15,0,0,0,1.5833,4.75,4.75,1.5833,1.5833,0.275,1.25,1.25,1.25,1.25,0.1688,4.75,0,0,0,1.35,0
1751,4,4,5.5,0.6,0.8,0.1333,0.2667,0,0,0,1,3,3,1,1,0.1,2.3333,2.3333,2.3333,2.3333,0,1,0,0,0,0,0
1752,5,5,3,0.6,0.8,0.1333,0.2333,0,0,0,3,6,6,2,2,0.4,1.6667,1.6667,1.6667,1.6667,0,4,0,0,0,0,0
1753,2.5,2.5,2.5,0.8333,1,0.1667,0.35,0.2,0.3,0,1.5,5,5,1.6667,1.6667,0.25,1.3333,1.3333,1.3333,2.6667,0,2.5,0,0.8333,0.45,0,0.0875
1754,2.25,2.25,1,0.6,0.8,0.1333,0.1167,0,0,0,1.4167,4.25,4.25,1.4167,1.4167,0.225,1.0833,1.0833,1.0833,1.0833,0,2.25,0,0,0,0,0
1755,3.75,3.75,2.5,0.6667,1.2,0.2,0.1833,0,0,0,1.25,6.75,6.75,2.25,2.25,0.375,1.5833,1.5833,1.5833,1.5833,0,3.75,0,0,0,0,0
1756,3,3,2.5,0.6333,1,0.1667,0.1333,0,0,0,3.3333,5.5,5.5,1.8333,1.8333,0.3,1.5,1.5,1.5,1.5,0,3,0,1,1,0,0.1
1757,5.75,5.75,6.5,0.7333,1.6,0.2667,1.075,0,0,1.075,1.5833,6.75,6.75,2.25,2.25,0.275,2.25,2.25,2.25,2.25,0,2.75,0.55,0.3056,0.1187,1.55,0
1758,3.25,3.25,3.5,0.6333,1,0.1667,0.0833,0,0,0,1.75,4.75,4.75,1.5833,1.5833,0.225,1.25,1.25,1.25,1.25,0,2.25,0,0,0,1.65,0
1759,6.25,6.25,10,1.2333,2.85,0.5,0.15,0,0,0,1.75,8.75,8.75,2.9167,2.9167,0.225,2.9167,5.8333,2.9167,2.9167,0.3563,4.25,0,0,0,0,0
1760,2,2,1.5,0.6,0.8,0.1333,0.4,0,0,0.6,1.3333,4,4,1.3333,1.3333,0.2,1.3333,1.3333,1.3333,1.3333,0,2,0.4,0.2222,0.1,0,0
1761,3.25,3.25,1.5,0.6,0.8,0.1333,0.1833,0,0,0,2.0833,5.25,5.25,1.75,1.75,0.325,1.4167,1.4167,1.4167,1.4167,0,3.25,0,0,0,0,0
1762,4.25,4.25,3.5,0.6667,1.2,0.2,0.1833,0,0,0,1.0833,5.25,5.25,1.75,1.75,0.225,2.0833,2.0833,2.0833,2.0833,0,2.25,0,0,0,0,0
1763,2.75,2.75,2,0.8667,1.2,0.2,0.375,0.3,0.45,0,1.25,5.75,5.75,1.9167,1.9167,0.275,1.5833,1.5833,1.5833,3.1667,0,2.75,0,0,0,0,0
1764,3,3,2.5,0.7,1.4,0.2333,0.2,0,0,0,1.3333,6.5,6.5,2.1667,2.1667,0.3,1.8333,1.8333,1.8333,1.8333,0,3,0,0,0,1.8,0
1765,2.75,2.75,1.5,0.6667,1.2,0.2,0.2167,0,0,0,1.25,5.75,5.75,1.9167,1.9167,0.275,2.25,2.25,2.25,2.25,0,2.75,0,0,0,0,0
1766,4.75,4.75,3.5,1,1.45,0.2667,0.2167,0,0,0,1.25,5.75,5.75,1.9167,1.9167,0.275,2.25,4.5,2.25,2.25,0.3438,4.75,0,0,0,0,0
1767,5.25,5.25,3.5,0.6,0.8,0.1333,0.1833,0,0,0,2.0833,5.25,5.25,1.75,1.75,0.325,1.4167,1.4167,1.4167,1.4167,0,3.25,0,0,0,0,0
1768,3.25,3.25,2.5,0.6667,1.2,0.2,0.1833,0,0,0,1.0833,5.25,5.25,1.75,1.75,0.225,2.0833,2.0833,2.0833,2.0833,0,2.25,0,0,0,0,0
1769,5.75,5.75,5,1.1333,1.2,0.1333,0.1167,0,0,0,1.9167,5.75,5.75,1.9167,1.9167,0.375,0.9167,0.9167,0.9167,0.9167,0.1938,5.75,0,0,0,0,0
1770,2,2,3,0.7667,1.8,0.3,0.1667,0,0,0,2.3333,6.5,6.5,2.1667,2.1667,0.2,2.5,2.5,2.5,2.5,0,2,0,0,0,0,0
1771,6,6,6.5,0.7667,1.8,0.3,0.1667,0,0,0,2,7.5,7.5,2.5,2.5,0.3,2.1667,2.1667,2.1667,2.1667,0,3,0,0,0,1.2,0
1772,0.25,0.25,1.5,0.5333,0.4,0.0667,0.15,0,0,0,0.75,1.25,1.25,0.4167,0.4167,0.025,1.4167,1.4167,1.4167,1.4167,0,0.25,0,0,0,0.65,0
1773,2,2,3,0.9,1.9,0.5667,0.1667,0,0,0,1.3333,6.5,6.5,2.1667,2.1667,0.2,2.5,5,2.5,5,0,2,0,0,0,0,0
1774,3.25,3.25,2.5,0.7333,1.2,0.2,0.1833,0.1,0.15,0.425,2.0833,6.25,6.25,2.0833,2.0833,0.325,10.5,1.75,3.5,1.75,0.0813,3.25,0,0,0,0,0
1775,2.75,2.75,1,0.6,0.8,0.1333,0.15,0,0,0,1.5833,4.75,4.75,1.5833,1.5833,0.275,1.25,1.25,1.25,1.25,0,2.75,0,0,0,0,0
1776,2.75,2.75,1.5,0.6667,1.2,0.2,0.2167,0,0,0,1.25,5.75,5.75,1.9167,1.9167,0.275,2.25,2.25,2.25,2.25,0,2.75,0,0,0,0,0
1777,6,6,3.5,0.6,0.8,0.1333,0.2333,0,0,0,3,6,6,2,2,0.4,1.6667,1.6667,1.6667,1.6667,0,4,0,0,0,0,0
1778,2,2,1.5,0.7333,0.9,0.4,0.1333,0,0,0,1,4,4,1.3333,1.3333,0.2,1.3333,2.6667,1.3333,2.6667,0,2,0,0,0,0,0
1779,3.5,3.5,3.5,0.7,1,0.1667,0.1333,0.0667,0.1,0.35,1.5,5,5,1.6667,1.6667,0.25,1.3333,1.3333,1.3333,1.3333,0.0875,2.5,0,0,0,1,0
1780,4,4,5,0.7,1.4,0.2333,0.1333,0,0,0,2.3333,5.5,5.5,1.8333,1.8333,0.2,1.8333,1.8333,1.8333,1.8333,0,2,0,0,0,0,0
1781,0.75,0.75,1.5,0.6,0.4,0.0667,0.1833,0.0333,0.05,0.575,0.9167,1.75,1.75,0.5833,0.5833,0.075,9.5,1.5833,3.1667,1.5833,0.1187,0.75,0,0,0,0,0
1782,4.75,4.75,2.5,0.6,0.8,0.1333,0.2167,0,0,0,2.5833,5.75,5.75,1.9167,1.9167,0.375,1.5833,1.5833,1.5833,1.5833,0,3.75,0,0,0,0,0
1783,3.75,3.75,3.5,0.7,1,0.1667,0.1167,0.0667,0.1,0.375,1.9167,6.25,6.25,2.0833,2.0833,0.375,1.0833,1.0833,1.0833,1.0833,0.0437,3.75,0,0,0,0,0
1784,3.5,3.5,2.5,0.6667,1.2,0.2,0.1667,0,0,0,1.1667,6.5,6.5,2.1667,2.1667,0.35,1.5,1.5,1.5,1.5,0,3.5,0,0,0,0,0
1785,3,3,2.5,0.7333,0.9,0.4,0.1333,0,0,0,1,4,4,1.3333,1.3333,0.2,1.3333,2.6667,1.3333,2.6667,0,2,0,0,0,0,0
1786,4.25,4.25,2,0.6667,1.2,0.2,0.2833,0,0,0,3.0833,7.25,7.25,2.4167,2.4167,0.425,2.0833,2.0833,2.0833,2.0833,0,4.25,0,1.4167,0.925,0,0.1313
1787,3.75,3.75,3.5,0.8333,1,0.1667,0.375,0.2,0.3,0,1.9167,6.25,6.25,2.0833,2.0833,0.375,1.0833,1.0833,1.0833,2.1667,0,3.75,0,0,0,1.25,0
1788,3.5,3.5,2,0.6,0.8,0.1333,0.2,0,0,0,1.8333,5.5,5.5,1.8333,1.8333,0.35,1.5,1.5,1.5,1.5,0,3.5,0,0,0,0,0
1789,2.25,2.25,1.5,0.6667,1.2,0.2,0.1833,0,0,0,1.0833,5.25,5.25,1.75,1.75,0.225,2.0833,2.0833,2.0833,2.0833,0,2.25,0,0,0,0,0
1790,2.75,2.75,1,0.7333,0.8,0.1333,0.15,0.1333,0.2,0,1.5833,4.75,4.75,1.5833,1.5833,0.275,1.25,1.25,1.25,1.25,0,2.75,0,0,0,0,0
1791,2,2,3,0.7,1.4,0.2333,0.1333,0,0,0,1,5.5,5.5,1.8333,1.8333,0.2,1.8333,1.8333,1.8333,1.8333,0,2,0,0,0,0,0
1792,3.75,3.75,2,0.6,0.8,0.1333,0.15,0,0,0,1.5833,4.75,4.75,1.5833,1.5833,0.275,1.25,1.25,1.25,1.25,0,2.75,0,0,0,0,0
1793,7,7,5.5,0.8,1.3,0.4667,0.2333,0,0,0,2.6667,7,7,2.3333,2.3333,0.4,2,4,2,4,0,4,0,0,0,0,0
1794,3.75,3.75,1.5,0.7333,0.9,0.4,0.2167,0,0,0,2.5833,5.75,5.75,1.9167,1.9167,0.375,1.5833,3.1667,1.5833,3.1667,0,3.75,0,0,0,0,0
1795,2,2,1,0.7333,0.9,0.4,0.1,0,0,0,1.3333,4,4,1.3333,1.3333,0.2,1,2,1,2,0,2,0,0,0,0,0
1796,0,0,3,1.1667,1,0.1667,0.1333,0.5333,0.8,0,1,2.5,2.5,0.8333,0.8333,0,1.8333,1.8333,1.8333,1.8333,0,0,0,0,0,0.4,0
1797,3.25,3.25,6.5,0.6667,1.2,0.2,1.025,0,0,1.025,1.0833,3.25,3.25,1.0833,1.0833,0.025,2.0833,2.0833,2.0833,2.0833,0,0.25,0.35,0.0278,0.0813,0,0
1798,3,3,1.5,0.6667,1.2,0.2,0.2333,0,0,0,2.3333,6,6,2,2,0.3,2.3333,2.3333,2.3333,2.3333,0,3,0,0,0,0,0
1799,2.25,2.25,1,0.6,0.8,0.1333,0.1167,0,0,0,1.4167,4.25,4.25,1.4167,1.4167,0.225,1.0833,1.0833,1.0833,1.0833,0,2.25,0,0,0,0,0
1800,2,2,1.5,0.6,0.8,0.1333,0.1333,0,0,0,1,4,4,1.3333,1.3333,0.2,1.3333,1.3333,1.3333,1.3333,0,2,0,0,0,0,0
1801,2.25,2.25,1.5,0.7333,0.9,0.4,0.15,0,0,0,1.0833,4.25,4.25,1.4167,1.4167,0.225,1.4167,2.8333,1.4167,2.8333,0,2.25,0,0,0,1.25,0
1802,4,4,1.5,0.6,0.8,0.1333,0.2333,0,0,0,2.3333,6,6,2,2,0.4,1.6667,1.6667,1.6667,1.6667,0,4,0,0,0,0,0
1803,6.25,6.25,6.5,0.7333,1.6,0.2667,0.15,0,0,0,1.0833,7.25,7.25,2.4167,2.4167,0.325,1.75,1.75,1.75,1.75,0,3.25,0,0,0,0,0
1804,0.5,0.5,1.5,0.6667,0.4,0.0667,0.1667,0.0667,0.1,0,0.8333,1.5,1.5,0.5,0.5,0.05,1.5,1.5,1.5,1.5,0,0.5,0,0,0,0,0
1805,4.5,4.5,3.5,0.8333,1,0.1667,0.45,0.2,0.3,0,1.8333,7,7,2.3333,2.3333,0.45,1.3333,1.3333,1.3333,2.6667,0,4.5,0,1.5,0.55,0,0.0875
1806,2.75,2.75,1.5,0.6667,1.2,0.2,0.2833,0,0,0,1.25,5.75,5.75,1.9167,1.9167,0.275,2.5833,2.5833,2.5833,2.5833,0,2.75,0,0,0,0,0
1807,2.75,2.75,1.5,0.6667,1.2,0.2,0.2167,0,0,0,1.25,5.75,5.75,1.9167,1.9167,0.275,2.25,2.25,2.25,2.25,0,2.75,0,0,0,0,0
1808,1,1,1.5,0.5333,0.4,0.0667,0.2,0,0,0,1,2,2,0.6667,0.6667,0.1,1.6667,1.6667,1.6667,1.6667,0,1,0,0,0,0,0
1809,2.5,2.5,2.5,0.8333,1.5,0.2333,0.1667,0,0,0,1.5,6,6,2,2,0.25,1.6667,1.6667,1.6667,1.6667,0.0875,2.5,0,0,0,0,0.2375
1810,3,3,4.5,0.7667,1.8,0.3,0.1667,0,0,0,2.6667,7.5,7.5,2.5,2.5,0.3,2.1667,2.1667,2.1667,2.1667,0,3,0,0,0,1.3,0
1811,2,2,2.5,0.8333,1,0.1667,0.3,0.2,0.3,0,1.3333,4.5,4.5,1.5,1.5,0.2,1.1667,1.1667,1.1667,2.3333,0,2,0,0,0,0,0
1812,3.25,3.25,1.5,0.6,0.8,0.1333,0.1833,0,0,0,2.0833,5.25,5.25,1.75,1.75,0.325,1.4167,1.4167,1.4167,1.4167,0,3.25,0,0,0,0,0
1813,4.5,4.5,3,0.6,0.8,0.1333,1.15,0,0,1.15,1.8333,5.5,5.5,1.8333,1.8333,0.35,1.5,1.5,1.5,1.5,0,3.5,0.6,0.3889,0.1375,0,0
1814,4.75,4.75,3.5,0.6,0.8,0.1333,0.1833,0,0,0,1.9167,4.75,4.75,1.5833,1.5833,0.275,1.5833,1.5833,1.5833,1.5833,0,2.75,0,0,0,0,0
1815,3.75,3.75,2,0.8,1.3,0.2,0.25,0,0,0,1.5833,6.75,6.75,2.25,2.25,0.375,1.9167,1.9167,1.9167,1.9167,0.1187,3.75,0,0,0,0,0.2687
1816,2,2,2.5,0.5333,0.4,0.0667,0.2,0,0,0,3,2,2,0.6667,0.6667,0.1,1.6667,1.6667,1.6667,1.6667,0,1,0,0,0,0,0
1817,2.25,2.25,1.5,0.6667,1.2,0.2,0.1833,0,0,0,1.75,5.25,5.25,1.75,1.75,0.225,2.0833,2.0833,2.0833,2.0833,0,2.25,0,0,0,0,0
1818,2.5,2.5,3.5,0.5333,0.4,0.0667,0.1667,0,0,0,0.8333,1.5,1.5,0.5,0.5,0.05,1.5,1.5,1.5,1.5,0,0.5,0,0,0,0,0
1819,2.75,2.75,5,0.7667,1.1,0.4333,0.1833,0,0,0,0.9167,3.25,3.25,1.0833,1.0833,0.075,2.0833,4.1667,2.0833,4.1667,0,0.75,0,0,0,0,0
1820,2.75,2.75,1.5,0.6,0.8,0.1333,0.1833,0,0,0,1.25,4.75,4.75,1.5833,1.5833,0.275,1.5833,1.5833,1.5833,1.5833,0,2.75,0,0,0,0,0
1821,4,4,2.5,1.2,1.2,0.2,0.2,0.8,1.2,0.6,1.3333,7,7,2.3333,2.3333,0.4,10,1.6667,3.3333,1.6667,0.075,4,0,0,0,0,0
1822,2.25,2.25,2.5,0.7333,1.6,0.2667,0.1833,0,0,0,1.0833,6.25,6.25,2.0833,2.0833,0.225,2.4167,2.4167,2.4167,2.4167,0,2.25,0,0,0,0,0
1823,4.75,4.75,7,1,2,0.3333,0.275,0.5,0.75,0,2.5833,7.75,7.75,2.5833,2.5833,0.275,2.25,2.25,2.25,4.5,0,2.75,0,0,0,0,0
1824,1.75,1.75,2.5,1.0667,0.4,0.0667,0.1833,0.2667,0.4,0,0.9167,1.75,1.75,0.5833,0.5833,0.075,1.5833,1.5833,1.5833,1.5833,0,0.75,0,0,0,0,0
1825,4,4,3.5,0.6333,1,0.1667,0.1333,0,0,0,2,5.5,5.5,1.8333,1.8333,0.3,1.5,1.5,1.5,1.5,0,3,0,0,0,1.4,0
1826,5,5,6,0.8667,2,0.3333,0.2,0.1667,0.25,0.4,1.6667,8,8,2.6667,2.6667,0.3,2.3333,2.3333,2.3333,2.3333,0.125,3,0,0,0,1.6,0
1827,2,2,1,0.6,0.8,0.1333,0.1,0,0,0,1.3333,4,4,1.3333,1.3333,0.2,1,1,1,1,0,2,0,0,0,0,0
1828,2.25,2.25,2,0.7333,0.9,0.1333,0.1167,0,0,0,1.4167,4.25,4.25,1.4167,1.4167,0.225,1.0833,1.0833,1.0833,1.0833,0.0813,2.25,0,0,0,1.35,0.2313
1829,3.5,3.5,2.5,0.6333,1,0.1667,1.15,0,0,1.15,2.1667,6,6,2,2,0.35,1.6667,1.6667,1.6667,1.6667,0,3.5,0.6,0.3889,0.1625,0,0
1830,2.75,2.75,1.5,1.2,1.2,0.2,0.2167,0.8,1.2,0,1.25,5.75,5.75,1.9167,1.9167,0.275,2.25,2.25,2.25,2.25,0,2.75,0,0,0,0,0
1831,5,5,4,0.8,0.8,0.1333,0.4,0.2,0.3,0,1.6667,5,5,1.6667,1.6667,0.3,1.3333,1.3333,1.3333,2.6667,0,3,0,0,0,1.4,0
1832,3,3,1.5,0.7333,0.8,0.1333,0.1667,0.1333,0.2,0,2,5,5,1.6667,1.6667,0.3,1.3333,1.3333,1.3333,1.3333,0,3,0,0,0,0,0
1833,4.5,4.5,5,0.8667,1.6,0.2667,0.1667,0.2667,0.4,0,1.1667,6.5,6.5,2.1667,2.1667,0.25,1.8333,1.8333,1.8333,1.8333,0,2.5,0,0,0,1.2,0
1834,2.75,2.75,1.5,0.8,1.3,0.4667,0.2167,0,0,0,2.25,5.75,5.75,1.9167,1.9167,0.275,2.25,4.5,2.25,4.5,0,2.75,0,0,0,0,0
1835,3.75,3.75,2.5,1.0667,1.05,0.2,0.1833,0.3,0.45,0,1.25,4.75,4.75,1.5833,1.5833,0.275,1.5833,3.1667,1.5833,1.5833,0.2938,4.75,0,0,0,0,0
1836,2.75,2.75,3.5,0.5333,0.4,0.0667,0.1833,0,0,0,0.9167,1.75,1.75,0.5833,0.5833,0.075,1.5833,1.5833,1.5833,1.5833,0,0.75,0,0,0,0,0
1837,3.75,3.75,4,0.8333,1.8,0.3,0.2167,0.1333,0.2,0.475,2.9167,8.25,8.25,2.75,2.75,0.375,14.5,2.4167,4.8333,2.4167,0.0938,3.75,0,0,0,0,0
1838,3.25,3.25,2.5,0.6333,1,0.1667,0.15,0,0,0,2.0833,5.75,5.75,1.9167,1.9167,0.325,1.5833,1.5833,1.5833,1.5833,0,3.25,0,0,0,0,0
1839,4.25,4.25,4,0.8,1.6,0.2667,0.2167,0.1333,0.2,0.425,1.4167,7.25,7.25,2.4167,2.4167,0.325,2.0833,2.0833,2.0833,2.0833,0.1062,3.25,0,0,0,0,0
1840,2.75,2.75,1.5,0.6,0.8,0.1333,0.1833,0,0,0,1.25,4.75,4.75,1.5833,1.5833,0.275,1.5833,1.5833,1.5833,1.5833,0,2.75,0,0,0,0,0
1841,3,3,2,0.6,0.8,0.1333,0.1,0,0,0,1.6667,4,4,1.3333,1.3333,0.2,1,1,1,1,0,2,0,0,0,0,0
1842,3,3,2,0.7333,0.9,0.4,0.1,0,0,0,2.3333,4,4,1.3333,1.3333,0.2,1,2,1,2,0,2,0,0,0,0,0
1843,2.25,2.25,4,0.7333,1.6,0.2667,0.1167,0,0,0,2.4167,6.25,6.25,2.0833,2.0833,0.225,1.75,1.75,1.75,1.75,0,2.25,0,0,0,0.95,0
1844,4,4,1.5,0.6,0.8,0.1333,0.2333,0,0,0,2.3333,6,6,2,2,0.4,1.6667,1.6667,1.6667,1.6667,0,4,0,0,0,0,0
1845,2.5,2.5,2,1.1667,1,0.1667,0.1667,0.5333,0.8,0,1.5,5,5,1.6667,1.6667,0.25,1.6667,1.6667,1.6667,1.6667,0,2.5,0,0,0,0,0
1846,2,2,1.5,0.6,0.8,0.1333,0.1333,0,0,0,1,4,4,1.3333,1.3333,0.2,1.3333,1.3333,1.3333,1.3333,0,2,0,0,0,0,0
1847,5.25,5.25,4.5,0.7667,1.1,0.1667,0.15,0,0,0,1.75,6.75,6.75,2.25,2.25,0.425,1.25,1.25,1.25,1.25,0.1062,4.25,0,0,0,0,0.2562
1848,2.25,2.25,1.5,0.6333,1,0.1667,0.1167,0,0,0,1.4167,4.75,4.75,1.5833,1.5833,0.225,1.25,1.25,1.25,1.25,0,2.25,0,0,0,0,0
1849,2.25,2.25,2.5,0.7333,1.2,0.2,0.15,0.1,0.15,0.125,2.0833,5.25,5.25,1.75,1.75,0.225,1.75,1.75,1.75,1.75,0.0813,2.25,0,0,0,0,0
1850,0.75,0.75,1.5,0.5333,0.4,0.0667,0.25,0,0,0,0.9167,1.75,1.75,0.5833,0.5833,0.075,1.9167,1.9167,1.9167,1.9167,0,0.75,0,0,0,0,0
1851,3.5,3.5,3.5,0.9,1.4,0.2333,0.45,0.3,0.45,0,2.1667,7,7,2.3333,2.3333,0.35,2,2,2,4,0,3.5,0,0,0,0,0
1852,3,3,4,0.6667,1.2,0.2,0.0667,0,0,0,1.6667,6,6,2,2,0.3,1,1,1,1,0,3,0,0,0,1.5,0
1853,3,3,1.5,0.7333,0.9,0.4,0.2,0,0,0,1.3333,5,5,1.6667,1.6667,0.3,1.6667,3.3333,1.6667,3.3333,0,3,0,0,0,0,0
1854,2.25,2.25,1.5,0.8,1.2,0.2,0.1833,0.2,0.3,0,1.0833,5.25,5.25,1.75,1.75,0.225,2.0833,2.0833,2.0833,2.0833,0,2.25,0,0,0,0,0
1855,2.25,2.25,1.5,0.6667,0.8,0.1333,0.15,0.0667,0.1,0.525,1.0833,4.25,4.25,1.4167,1.4167,0.225,8.5,1.4167,2.8333,1.4167,0.0813,2.25,0,0,0,0,0
1856,3.25,3.25,1,0.6,0.8,0.1333,0.1833,0,0,0,1.75,5.25,5.25,1.75,1.75,0.325,1.4167,1.4167,1.4167,1.4167,0,3.25,0,0,0,0,0
1857,2.25,2.25,1.5,0.7333,1.2,0.2,0.1833,0.1,0.15,0.625,1.0833,5.25,5.25,1.75,1.75,0.225,12.5,2.0833,4.1667,2.0833,0.1062,2.25,0,0,0,0,0
1858,4.25,4.25,3,0.6667,1.2,0.2,1.225,0,0,1.225,2.0833,7.25,7.25,2.4167,2.4167,0.425,2.0833,2.0833,2.0833,2.0833,0,4.25,0.75,0.4722,0.1563,0,0
1859,3,3,1.5,0.6,0.8,0.1333,0.1667,0,0,0,2,5,5,1.6667,1.6667,0.3,1.3333,1.3333,1.3333,1.3333,0,3,0,0,0,0,0
1860,4,4,2.5,0.6,0.8,0.1333,0.1667,0,0,0,2,5,5,1.6667,1.6667,0.3,1.3333,1.3333,1.3333,1.3333,0,3,0,0,0,0,0
1861,2,2,1,0.6,0.8,0.1333,0.1667,0,0,0,1.6667,4,4,1.3333,1.3333,0.2,1.3333,1.3333,1.3333,1.3333,0,2,0,0,0,1.5,0
1862,0.75,0.75,1.5,0.5333,0.4,0.0667,0.25,0,0,0,0.9167,1.75,1.75,0.5833,0.5833,0.075,1.9167,1.9167,1.9167,1.9167,0,0.75,0,0,0,0,0
1863,2.75,2.75,6,1,2.5,0.4,0.15,0,0,0,2.5833,8.75,8.75,2.9167,2.9167,0.275,2.5833,2.5833,2.5833,2.5833,0.0938,2.75,0,0,0,0,0.2437
1864,3,3,2.5,0.6667,1.2,0.2,0.1667,0,0,0,1,5,5,1.6667,1.6667,0.2,2,2,2,2,0,2,0,0,0,0,0
1865,3.25,3.25,1,0.6,0.8,0.1333,0.1833,0,0,0,1.75,5.25,5.25,1.75,1.75,0.325,1.4167,1.4167,1.4167,1.4167,0,3.25,0,0,0,0,0
1866,6,6,7,0.7333,1.6,0.2667,0.1,0,0,0,1.3333,6,6,2,2,0.2,1.6667,1.6667,1.6667,1.6667,0,2,0,0,0,0,0
1867,2,2,5,1.3333,2.4,0.3333,0.0667,0,0,0,2,7,7,2.3333,2.3333,0.2,2,2,2,2,0.15,4,0,0,0,0,0
1868,1,1,2.5,0.5333,0.4,0.0667,0.1333,0,0,0,0.6667,1,1,0.3333,0.3333,0,1.3333,1.3333,1.3333,1.3333,0,0,0,0,0,0,0
1869,3.75,3.75,2,0.8,0.8,0.1333,0.475,0.2,0.3,0,2.25,5.75,5.75,1.9167,1.9167,0.375,1.5833,1.5833,1.5833,3.1667,0,3.75,0,0,0,0,0
1870,4,4,3,1.0333,1.65,0.3,0.2333,0,0,0,2.6667,7.5,7.5,2.5,2.5,0.4,2.1667,4.3333,2.1667,2.1667,0.275,6,0,0,0,0,0
1871,3.25,3.25,2,1.1333,0.8,0.1333,0.1167,0.5333,0.8,0,1.4167,4.25,4.25,1.4167,1.4167,0.225,1.0833,1.0833,1.0833,1.0833,0,2.25,0,0,0,0,0
1872,3,3,2.5,0.6667,1.2,0.2,0.1333,0,0,0,1,6,6,2,2,0.3,1.3333,1.3333,1.3333,1.3333,0,3,0,0,0,0,0
1873,3.5,3.5,2.5,0.6,0.8,0.1333,0.1667,0,0,0,1.5,4.5,4.5,1.5,1.5,0.25,1.5,1.5,1.5,1.5,0,2.5,0,0,0,0,0
1874,4.75,4.75,5,0.6667,1.2,0.2,0.1167,0,0,0,1.5833,6.75,6.75,2.25,2.25,0.375,1.25,1.25,1.25,1.25,0,3.75,0,1.25,0.475,1.45,0.0938
1875,4.5,4.5,3,0.6,0.8,0.1333,0.1333,0,0,0,1.5,4.5,4.5,1.5,1.5,0.25,1.1667,1.1667,1.1667,1.1667,0,2.5,0,0,0,0,0
1876,5.75,5.75,3.5,1.1333,1.2,0.1333,0.25,0,0,0,2.5833,5.75,5.75,1.9167,1.9167,0.375,1.9167,1.9167,1.9167,1.9167,0.2687,5.75,0,0,0,0,0
1877,3,3,3.5,0.7333,1.6,0.2667,0.1333,0,0,0,1,7,7,2.3333,2.3333,0.3,1.6667,1.6667,1.6667,1.6667,0,3,0,0,0,0,0
1878,3,3,5,0.8667,2.4,0.4,0.2,0,0,0,1.6667,9,9,3,3,0.3,2.6667,2.6667,2.6667,2.6667,0,3,0,1,0.5,0,0.1
1879,3,3,3.5,0.7,1.4,0.2333,0.1667,0,0,0,2,6.5,6.5,2.1667,2.1667,0.3,1.8333,1.8333,1.8333,1.8333,0,3,0,0,0,1.4,0
1880,4.25,4.25,3.5,0.8,1.2,0.2,0.1833,0.2,0.3,0,1.0833,5.25,5.25,1.75,1.75,0.225,2.0833,2.0833,2.0833,2.0833,0,2.25,0,0,0,0,0
1881,3.25,3.25,1.5,0.7333,0.8,0.1333,0.2167,0.1333,0.2,0,1.4167,5.25,5.25,1.75,1.75,0.325,1.75,1.75,1.75,1.75,0,3.25,0,0,0,0,0
1882,2.5,2.5,1.5,0.6,0.8,0.1333,0.1667,0,0,0,1.5,4.5,4.5,1.5,1.5,0.25,1.5,1.5,1.5,1.5,0,2.5,0,0,0,0,0
1883,2,2,1,0.6,0.8,0.1333,0.1,0,0,0,1.6667,4,4,1.3333,1.3333,0.2,1,1,1,1,0,2,0,0,0,0,0
1884,3.25,3.25,2.5,0.6667,1.2,0.2,0.1833,0,0,0,2.4167,6.25,6.25,2.0833,2.0833,0.325,1.75,1.75,1.75,1.75,0,3.25,0,0,0,0,0
1885,2.25,2.25,2,0.8,1.2,0.2,0.15,0.2,0.3,0,1.0833,5.25,5.25,1.75,1.75,0.225,1.4167,1.4167,1.4167,1.4167,0,2.25,0,0,0,1.15,0
1886,5,5,4,0.6667,1.2,0.2,0.1667,0,0,0,2,6,6,2,2,0.3,1.6667,1.6667,1.6667,1.6667,0,3,0,0,0,0,0
1887,4.25,4.25,2.5,0.7333,0.8,0.1333,0.1833,0.1333,0.2,0,2.0833,5.25,5.25,1.75,1.75,0.325,1.4167,1.4167,1.4167,1.4167,0,3.25,0,0,0,0,0
1888,4.5,4.5,3.5,0.6,0.8,0.1333,0.1667,0,0,0,1.1667,4.5,4.5,1.5,1.5,0.25,1.5,1.5,1.5,1.5,0,2.5,0,0,0,0,0
1889,4.25,4.25,3.5,0.6667,1.2,0.2,0.1833,0,0,0,1.0833,5.25,5.25,1.75,1.75,0.225,2.0833,2.0833,2.0833,2.0833,0,2.25,0,0,0,0,0
1890,2.25,2.25,5,1,2,0.3333,0.225,0.5,0.75,0,2.4167,7.25,7.25,2.4167,2.4167,0.225,2.0833,2.0833,2.0833,4.1667,0,2.25,0,0,0,0.85,0
1891,3.25,3.25,3.5,0.6667,1.2,0.2,0.15,0,0,0,2.4167,5.25,5.25,1.75,1.75,0.225,1.75,1.75,1.75,1.75,0,2.25,0,0,0,0,0
1892,0.25,0.25,3,0.6333,1,0.1667,0.15,0,0,0,0.75,2.75,2.75,0.9167,0.9167,0.025,1.9167,1.9167,1.9167,1.9167,0,0.25,0,0,0,0,0
1893,5.25,5.25,3,0.6667,0.8,0.1333,0.25,0.0667,0.1,0.725,2.0833,6.25,6.25,2.0833,2.0833,0.425,10.5,1.75,3.5,1.75,0.1313,4.25,0,0,0,0,0
1894,5.75,5.75,6.5,0.7,1.4,0.2333,0.1167,0,0,0,1.9167,6.25,6.25,2.0833,2.0833,0.275,1.75,1.75,1.75,1.75,0,2.75,0,0,0,0,0
1895,2.75,2.75,3.5,1.3,2.2,0.3,0.1833,0,0,0,1.5833,7.25,7.25,2.4167,2.4167,0.275,2.0833,2.0833,2.0833,2.0833,0.1688,4.75,0,0,0,0,0
1896,1.75,1.75,4,0.6333,1,0.1667,0.1833,0,0,0,1.5833,3.25,3.25,1.0833,1.0833,0.075,2.0833,2.0833,2.0833,2.0833,0,0.75,0,0,0,0,0
1897,4,4,3.5,1.2333,1.4,0.2333,0.2,0.8,1.2,0,1.3333,6.5,6.5,2.1667,2.1667,0.3,1.8333,1.8333,1.8333,1.8333,0,3,0,0,0,0,0
1898,3,3,6,1.3333,2.4,0.3333,0.0667,0,0,0,2.6667,7,7,2.3333,2.3333,0.2,2,2,2,2,0.175,4,0,0,0,0,0
1899,4.75,4.75,3,0.6,0.8,0.1333,0.15,0,0,0,1.5833,4.75,4.75,1.5833,1.5833,0.275,1.25,1.25,1.25,1.25,0,2.75,0,0,0,1.05,0
1900,3.25,3.25,1.5,0.6,0.8,0.1333,0.1833,0,0,0,2.0833,5.25,5.25,1.75,1.75,0.325,1.4167,1.4167,1.4167,1.4167,0,3.25,0,0,0,0,0
1901,0.25,0.25,1.5,0.6667,0.5,0.3333,0.15,0,0,0,0.75,1.25,1.25,0.4167,0.4167,0.025,1.4167,2.8333,1.4167,2.8333,0,0.25,0,0,0,0,0
1902,1,1,2.5,0.5333,0.4,0.0667,0.1333,0,0,0,1,1,1,0.3333,0.3333,0,1.3333,1.3333,1.3333,1.3333,0,0,0,0,0,0,0
1903,2.25,2.25,1.5,0.6667,1.2,0.2,0.1833,0,0,0,2.75,5.25,5.25,1.75,1.75,0.225,2.0833,2.0833,2.0833,2.0833,0,2.25,0,0,0,0,0
1904,5,5,2.5,0.6,0.8,0.1333,0.2333,0,0,0,2.6667,6,6,2,2,0.4,1.6667,1.6667,1.6667,1.6667,0,4,0,0,0,0,0
1905,3,3,4,0.9667,1.8,0.3,0.2,0.4,0.6,0,2,7.5,7.5,2.5,2.5,0.3,2.5,2.5,2.5,5,0,3,0,0,0,0,0
1906,3.5,3.5,4,0.8,1.2,0.2,0.1,0.2,0.3,0,3.1667,6.5,6.5,2.1667,2.1667,0.35,1.1667,1.1667,1.1667,1.1667,0,3.5,0,0,0,0,0
1907,4,4,4,0.7667,1.4,0.2333,0.1667,0.1,0.15,0.4,2.6667,6.5,6.5,2.1667,2.1667,0.3,11,1.8333,3.6667,1.8333,0.1,3,0,0,0,0,0
1908,2.25,2.25,1,0.7333,0.8,0.1333,0.1167,0.1333,0.2,0,1.4167,4.25,4.25,1.4167,1.4167,0.225,1.0833,1.0833,1.0833,1.0833,0,2.25,0,0,0,0,0
1909,4.75,4.75,4.5,0.7,1.4,0.2333,0.15,0,0,0,1.9167,6.25,6.25,2.0833,2.0833,0.275,1.75,1.75,1.75,1.75,0,2.75,0,0,0,0,0
1910,2.75,2.75,2.5,0.6333,1,0.1667,0.975,0,0,0.975,1.9167,5.25,5.25,1.75,1.75,0.275,1.4167,1.4167,1.4167,1.4167,0,2.75,0.45,0.3056,0.1437,0,0
1911,3.25,3.25,3.5,0.7,1.4,0.2333,1.025,0,0,1.025,1.0833,5.75,5.75,1.9167,1.9167,0.225,1.5833,1.5833,1.5833,1.5833,0,2.25,0.35,0.25,0.0813,0,0
1912,3.75,3.75,2.5,0.8,1.3,0.4667,0.1833,0,0,0,1.25,6.75,6.75,2.25,2.25,0.375,1.5833,3.1667,1.5833,3.1667,0,3.75,0,0,0,0,0
1913,4.5,4.5,3.5,0.8667,1.2,0.2,0.1667,0.3,0.45,0.55,1.1667,6.5,6.5,2.1667,2.1667,0.35,9,1.5,3,3,0.0875,3.5,0,0,0,0,0
1914,2.25,2.25,1,0.6,0.8,0.1333,0.1167,0,0,0,1.4167,4.25,4.25,1.4167,1.4167,0.225,1.0833,1.0833,1.0833,1.0833,0,2.25,0,0,0,0,0
1915,2.25,2.25,2.5,0.6667,1.2,0.2,0.15,0,0,0,1.0833,5.25,5.25,1.75,1.75,0.225,1.75,1.75,1.75,1.75,0,2.25,0,0,0,0,0
1916,3.25,3.25,2.5,0.8,1.2,0.2,0.1833,0.2,0.3,0,1.4167,5.25,5.25,1.75,1.75,0.225,2.0833,2.0833,2.0833,2.0833,0,2.25,0,0,0,0,0
1917,4.25,4.25,6.5,1,2.4,0.4,0.2167,0.4,0.6,0,3.0833,9.25,9.25,3.0833,3.0833,0.325,3.0833,3.0833,3.0833,3.0833,0,3.25,0,0,0,0,0
1918,2,2,3.5,0.8667,0.65,0.1333,0.1333,0,0,0,0.6667,1,1,0.3333,0.3333,0,1.3333,2.6667,1.3333,1.3333,0.325,2,0,0,0,0,0
1919,3,3,2.5,0.6667,1.2,0.2,0.1333,0,0,0,1,6,6,2,2,0.3,1.3333,1.3333,1.3333,1.3333,0,3,0,0,0,0,0
1920,2.25,2.25,2.5,0.7667,1.1,0.4333,0.1167,0,0,0,1.4167,4.75,4.75,1.5833,1.5833,0.225,1.25,2.5,1.25,2.5,0,2.25,0,0,0,0,0
1921,2,2,3.5,0.7667,1.8,0.3,0.1,0,0,0,2,6.5,6.5,2.1667,2.1667,0.2,1.8333,1.8333,1.8333,1.8333,0,2,0,0,0,0,0
1922,3.25,3.25,6,1.2,2.65,0.4667,0.15,0,0,0,3.0833,9.25,9.25,3.0833,3.0833,0.325,2.75,5.5,2.75,2.75,0.2562,5.25,0,0,0,0,0
1923,2.75,2.75,1.5,0.6667,1.2,0.2,0.2167,0,0,0,1.25,5.75,5.75,1.9167,1.9167,0.275,2.25,2.25,2.25,2.25,0,2.75,0,0,0,1.25,0
1924,5.75,5.75,3.5,0.6,0.8,0.1333,0.2167,0,0,0,3.25,5.75,5.75,1.9167,1.9167,0.375,1.5833,1.5833,1.5833,1.5833,0,3.75,0,0,0,0,0
1925,4,4,2.5,0.6,0.8,0.1333,0.1667,0,0,0,3,5,5,1.6667,1.6667,0.3,1.3333,1.3333,1.3333,1.3333,0,3,0,0,0,0,0
1926,2,2,1.5,1,1.45,0.2667,0.1667,0,0,0,1.6667,5,5,1.6667,1.6667,0.2,2,4,2,2,0.275,4,0,0,0,0,0
1927,3,3,1.5,0.6,0.8,0.1333,0.1667,0,0,0,2,5,5,1.6667,1.6667,0.3,1.3333,1.3333,1.3333,1.3333,0,3,0,0,0,0,0
1928,2.25,2.25,2.5,0.5333,0.4,0.0667,0.2167,0,0,0,2.0833,2.25,2.25,0.75,0.75,0.125,1.75,1.75,1.75,1.75,0,1.25,0,0,0,0,0
1929,2,2,4,0.8333,2.2,0.3667,0.1667,0,0,0,1.6667,7.5,7.5,2.5,2.5,0.2,2.8333,2.8333,2.8333,2.8333,0,2,0,0,0,0,0
1930,3.25,3.25,1.5,0.6,0.8,0.1333,0.925,0,0,0.925,2.0833,5.25,5.25,1.75,1.75,0.325,1.4167,1.4167,1.4167,1.4167,0,3.25,0.55,0.3611,0.1563,0,0
1931,2.75,2.75,2.5,0.8333,1.5,0.5,0.15,0,0,0,1.9167,6.25,6.25,2.0833,2.0833,0.275,1.75,3.5,1.75,3.5,0,2.75,0,0,0,0,0
1932,4.75,4.75,5.5,0.9,1.4,0.2333,0.375,0.3,0.45,0,2.25,7.25,7.25,2.4167,2.4167,0.375,1.4167,1.4167,1.4167,2.8333,0,3.75,0,0,0,0,0
1933,5.25,5.25,6,1.2667,2,0.2667,0.15,0,0,0,2.0833,8.25,8.25,2.75,2.75,0.425,1.75,1.75,1.75,1.75,0.1812,6.25,0,0,0,0,0
1934,2.25,2.25,2,0.6667,1.2,0.2,0.15,0,0,0,1.0833,5.25,5.25,1.75,1.75,0.225,1.4167,1.4167,1.4167,1.4167,0,2.25,0,0,0,2.35,0
1935,3.25,3.25,2.5,0.6667,1.2,0.2,0.15,0,0,0,1.4167,6.25,6.25,2.0833,2.0833,0.325,1.4167,1.4167,1.4167,1.4167,0,3.25,0,0,0,0,0
1936,5.75,5.75,5.5,0.7333,1.6,0.2667,0.2167,0,0,0,1.25,6.75,6.75,2.25,2.25,0.275,2.5833,2.5833,2.5833,2.5833,0,2.75,0,0,0,0.75,0
1937,4,4,3,0.6667,0.8,0.1333,0.6,0.0667,0.1,0.9,2,5,5,1.6667,1.6667,0.3,1.3333,1.3333,1.3333,1.3333,0.1,3,0.5,0.3333,0.15,0,0
1938,4.25,4.25,2.5,0.6,0.8,0.1333,0.1833,0,0,0,2.0833,5.25,5.25,1.75,1.75,0.325,1.4167,1.4167,1.4167,1.4167,0,3.25,0,0,0,0,0
1939,3.25,3.25,1.5,0.6,0.8,0.1333,0.1833,0,0,0,2.75,5.25,5.25,1.75,1.75,0.325,1.4167,1.4167,1.4167,1.4167,0,3.25,0,0,0,0,0
1940,4,4,6,0.8333,2.2,0.3667,0.1333,0,0,0,1.6667,8.5,8.5,2.8333,2.8333,0.3,2.1667,2.1667,2.1667,2.1667,0,3,0,0,0,0,0
1941,0.25,0.25,1.5,0.6667,0.4,0.0667,0.15,0.0667,0.1,0,0.75,1.25,1.25,0.4167,0.4167,0.025,1.4167,1.4167,1.4167,1.4167,0,0.25,0,0,0,0,0
1942,2,2,1.5,0.7333,1.2,0.2,1.1,0.1,0.15,1.4,1,5,5,1.6667,1.6667,0.2,2,2,2,2,0.1,2,0.5,0.2222,0.075,0,0
1943,3.25,3.25,6,1.1333,2.8,0.4667,0.425,0.7,1.05,0,2.75,10.25,10.25,3.4167,3.4167,0.325,3.0833,3.0833,3.0833,6.1667,0,3.25,0,0,0,1.65,0
1944,5.75,5.75,4,0.6,0.8,0.1333,0.2167,0,0,0,1.9167,5.75,5.75,1.9167,1.9167,0.375,1.5833,1.5833,1.5833,1.5833,0,3.75,0,0,0,1.45,0
1945,2,2,3,0.7,1.4,0.2333,0.1333,0,0,0,1.3333,5.5,5.5,1.8333,1.8333,0.2,1.8333,1.8333,1.8333,1.8333,0,2,0,0,0,0,0
1946,0.25,0.25,1.5,0.5333,0.4,0.0667,0.2167,0,0,0,0.75,1.25,1.25,0.4167,0.4167,0.025,1.75,1.75,1.75,1.75,0,0.25,0,0,0,1.05,0
1947,2.25,2.25,1.5,0.6667,1.2,0.2,0.1833,0,0,0,1.0833,5.25,5.25,1.75,1.75,0.225,2.0833,2.0833,2.0833,2.0833,0,2.25,0,0,0,1.75,0
1948,2.25,2.25,1.5,0.6667,1.2,0.2,0.1833,0,0,0,1.0833,5.25,5.25,1.75,1.75,0.225,2.0833,2.0833,2.0833,2.0833,0,2.25,0,0,0,0,0
1949,6.75,6.75,4.5,0.6333,1,0.1667,1.275,0,0,1.275,2.9167,7.25,7.25,2.4167,2.4167,0.475,2.0833,2.0833,2.0833,2.0833,0,4.75,0.85,0.5278,0.2188,0,0
1950,4.5,4.5,4,0.6667,1.2,0.2,0.2,0,0,0,1.8333,6.5,6.5,2.1667,2.1667,0.35,1.8333,1.8333,1.8333,1.8333,0,3.5,0,0,0,0,0
1951,5.25,5.25,5.5,0.7333,1.6,0.2667,0.1833,0,0,0,1.0833,6.25,6.25,2.0833,2.0833,0.225,2.4167,2.4167,2.4167,2.4167,0,2.25,0,0,0,0,0
1952,2.25,2.25,1.5,0.6,0.8,0.1333,0.15,0,0,0,1.75,4.25,4.25,1.4167,1.4167,0.225,1.4167,1.4167,1.4167,1.4167,0,2.25,0,0,0,0,0
1953,3.5,3.5,3.5,0.7,1.4,0.2333,0.1333,0,0,0,1.8333,6,6,2,2,0.25,1.6667,1.6667,1.6667,1.6667,0,2.5,0,0,0,0.8,0
1954,4,4,3.5,1.1667,1.4,0.1667,0.1333,0,0,0,2,5.5,5.5,1.8333,1.8333,0.3,1.5,1.5,1.5,1.5,0.2,5,0,0,0,1.5,0
1955,1.75,1.75,2.5,0.5333,0.4,0.0667,0.1833,0,0,0,0.9167,1.75,1.75,0.5833,0.5833,0.075,1.5833,1.5833,1.5833,1.5833,0,0.75,0,0,0,0,0
1956,3.5,3.5,2.5,0.6,0.8,0.1333,0.1667,0,0,0,1.1667,4.5,4.5,1.5,1.5,0.25,1.5,1.5,1.5,1.5,0,2.5,0,0,0,0,0
1957,4.25,4.25,3.5,0.9667,1.25,0.2333,0.1833,0,0,0,1.75,5.75,5.75,1.9167,1.9167,0.325,1.5833,3.1667,1.5833,1.5833,0.2813,5.25,0,0,0,0,0
1958,3,3,1.5,0.7333,0.9,0.4,0.1667,0,0,0,2,5,5,1.6667,1.6667,0.3,1.3333,2.6667,1.3333,2.6667,0,3,0,0,0,0,0
1959,4,4,6.5,0.8333,2.2,0.3667,0.1667,0,0,0,2.6667,8.5,8.5,2.8333,2.8333,0.3,2.5,2.5,2.5,2.5,0,3,0,0,0,2.1,0
1960,4.25,4.25,3.5,0.6,0.8,0.1333,0.15,0,0,0,1.75,4.25,4.25,1.4167,1.4167,0.225,1.4167,1.4167,1.4167,1.4167,0,2.25,0,0,0,0,0
1961,6.25,6.25,6.5,0.7333,1.6,0.2667,0.2167,0,0,0,1.75,7.25,7.25,2.4167,2.4167,0.325,2.4167,2.4167,2.4167,2.4167,0,3.25,0,0,0,1.45,0
1962,4.25,4.25,7.5,0.8,1.2,0.2,0.15,0.2,0.3,0,0.75,3.25,3.25,1.0833,1.0833,0.025,2.0833,2.0833,2.0833,2.0833,0,0.25,0,0,0,0,0
1963,2.25,2.25,1.5,1.2,1.2,0.2,0.1833,0.8,1.2,0,1.4167,5.25,5.25,1.75,1.75,0.225,2.0833,2.0833,2.0833,2.0833,0,2.25,0,0,0,0,0
1964,2,2,3,0.6667,1.2,0.2,0.0667,0,0,0,2.3333,5,5,1.6667,1.6667,0.2,1.3333,1.3333,1.3333,1.3333,0,2,0,0,0,1,0
1965,5,5,6.5,0.8,2,0.3333,0.1667,0,0,0,1,7,7,2.3333,2.3333,0.2,2.6667,2.6667,2.6667,2.6667,0,2,0,0,0,0,0
1966,1,1,2.5,0.5333,0.4,0.0667,0.1333,0,0,0,0.6667,1,1,0.3333,0.3333,0,1.3333,1.3333,1.3333,1.3333,0,0,0,0,0,0,0
1967,2.25,2.25,2,1.1667,1.4,0.1667,0.15,0,0,0,1.4167,4.75,4.75,1.5833,1.5833,0.225,1.5833,1.5833,1.5833,1.5833,0.1812,4.25,0,0,0,0,0
1968,4.25,4.25,4,0.8333,1,0.1667,0.125,0.2,0.3,0,1.75,4.75,4.75,1.5833,1.5833,0.225,1.5833,1.5833,1.5833,3.1667,0,2.25,0,0,0,1.25,0
1969,3,3,1.5,0.7333,0.8,0.1333,0.2,0.1333,0.2,0,1.3333,5,5,1.6667,1.6667,0.3,1.6667,1.6667,1.6667,1.6667,0,3,0,0,0,0,0
1970,5.75,5.75,3.5,0.6,0.8,0.1333,0.2167,0,0,0,2.9167,5.75,5.75,1.9167,1.9167,0.375,1.5833,1.5833,1.5833,1.5833,0,3.75,0,0,0,0,0
1971,4,4,3.5,0.6667,1.2,0.2,0.1333,0,0,0,2,6,6,2,2,0.3,1.3333,1.3333,1.3333,1.3333,0,3,0,0,0,0,0
1972,2,2,1.5,1.1333,0.8,0.1333,0.1333,0.5333,0.8,0,1,4,4,1.3333,1.3333,0.2,1.3333,1.3333,1.3333,1.3333,0,2,0,0,0,1.2,0
1973,5,5,6,1.2667,2,0.2667,0.1333,0,0,0,2,8,8,2.6667,2.6667,0.4,1.6667,1.6667,1.6667,1.6667,0.175,6,0,0,0,0,0
1974,4.5,4.5,3.5,0.6667,1.2,0.2,0.2333,0,0,0,1.1667,6.5,6.5,2.1667,2.1667,0.35,1.8333,1.8333,1.8333,1.8333,0,3.5,0,0,0,0,0
1975,2,2,2.5,0.7333,1.6,0.2667,0.1667,0,0,0,1,6,6,2,2,0.2,2.3333,2.3333,2.3333,2.3333,0,2,0,0,0,0,0
1976,1.25,1.25,1.5,0.6,0.4,0.0667,0.2167,0.0333,0.05,0.625,1.75,2.25,2.25,0.75,0.75,0.125,10.5,1.75,3.5,1.75,0.1313,1.25,0,0,0,0,0
1977,5.75,5.75,6.5,0.7333,1.6,0.2667,0.1833,0,0,0,1.5833,6.75,6.75,2.25,2.25,0.275,2.25,2.25,2.25,2.25,0,2.75,0,0,0,0,0
1978,3.25,3.25,2.5,0.7333,1.2,0.2,0.15,0.1,0.15,0.525,1.0833,6.25,6.25,2.0833,2.0833,0.325,8.5,1.4167,2.8333,1.4167,0.0563,3.25,0,0,0,0,0
1979,3.25,3.25,2.5,0.7667,1,0.1667,0.625,0.1333,0.2,0.825,2.4167,5.75,5.75,1.9167,1.9167,0.325,1.5833,1.5833,1.5833,1.5833,0,3.25,0.55,0.3611,0.1812,0,0
1980,4,4,2.5,0.7667,1,0.1667,0.2333,0.1333,0.2,0,2.6667,6.5,6.5,2.1667,2.1667,0.4,1.8333,1.8333,1.8333,1.8333,0,4,0,0,0,0,0
1981,2.25,2.25,1.5,0.6,0.8,0.1333,0.15,0,0,0,1.0833,4.25,4.25,1.4167,1.4167,0.225,1.4167,1.4167,1.4167,1.4167,0,2.25,0,0,0,0,0
1982,3.25,3.25,2.5,0.6667,1.2,0.2,0.15,0,0,0,1.0833,6.25,6.25,2.0833,2.0833,0.325,1.4167,1.4167,1.4167,1.4167,0,3.25,0,0,0,0,0
1983,3,3,2.5,0.7333,1.2,0.2,0.1333,0.1,0.15,0.5,1,6,6,2,2,0.3,8,1.3333,2.6667,1.3333,0.05,3,0,0,0,0,0
1984,3,3,1.5,0.6,0.8,0.1333,0.2,0,0,0,1.3333,5,5,1.6667,1.6667,0.3,1.6667,1.6667,1.6667,1.6667,0,3,0,0,0,0,0
1985,3.5,3.5,1.5,0.6,0.8,0.1333,0.2,0,0,0,2.1667,5.5,5.5,1.8333,1.8333,0.35,1.5,1.5,1.5,1.5,0,3.5,0,0,0,0,0
1986,3.5,3.5,2.5,0.7667,1,0.1667,0.1667,0.1333,0.2,0,2.1667,6,6,2,2,0.35,1.6667,1.6667,1.6667,1.6667,0,3.5,0,0,0,1.9,0
1987,2.25,2.25,1.5,0.6667,1.2,0.2,0.1833,0,0,0,1.0833,5.25,5.25,1.75,1.75,0.225,2.0833,2.0833,2.0833,2.0833,0,2.25,0,0,0,0,0
1988,4,4,3.5,0.6667,1.2,0.2,0.1667,0,0,0,1.3333,5,5,1.6667,1.6667,0.2,2,2,2,2,0,2,0,0,0,0,0
1989,2.75,2.75,4.5,0.9,1.8,0.3,0.1167,0.2667,0.4,0,2.5833,7.25,7.25,2.4167,2.4167,0.275,2.0833,2.0833,2.0833,2.0833,0,2.75,0,0,0,1.55,0
1990,2.75,2.75,2,0.8,0.8,0.1333,0.375,0.2,0.3,0,1.5833,4.75,4.75,1.5833,1.5833,0.275,1.25,1.25,1.25,2.5,0,2.75,0,0,0,0,0
1991,3,3,1.5,0.6,0.8,0.1333,0.1667,0,0,0,2,5,5,1.6667,1.6667,0.3,1.3333,1.3333,1.3333,1.3333,0,3,0,0,0,0,0
1992,5,5,3.5,0.6,0.8,0.1333,0.2,0,0,0,1.3333,5,5,1.6667,1.6667,0.3,1.6667,1.6667,1.6667,1.6667,0,3,0,0,0,0,0
1993,4.25,4.25,3.5,1,1.45,0.2667,0.15,0,0,0,1.0833,6.25,6.25,2.0833,2.0833,0.325,1.4167,2.8333,1.4167,1.4167,0.2562,5.25,0,0,0,0,0
1994,3.25,3.25,2.5,0.6667,1.2,0.2,0.15,0,0,0,1.0833,6.25,6.25,2.0833,2.0833,0.325,1.4167,1.4167,1.4167,1.4167,0,3.25,0,0,0,0,0
1995,2,2,1,0.6,0.8,0.1333,0.1,0,0,0,1.3333,4,4,1.3333,1.3333,0.2,1,1,1,1,0,2,0,0,0,0,0
1996,2.5,2.5,3.5,0.5333,0.4,0.0667,0.1667,0,0,0,1.5,1.5,1.5,0.5,0.5,0.05,1.5,1.5,1.5,1.5,0,0.5,0,0,0,0,0
1997,1.25,1.25,2.5,0.5333,0.4,0.0667,0.2167,0,0,0,0.75,1.25,1.25,0.4167,0.4167,0.025,1.75,1.75,1.75,1.75,0,0.25,0,0,0,0.95,0
1998,2.25,2.25,2,1.1333,1.2,0.1333,0.1167,0,0,0,1.4167,4.25,4.25,1.4167,1.4167,0.225,1.0833,1.0833,1.0833,1.0833,0.1563,4.25,0,0,0,0,0
1999,4.25,4.25,3.5,0.6667,1.2,0.2,0.25,0,0,0,1.0833,5.25,5.25,1.75,1.75,0.225,2.4167,2.4167,2.4167,2.4167,0,2.25,0,0,0,0,0
2000,3.5,3.5,5,0.7333,1.6,0.2667,0.1,0,0,0,1.8333,7.5,7.5,2.5,2.5,0.35,1.5,1.5,1.5,1.5,0,3.5,0,0,0,1.3,0
2001,2.25,2.25,6.5,0.9667,3,0.5,0.15,0,0,0,2.0833,9.75,9.75,3.25,3.25,0.225,2.9167,2.9167,2.9167,2.9167,0,2.25,0,0,0,1.15,0
2002,5.25,5.25,3.5,0.6667,0.8,0.1333,0.1833,0.0667,0.1,0.425,2.0833,5.25,5.25,1.75,1.75,0.325,8.5,1.4167,2.8333,1.4167,0.1313,3.25,0,0,0,0,0
2003,2.75,2.75,1,0.6,0.8,0.1333,0.15,0,0,0,1.5833,4.75,4.75,1.5833,1.5833,0.275,1.25,1.25,1.25,1.25,0,2.75,0,0,0,1.15,0
2004,3.25,3.25,1.5,0.6,0.8,0.1333,0.1833,0,0,0,2.0833,5.25,5.25,1.75,1.75,0.325,1.4167,1.4167,1.4167,1.4167,0,3.25,0,0,0,0,0
2005,5.25,5.25,4,1.2,1.6,0.2,0.2167,0,0,0,1.4167,6.25,6.25,2.0833,2.0833,0.325,1.75,1.75,1.75,1.75,0.2313,5.25,0,0,0,0,0
2006,3.25,3.25,3.5,0.7667,1,0.1667,0.0833,0.1333,0.2,0,1.75,5.75,5.75,1.9167,1.9167,0.325,0.9167,0.9167,0.9167,0.9167,0,3.25,0,0,0,0,0
2007,2,2,1.5,0.6667,1.2,0.2,0.1667,0,0,0,1,5,5,1.6667,1.6667,0.2,2,2,2,2,0,2,0,0,0,0,0
2008,6.25,6.25,11,1.0667,2.9,0.4667,0.0833,0,0,0,2.4167,10.25,10.25,3.4167,3.4167,0.325,2.4167,2.4167,2.4167,2.4167,0.1313,3.25,0,0,0,0,0.2813
2009,4,4,2.5,0.6333,1,0.1667,0.2333,0,0,0,3,6.5,6.5,2.1667,2.1667,0.4,1.8333,1.8333,1.8333,1.8333,0,4,0,0,0,0,0
2010,4,4,4.5,0.6333,1,0.1667,0.9,0,0,0.9,1.6667,4.5,4.5,1.5,1.5,0.2,1.1667,1.1667,1.1667,1.1667,0,2,0.3,0.2222,0.125,0,0
2011,2.25,2.25,2.5,0.8333,1.5,0.5,0.15,0,0,0,1.0833,5.75,5.75,1.9167,1.9167,0.225,1.5833,3.1667,1.5833,3.1667,0,2.25,0,0,0,0,0
2012,2.25,2.25,2.5,1.2333,1.4,0.2333,0.1167,0.8,1.2,0,1.75,5.75,5.75,1.9167,1.9167,0.225,1.5833,1.5833,1.5833,1.5833,0,2.25,0,0,0,1.05,0
2013,5.25,5.25,4.5,0.6667,1.2,0.2,0.2167,0,0,0,1.0833,6.25,6.25,2.0833,2.0833,0.325,1.75,1.75,1.75,1.75,0,3.25,0,0,0,0,0
2014,6,6,6,1.1,2.05,0.3667,0.2,0,0,0,1.6667,8.5,8.5,2.8333,2.8333,0.4,2.1667,4.3333,2.1667,2.1667,0.3,6,0,0,0,0,0
2015,6.5,6.5,8,0.8333,2.2,0.3667,0.2,0,0,0,4.1667,9,9,3,3,0.35,2.6667,2.6667,2.6667,2.6667,0,3.5,0,0,0,0,0
2016,2.5,2.5,1.5,0.6,0.8,0.1333,0.1667,0,0,0,1.1667,4.5,4.5,1.5,1.5,0.25,1.5,1.5,1.5,1.5,0,2.5,0,0,0,0,0
2017,3,3,1,0.6,0.8,0.1333,0.1667,0,0,0,1.6667,5,5,1.6667,1.6667,0.3,1.3333,1.3333,1.3333,1.3333,0,3,0,0,0,0,0
2018,2,2,1,0.6,0.8,0.1333,0.1,0,0,0,1.3333,4,4,1.3333,1.3333,0.2,1,1,1,1,0,2,0,0,0,0,0
2019,0,0,1.5,1.0667,0.4,0.0667,0.1333,0.2667,0.4,0,1,1,1,0.3333,0.3333,0,1.3333,1.3333,1.3333,1.3333,0,0,0,0,0,0,0
2020,3.25,3.25,1.5,0.7333,0.9,0.4,0.1833,0,0,0,2.0833,5.25,5.25,1.75,1.75,0.325,1.4167,2.8333,1.4167,2.8333,0,3.25,0,0,0,0,0
2021,5,5,3,0.6667,1.2,0.2,0.3,0,0,0,2.3333,8,8,2.6667,2.6667,0.5,2.3333,2.3333,2.3333,2.3333,0,5,0,0,0,0,0
2022,3.25,3.25,1.5,0.6,0.8,0.1333,0.1833,0,0,0,2.75,5.25,5.25,1.75,1.75,0.325,1.4167,1.4167,1.4167,1.4167,0,3.25,0,0,0,0,0
2023,6.25,6.25,7.5,0.7333,1.6,0.2667,0.15,0,0,0,1.0833,6.25,6.25,2.0833,2.0833,0.225,2.0833,2.0833,2.0833,2.0833,0,2.25,0,0,0,0,0
2024,0.75,0.75,1.5,0.6,0.4,0.0667,0.1833,0.0333,0.05,0.575,1.25,1.75,1.75,0.5833,0.5833,0.075,9.5,1.5833,3.1667,1.5833,0.1187,0.75,0,0,0,0,0
2025,1,1,1.5,0.5333,0.4,0.0667,0.2,0,0,0,1,2,2,0.6667,0.6667,0.1,1.6667,1.6667,1.6667,1.6667,0,1,0,0,0,0,0
2026,4.25,4.25,3,0.7667,1,0.1667,0.2167,0.1333,0.2,0,1.75,5.75,5.75,1.9167,1.9167,0.325,1.9167,1.9167,1.9167,1.9167,0,3.25,0,0,0,2.15,0
2027,0.25,0.25,3,0.9667,1.25,0.2333,0.15,0,0,0,1.0833,2.75,2.75,0.9167,0.9167,0.025,1.9167,3.8333,1.9167,1.9167,0.2813,2.25,0,0,0,0.95,0
2028,2.5,2.5,2,0.6,0.8,0.1333,0.1,0,0,0,1.8333,4.5,4.5,1.5,1.5,0.25,1.1667,1.1667,1.1667,1.1667,0,2.5,0,0,0,0,0
2029,3.25,3.25,1.5,0.6,0.8,0.1333,0.925,0,0,0.925,2.0833,5.25,5.25,1.75,1.75,0.325,1.4167,1.4167,1.4167,1.4167,0,3.25,0.55,0.3611,0.1563,0,0
2030,5,5,2.5,0.6667,0.8,0.1333,0.2333,0.0667,0.1,0.5,2.3333,6,6,2,2,0.4,10,1.6667,3.3333,1.6667,0.125,4,0,0,0,0.8,0
2031,3.25,3.25,2.5,0.6667,1.2,0.2,0.15,0,0,0,1.4167,6.25,6.25,2.0833,2.0833,0.325,1.4167,1.4167,1.4167,1.4167,0,3.25,0,0,0,1.15,0
2032,5.25,5.25,4.5,0.7,1.4,0.2333,0.2167,0,0,0,1.4167,6.75,6.75,2.25,2.25,0.325,1.9167,1.9167,1.9167,1.9167,0,3.25,0,1.0833,0.425,0,0.1563
2033,4.25,4.25,5.5,0.7,1.4,0.2333,0.625,0,0,0.825,1.75,5.75,5.75,1.9167,1.9167,0.225,1.5833,1.5833,1.5833,1.5833,0,2.25,0.35,0.25,0.1313,0,0
2034,4.25,4.25,3.5,1.2333,1.8,0.2333,0.2167,0,0,0,1.4167,6.75,6.75,2.25,2.25,0.325,1.9167,1.9167,1.9167,1.9167,0.2062,5.25,0,0,0,0,0
2035,3.25,3.25,2.5,0.7333,1.2,0.2,0.15,0.1,0.15,0.525,1.0833,6.25,6.25,2.0833,2.0833,0.325,8.5,1.4167,2.8333,1.4167,0.0563,3.25,0,0,0,0,0
2036,3.25,3.25,2.5,0.6667,1.2,0.2,0.15,0,0,0,1.0833,6.25,6.25,2.0833,2.0833,0.325,1.4167,1.4167,1.4167,1.4167,0,3.25,0,0,0,0,0
2037,2,2,1.5,0.6,0.8,0.1333,0.1333,0,0,0,1,4,4,1.3333,1.3333,0.2,1.3333,1.3333,1.3333,1.3333,0,2,0,0,0,0,0
2038,2,2,1.5,0.6667,0.8,0.1333,0.1333,0.0667,0.1,0.5,1,4,4,1.3333,1.3333,0.2,8,1.3333,2.6667,1.3333,0.075,2,0,0,0,0,0
2039,5.25,5.25,3.5,0.6,0.8,0.1333,0.1833,0,0,0,2.0833,5.25,5.25,1.75,1.75,0.325,1.4167,1.4167,1.4167,1.4167,0,3.25,0,0,0,0,0
2040,5.25,5.25,6,0.8667,1.7,0.2667,0.15,0,0,0,2.0833,8.25,8.25,2.75,2.75,0.425,1.75,1.75,1.75,1.75,0.1062,4.25,0,0,0,0,0.2562
2041,3,3,2,0.6,0.8,0.1333,0.1,0,0,0,1.3333,4,4,1.3333,1.3333,0.2,1,1,1,1,0,2,0,0,0,0,0
2042,5,5,3.5,0.6,0.8,0.1333,0.2333,0,0,0,2,5,5,1.6667,1.6667,0.3,1.6667,1.6667,1.6667,1.6667,0,3,0,0,0,0,0
2043,3.5,3.5,2.5,0.6667,1.2,0.2,0.1667,0,0,0,1.8333,6.5,6.5,2.1667,2.1667,0.35,1.5,1.5,1.5,1.5,0,3.5,0,0,0,0,0
2044,3.5,3.5,1.5,0.8,0.8,0.1333,0.25,0.2,0.3,0,2.5,5.5,5.5,1.8333,1.8333,0.35,1.8333,1.8333,1.8333,3.6667,0,3.5,0,0,0,0,0
2045,0.25,0.25,1.5,0.6,0.4,0.0667,0.15,0.0333,0.05,0.525,0.75,1.25,1.25,0.4167,0.4167,0.025,8.5,1.4167,2.8333,1.4167,0.1062,0.25,0,0,0,0,0
2046,3.25,3.25,1.5,0.6,0.8,0.1333,0.1833,0,0,0,2.0833,5.25,5.25,1.75,1.75,0.325,1.4167,1.4167,1.4167,1.4167,0,3.25,0,0,0,0.65,0
2047,2,2,1.5,0.6,0.8,0.1333,0.1333,0,0,0,1,4,4,1.3333,1.3333,0.2,1.3333,1.3333,1.3333,1.3333,0,2,0,0,0,0,0
2048,2.75,2.75,3,1.2667,2,0.2667,0.1833,0,0,0,1.25,6.75,6.75,2.25,2.25,0.275,1.9167,1.9167,1.9167,1.9167,0.1688,4.75,0,0,0,0,0
2049,4,4,3,0.6,0.8,0.1333,0.1,0,0,0,1.3333,4,4,1.3333,1.3333,0.2,1,1,1,1,0,2,0,0,0,0,0
2050,3.25,3.25,2.5,0.6667,1.2,0.2,0.15,0,0,0,1.0833,6.25,6.25,2.0833,2.0833,0.325,1.4167,1.4167,1.4167,1.4167,0,3.25,0,0,0,0,0
2051,3.75,3.75,2.5,0.6667,1.2,0.2,1.075,0,0,1.075,1.25,6.75,6.75,2.25,2.25,0.375,1.9167,1.9167,1.9167,1.9167,0,3.75,0.65,0.4167,0.0938,0,0
2052,7,7,8.5,1.1333,2.25,0.4,0.1333,0,0,0,1.3333,8,8,2.6667,2.6667,0.3,2,4,2,2,0.325,5,0,0,0,0,0
2053,2.25,2.25,1,0.6,0.8,0.1333,0.1167,0,0,0,1.4167,4.25,4.25,1.4167,1.4167,0.225,1.0833,1.0833,1.0833,1.0833,0,2.25,0,0,0,0,0
2054,6,6,7.5,0.8,2,0.3333,0.1667,0,0,0,1,7,7,2.3333,2.3333,0.2,2.6667,2.6667,2.6667,2.6667,0,2,0,0,0,0,0
2055,3,3,5.5,0.6,0.8,0.1333,0.1333,0,0,0,1.3333,2,2,0.6667,0.6667,0,1.6667,1.6667,1.6667,1.6667,0,0,0,0,0,0,0
2056,3.25,3.25,2.5,0.6,0.8,0.1333,0.15,0,0,0,1.4167,4.25,4.25,1.4167,1.4167,0.225,1.4167,1.4167,1.4167,1.4167,0,2.25,0,0,0,0,0
2057,4.25,4.25,3,1.2,1.2,0.2,0.525,0.8,1.2,0,2.4167,7.25,7.25,2.4167,2.4167,0.425,2.0833,2.0833,2.0833,2.0833,0,4.25,0,0,0,0,0
2058,5,5,4,0.7667,1.1,0.1667,0.2,0,0,0,1.6667,5.5,5.5,1.8333,1.8333,0.3,1.8333,1.8333,1.8333,1.8333,0.175,3,0,0,0,0,0.325
2059,7,7,6.5,0.7,1.4,0.2333,0.2333,0,0,0,2,7.5,7.5,2.5,2.5,0.4,2.1667,2.1667,2.1667,2.1667,0,4,0,0,0,0,0
2060,5.25,5.25,4,0.6,0.8,0.1333,1.125,0,0,1.125,1.75,5.25,5.25,1.75,1.75,0.325,1.4167,1.4167,1.4167,1.4167,0,3.25,0.55,0.3611,0.1313,0,0
2061,2.25,2.25,5,0.8,2,0.3333,0.0833,0,0,0,2.75,7.25,7.25,2.4167,2.4167,0.225,2.0833,2.0833,2.0833,2.0833,0,2.25,0,0,0,1.45,0
2062,4.25,4.25,2.5,0.6333,1,0.1667,0.25,0,0,0,2.0833,6.75,6.75,2.25,2.25,0.425,1.9167,1.9167,1.9167,1.9167,0,4.25,0,0,0,1.65,0
2063,3.25,3.25,2.5,0.9667,1.25,0.2333,0.1833,0,0,0,1.75,5.75,5.75,1.9167,1.9167,0.325,1.5833,3.1667,1.5833,1.5833,0.2562,5.25,0,0,0,0,0
2064,4,4,6.5,0.7667,1.8,0.3,0.0667,0,0,0,1.6667,7.5,7.5,2.5,2.5,0.3,1.5,1.5,1.5,1.5,0,3,0,0,0,0,0
2065,0.75,0.75,2.5,0.6,0.8,0.1333,0.1833,0,0,0,0.9167,2.75,2.75,0.9167,0.9167,0.075,1.9167,1.9167,1.9167,1.9167,0,0.75,0,0,0,1.05,0
2066,3.5,3.5,2.5,0.6333,1,0.1667,0.2,0,0,0,1.8333,6,6,2,2,0.35,1.6667,1.6667,1.6667,1.6667,0,3.5,0,0,0,0,0
2067,3,3,5,0.8333,2.2,0.3667,1,0,0,1,2.6667,8.5,8.5,2.8333,2.8333,0.3,2.1667,2.1667,2.1667,2.1667,0,3,0.4,0.3333,0.2,0,0
2068,3.75,3.75,7.5,0.9,2.6,0.4333,0.1167,0,0,0,2.9167,10.25,10.25,3.4167,3.4167,0.375,2.4167,2.4167,2.4167,2.4167,0,3.75,0,0,0,1.55,0
2069,3.75,3.75,1.5,0.9333,1.05,0.2,0.2167,0,0,0,2.25,5.75,5.75,1.9167,1.9167,0.375,1.5833,3.1667,1.5833,1.5833,0.2687,5.75,0,0,0,0,0
2070,2,2,1,0.7333,0.8,0.1333,0.1,0.1333,0.2,0,1.3333,4,4,1.3333,1.3333,0.2,1,1,1,1,0,2,0,0,0,0,0
2071,0.25,0.25,1.5,0.5333,0.4,0.0667,0.15,0,0,0,0.75,1.25,1.25,0.4167,0.4167,0.025,1.4167,1.4167,1.4167,1.4167,0,0.25,0,0,0,0,0
2072,4.5,4.5,4.5,0.6667,1.2,0.2,0.1667,0,0,0,1.5,5.5,5.5,1.8333,1.8333,0.25,1.8333,1.8333,1.8333,1.8333,0,2.5,0,0,0,1.4,0
2073,3.25,3.25,2.5,0.6333,1,0.1667,0.1833,0,0,0,2.0833,5.75,5.75,1.9167,1.9167,0.325,1.5833,1.5833,1.5833,1.5833,0,3.25,0,0,0,1.45,0
2074,3,3,2,0.6,0.8,0.1333,0.1,0,0,0,1.3333,4,4,1.3333,1.3333,0.2,1,1,1,1,0,2,0,0,0,0,0
2075,4.5,4.5,4,0.6667,1.2,0.2,0.2,0,0,0,2.5,6.5,6.5,2.1667,2.1667,0.35,1.8333,1.8333,1.8333,1.8333,0,3.5,0,0,0,1.5,0
2076,2.25,2.25,1,0.6667,0.8,0.1333,0.1167,0.0667,0.1,0.625,1.4167,4.25,4.25,1.4167,1.4167,0.225,6.5,1.0833,2.1667,1.0833,0.0563,2.25,0,0,0,0,0
2077,6.5,6.5,10,0.9,2.6,0.4333,0.1667,0,0,0,1.8333,9,9,3,3,0.25,3,3,3,3,0,2.5,0,0,0,1.4,0
2078,0.25,0.25,1.5,0.5333,0.4,0.0667,0.15,0,0,0,0.75,1.25,1.25,0.4167,0.4167,0.025,1.4167,1.4167,1.4167,1.4167,0,0.25,0,0,0,0,0
2079,3.25,3.25,2.5,1.1667,1,0.1667,0.1833,0.5333,0.8,0,1.75,5.75,5.75,1.9167,1.9167,0.325,1.5833,1.5833,1.5833,1.5833,0,3.25,0,0,0,1.25,0
2080,5,5,3.5,0.7667,1,0.1667,0.2333,0.1333,0.2,0,2,6.5,6.5,2.1667,2.1667,0.4,1.8333,1.8333,1.8333,1.8333,0,4,0,0,0,1.1,0
2081,3.25,3.25,1.5,0.6,0.8,0.1333,0.1833,0,0,0,2.4167,5.25,5.25,1.75,1.75,0.325,1.4167,1.4167,1.4167,1.4167,0,3.25,0,0,0,0,0
2082,2.75,2.75,3.5,0.8333,1.4,0.2333,0.15,0.2,0.3,0,1.9167,6.25,6.25,2.0833,2.0833,0.275,1.75,1.75,1.75,1.75,0,2.75,0,0,0,1.35,0
2083,0.75,0.75,1.5,0.5333,0.4,0.0667,0.1833,0,0,0,0.9167,1.75,1.75,0.5833,0.5833,0.075,1.5833,1.5833,1.5833,1.5833,0,0.75,0,0,0,0,0
2084,2.25,2.25,1.5,0.6667,1.2,0.2,0.1833,0,0,0,1.0833,5.25,5.25,1.75,1.75,0.225,2.0833,2.0833,2.0833,2.0833,0,2.25,0,0,0,1.25,0
2085,3.5,3.5,5.5,1.1333,0.8,0.1333,0.1667,0.5333,0.8,0,0.8333,2.5,2.5,0.8333,0.8333,0.05,1.8333,1.8333,1.8333,1.8333,0,0.5,0,0,0,0,0
2086,4,4,2.5,0.7333,0.9,0.4,0.1667,0,0,0,2,5,5,1.6667,1.6667,0.3,1.3333,2.6667,1.3333,2.6667,0,3,0,0,0,0,0
2087,1,1,1.5,0.5333,0.4,0.0667,0.2,0,0,0,1,2,2,0.6667,0.6667,0.1,1.6667,1.6667,1.6667,1.6667,0,1,0,0,0,0,0
2088,2.5,2.5,2.5,0.7667,1.1,0.1667,0.1333,0,0,0,1.5,5,5,1.6667,1.6667,0.25,1.3333,1.3333,1.3333,1.3333,0.0875,2.5,0,0,0,1.3,0.2375
2089,3.25,3.25,2.5,0.6667,1.2,0.2,0.15,0,0,0,1.0833,6.25,6.25,2.0833,2.0833,0.325,1.4167,1.4167,1.4167,1.4167,0,3.25,0,0,0,0,0
2090,3,3,2.5,0.6667,1.2,0.2,0.1333,0,0,0,1,6,6,2,2,0.3,1.3333,1.3333,1.3333,1.3333,0,3,0,0,0,0,0
2091,3.75,3.75,1.5,1.1333,0.8,0.1333,0.2167,0.5333,0.8,0,2.25,5.75,5.75,1.9167,1.9167,0.375,1.5833,1.5833,1.5833,1.5833,0,3.75,0,0,0,0,0
2092,6.25,6.25,5.5,0.6667,1.2,0.2,0.1833,0,0,0,2.0833,6.25,6.25,2.0833,2.0833,0.325,1.75,1.75,1.75,1.75,0,3.25,0,0,0,0,0
2093,3.75,3.75,2.5,0.8,1.2,0.2,0.1833,0.2,0.3,0,1.25,6.75,6.75,2.25,2.25,0.375,1.5833,1.5833,1.5833,1.5833,0,3.75,0,0,0,0,0
2094,1,1,1.5,0.5333,0.4,0.0667,0.2,0,0,0,1,2,2,0.6667,0.6667,0.1,1.6667,1.6667,1.6667,1.6667,0,1,0,0,0,0,0
2095,2,2,1,0.9333,1.05,0.2,0.1,0,0,0,1.3333,4,4,1.3333,1.3333,0.2,1,2,1,1,0.225,4,0,0,0,1.5,0
2096,2.25,2.25,2,0.6333,1,0.1667,0.15,0,0,0,1.4167,4.75,4.75,1.5833,1.5833,0.225,1.5833,1.5833,1.5833,1.5833,0,2.25,0,0,0,1.35,0
2097,3.25,3.25,2.5,1,1.45,0.2667,0.15,0,0,0,1.0833,6.25,6.25,2.0833,2.0833,0.325,1.4167,2.8333,1.4167,1.4167,0.2313,5.25,0,0,0,0,0
2098,3.75,3.75,5.5,0.9667,1.8,0.3,0.375,0.4,0.6,0,2.25,8.25,8.25,2.75,2.75,0.375,1.75,1.75,1.75,3.5,0,3.75,0,0,0,0,0
2099,3,3,2.5,0.6667,1.2,0.2,0.1333,0,0,0,1,6,6,2,2,0.3,1.3333,1.3333,1.3333,1.3333,0,3,0,0,0,0,0
2100,1,1,2.5,0.5333,0.4,0.0667,0.1333,0,0,0,0.6667,1,1,0.3333,0.3333,0,1.3333,1.3333,1.3333,1.3333,0,0,0,0,0,0,0
2101,3,3,2.5,0.8,0.9,0.4,0.1333,0.1333,0.2,0.5,1.3333,4,4,1.3333,1.3333,0.2,8,2.6667,2.6667,2.6667,0.1,2,0,0,0,0,0
2102,3,3,1.5,0.6,0.8,0.1333,0.1667,0,0,0,2,5,5,1.6667,1.6667,0.3,1.3333,1.3333,1.3333,1.3333,0,3,0,0,0,0,0
2103,5,5,5,0.6667,1.2,0.2,0.1333,0,0,0,2.3333,7,7,2.3333,2.3333,0.4,1.3333,1.3333,1.3333,1.3333,0,4,0,1.3333,0.7,0,0.1
2104,2.25,2.25,2,0.8,0.8,0.1333,0.725,0.2,0.3,0.825,1.4167,4.25,4.25,1.4167,1.4167,0.225,1.0833,1.0833,1.0833,2.1667,0,2.25,0.35,0.25,0.1062,0,0
2105,4.75,4.75,4.5,0.7667,1.1,0.1667,0.1167,0,0,0,1.5833,6.25,6.25,2.0833,2.0833,0.375,1.0833,1.0833,1.0833,1.0833,0.0938,3.75,0,0,0,0,0.2437
2106,3,3,2.5,0.6667,1.2,0.2,0.1667,0,0,0,1,5,5,1.6667,1.6667,0.2,2,2,2,2,0,2,0,0,0,0,0
2107,3,3,2.5,0.6,0.8,0.1333,0.1333,0,0,0,1,4,4,1.3333,1.3333,0.2,1.3333,1.3333,1.3333,1.3333,0,2,0,0,0,0,0
2108,4.25,4.25,4.5,0.8333,1.4,0.2333,0.15,0.2,0.3,0,1.0833,5.75,5.75,1.9167,1.9167,0.225,1.5833,1.5833,1.5833,1.5833,0,2.25,0,0.75,0.325,0,0.1313
2109,2.75,2.75,1,0.6667,0.8,0.1333,0.15,0.0667,0.1,0.675,1.5833,4.75,4.75,1.5833,1.5833,0.275,7.5,1.25,2.5,1.25,0.0688,2.75,0,0,0,0,0
2110,4.25,4.25,1.5,0.7333,0.8,0.1333,0.25,0.1333,0.2,0,3.0833,6.25,6.25,2.0833,2.0833,0.425,1.75,1.75,1.75,1.75,0,4.25,0,0,0,0,0
2111,3.25,3.25,1.5,0.6,0.8,0.1333,0.1833,0,0,0,2.75,5.25,5.25,1.75,1.75,0.325,1.4167,1.4167,1.4167,1.4167,0,3.25,0,0,0,0,0
2112,2.25,2.25,2,0.6,0.8,0.1333,0.1167,0,0,0,1.4167,4.25,4.25,1.4167,1.4167,0.225,1.0833,1.0833,1.0833,1.0833,0,2.25,0,0,0,1.15,0
2113,3.75,3.75,3,1.1333,1.2,0.1333,0.1167,0,0,0,1.5833,5.75,5.75,1.9167,1.9167,0.375,0.9167,0.9167,0.9167,0.9167,0.1437,5.75,0,0,0,0,0
2114,4,4,1.5,0.6,0.8,0.1333,0.2333,0,0,0,2.3333,6,6,2,2,0.4,1.6667,1.6667,1.6667,1.6667,0,4,0,0,0,0,0
2115,4,4,2.5,0.8,1.3,0.4667,0.2,0,0,0,1.3333,7,7,2.3333,2.3333,0.4,1.6667,3.3333,1.6667,3.3333,0,4,0,0,0,0,0
2116,6.25,6.25,5.5,0.7,1.4,0.2333,0.25,0,0,0,2.75,7.75,7.75,2.5833,2.5833,0.425,2.25,2.25,2.25,2.25,0,4.25,0,0,0,1.35,0
2117,3.5,3.5,2.5,0.6,0.8,0.1333,0.1667,0,0,0,1.1667,4.5,4.5,1.5,1.5,0.25,1.5,1.5,1.5,1.5,0,2.5,0,0,0,1,0
2118,5,5,4,0.8,0.8,0.1333,0.4,0.2,0.3,0,3.6667,6,6,2,2,0.4,1,1,1,2,0,4,0,0,0,0,0
2119,2.25,2.25,1.5,0.6667,1.2,0.2,0.1833,0,0,0,1.4167,5.25,5.25,1.75,1.75,0.225,2.0833,2.0833,2.0833,2.0833,0,2.25,0,0,0,0,0
2120,1,1,1.5,0.5333,0.4,0.0667,0.2,0,0,0,1.3333,2,2,0.6667,0.6667,0.1,1.6667,1.6667,1.6667,1.6667,0,1,0,0,0,0,0
2121,1,1,1.5,0.5333,0.4,0.0667,0.2,0,0,0,1,2,2,0.6667,0.6667,0.1,1.6667,1.6667,1.6667,1.6667,0,1,0,0,0,1.1,0
2122,3.5,3.5,3.5,0.7667,1,0.1667,0.1,0.1333,0.2,0,1.5,6,6,2,2,0.35,1,1,1,1,0,3.5,0,0,0,1.1,0
2123,3.25,3.25,6,0.9333,2.8,0.4667,0.2167,0,0,0,3.75,10.25,10.25,3.4167,3.4167,0.325,3.0833,3.0833,3.0833,3.0833,0,3.25,0,0,0,0,0
2124,3.75,3.75,2.5,1,1.45,0.2667,0.1833,0,0,0,1.25,6.75,6.75,2.25,2.25,0.375,1.5833,3.1667,1.5833,1.5833,0.2437,5.75,0,0,0,1.55,0
2125,2.25,2.25,3.5,1.3,2.2,0.3,0.15,0,0,0,1.4167,6.75,6.75,2.25,2.25,0.225,1.9167,1.9167,1.9167,1.9167,0.1563,4.25,0,0,0,0,0
2126,2.75,2.75,1,0.6,0.8,0.1333,0.15,0,0,0,2.25,4.75,4.75,1.5833,1.5833,0.275,1.25,1.25,1.25,1.25,0,2.75,0,0,0,0,0
2127,0.25,0.25,4,0.7,1.4,0.2333,0.15,0,0,0,1.4167,3.75,3.75,1.25,1.25,0.025,2.25,2.25,2.25,2.25,0,0.25,0,0,0,0,0
2128,2,2,1.5,0.7333,1.2,0.2,0.1667,0.1,0.15,0.6,1,5,5,1.6667,1.6667,0.2,12,2,4,2,0.1,2,0,0,0,0,0
2129,4,4,3.5,0.6667,1.2,0.2,0.1333,0,0,0,1,6,6,2,2,0.3,1.3333,1.3333,1.3333,1.3333,0,3,0,0,0,0,0
2130,3,3,2.5,0.6667,1.2,0.2,0.1333,0,0,0,1,6,6,2,2,0.3,1.3333,1.3333,1.3333,1.3333,0,3,0,0,0,0,0
2131,5,5,3.5,0.6,0.8,0.1333,0.2,0,0,0,1.3333,5,5,1.6667,1.6667,0.3,1.6667,1.6667,1.6667,1.6667,0,3,0,0,0,0,0
2132,0.25,0.25,1.5,0.5333,0.4,0.0667,0.15,0,0,0,0.75,1.25,1.25,0.4167,0.4167,0.025,1.4167,1.4167,1.4167,1.4167,0,0.25,0,0,0,0,0
2133,2.75,2.75,1,0.6,0.8,0.1333,0.15,0,0,0,1.5833,4.75,4.75,1.5833,1.5833,0.275,1.25,1.25,1.25,1.25,0,2.75,0,0,0,0,0
2134,2.25,2.25,3.5,0.5333,0.4,0.0667,0.15,0,0,0,2.4167,1.25,1.25,0.4167,0.4167,0.025,1.4167,1.4167,1.4167,1.4167,0,0.25,0,0,0,0,0
2135,3,3,2.5,0.6,0.8,0.1333,0.1333,0,0,0,1,4,4,1.3333,1.3333,0.2,1.3333,1.3333,1.3333,1.3333,0,2,0,0,0,0,0
2136,2.25,2.25,1.5,0.6667,1.2,0.2,0.1833,0,0,0,1.0833,5.25,5.25,1.75,1.75,0.225,2.0833,2.0833,2.0833,2.0833,0,2.25,0,0,0,0.65,0
2137,3.25,3.25,3,0.8,1.3,0.4667,0.15,0,0,0,2.0833,6.25,6.25,2.0833,2.0833,0.325,1.75,3.5,1.75,3.5,0,3.25,0,0,0,0,0
2138,2.75,2.75,1.5,0.6,0.8,0.1333,0.1833,0,0,0,1.5833,4.75,4.75,1.5833,1.5833,0.275,1.5833,1.5833,1.5833,1.5833,0,2.75,0,0,0,0,0
2139,3.5,3.5,1.5,0.6,0.8,0.1333,0.2,0,0,0,2.1667,5.5,5.5,1.8333,1.8333,0.35,1.5,1.5,1.5,1.5,0,3.5,0,0,0,0,0
2140,5,5,4.5,0.9667,1.25,0.2333,0.1333,0,0,0,1.6667,6.5,6.5,2.1667,2.1667,0.4,1.1667,2.3333,1.1667,1.1667,0.25,6,0,0,0,0,0
2141,3.75,3.75,1.5,0.6,0.8,0.1333,0.2167,0,0,0,2.25,5.75,5.75,1.9167,1.9167,0.375,1.5833,1.5833,1.5833,1.5833,0,3.75,0,0,0,0,0
2142,5,5,6,0.8,1.3,0.2,0.0667,0,0,0,1.6667,5,5,1.6667,1.6667,0.2,1.3333,1.3333,1.3333,1.3333,0.15,2,0,0,0,0,0.3
2143,5.5,5.5,6,0.7667,1.8,0.3,0.1667,0,0,0,1.5,8,8,2.6667,2.6667,0.35,2,2,2,2,0,3.5,0,0,0,0,0
2144,0,0,1.5,0.6,0.4,0.0667,0.1333,0.0333,0.05,0.5,0.6667,1,1,0.3333,0.3333,0,8,1.3333,2.6667,1.3333,0.1,0,0,0,0,0.9,0
2145,3.75,3.75,2,0.6,0.8,0.1333,0.2167,0,0,0,2.5833,5.75,5.75,1.9167,1.9167,0.375,1.5833,1.5833,1.5833,1.5833,0,3.75,0,1.25,0.775,0,0.1187
2146,2.75,2.75,1,0.6,0.8,0.1333,0.15,0,0,0,1.5833,4.75,4.75,1.5833,1.5833,0.275,1.25,1.25,1.25,1.25,0,2.75,0,0,0,0,0
2147,4.25,4.25,4.5,0.6333,1,0.1667,0.0833,0,0,0,1.4167,5.75,5.75,1.9167,1.9167,0.325,0.9167,0.9167,0.9167,0.9167,0,3.25,0,0,0,0,0
2148,3,3,2.5,0.6667,1.2,0.2,1,0,0,1,1,6,6,2,2,0.3,1.3333,1.3333,1.3333,1.3333,0,3,0.4,0.3333,0.075,0,0
2149,3.25,3.25,3,1.1667,1.4,0.1667,0.15,0,0,0,1.4167,4.75,4.75,1.5833,1.5833,0.225,1.5833,1.5833,1.5833,1.5833,0.2062,4.25,0,0,0,1.35,0
2150,7,7,8.5,0.9667,1.8,0.3,0.4,0.4,0.6,0,2,7.5,7.5,2.5,2.5,0.3,2.1667,2.1667,2.1667,4.3333,0,3,0,0,0,1.3,0
2151,3,3,2.5,0.8,1.2,0.2,0.1333,0.2,0.3,0,1,6,6,2,2,0.3,1.3333,1.3333,1.3333,1.3333,0,3,0,0,0,0,0
2152,1,1,1.5,0.5333,0.4,0.0667,0.2,0,0,0,1,2,2,0.6667,0.6667,0.1,1.6667,1.6667,1.6667,1.6667,0,1,0,0,0,0,0
2153,5.25,5.25,5.5,1.1667,1.4,0.1667,0.0833,0,0,0,1.4167,5.75,5.75,1.9167,1.9167,0.325,0.9167,0.9167,0.9167,0.9167,0.1812,5.25,0,0,0,0,0
2154,6,6,6.5,0.7333,1.6,0.2667,0.1333,0,0,0,1,7,7,2.3333,2.3333,0.3,1.6667,1.6667,1.6667,1.6667,0,3,0,0,0,0,0
2155,2.25,2.25,1,0.6,0.8,0.1333,0.1167,0,0,0,1.4167,4.25,4.25,1.4167,1.4167,0.225,1.0833,1.0833,1.0833,1.0833,0,2.25,0,0,0,0,0
2156,4.5,4.5,4,0.6333,1,0.1667,0.1667,0,0,0,1.8333,5,5,1.6667,1.6667,0.25,1.6667,1.6667,1.6667,1.6667,0,2.5,0,0.8333,0.55,0,0.1625
2157,4.25,4.25,2.5,0.6,0.8,0.1333,0.1833,0,0,0,2.0833,5.25,5.25,1.75,1.75,0.325,1.4167,1.4167,1.4167,1.4167,0,3.25,0,0,0,0,0
2158,5.25,5.25,7,0.7333,1.6,0.2667,0.1167,0,0,0,1.4167,6.25,6.25,2.0833,2.0833,0.225,1.75,1.75,1.75,1.75,0,2.25,0,0,0,1.25,0
2159,3.25,3.25,2.5,0.6333,1,0.1667,0.1833,0,0,0,1.75,5.75,5.75,1.9167,1.9167,0.325,1.5833,1.5833,1.5833,1.5833,0,3.25,0,0,0,1.15,0
2160,2,2,1.5,0.6667,0.8,0.1333,0.1333,0.0667,0.1,0.5,1,4,4,1.3333,1.3333,0.2,8,1.3333,2.6667,1.3333,0.075,2,0,0,0,0,0
2161,2.75,2.75,1,0.6,0.8,0.1333,0.15,0,0,0,1.5833,4.75,4.75,1.5833,1.5833,0.275,1.25,1.25,1.25,1.25,0,2.75,0,0,0,0,0
2162,2,2,4,0.7667,1.8,0.3,0.1333,0,0,0,2,6.5,6.5,2.1667,2.1667,0.2,2.1667,2.1667,2.1667,2.1667,0,2,0,0,0,0,0
2163,3.5,3.5,2,0.7333,1.2,0.2,0.2333,0.1,0.15,0.45,1.5,6.5,6.5,2.1667,2.1667,0.35,1.8333,1.8333,1.8333,1.8333,0.0875,3.5,0,0,0,1.4,0
2164,1.25,1.25,2.5,0.5333,0.4,0.0667,0.15,0,0,0,1.0833,1.25,1.25,0.4167,0.4167,0.025,1.4167,1.4167,1.4167,1.4167,0,0.25,0,0,0,1.15,0
2165,2,2,1,0.6667,0.8,0.1333,0.1667,0.0667,0.1,0.6,1.3333,4,4,1.3333,1.3333,0.2,8,1.3333,2.6667,1.3333,0.075,2,0,0,0,0,0
2166,2.75,2.75,1.5,1.1333,0.8,0.1333,0.1833,0.5333,0.8,0,1.25,4.75,4.75,1.5833,1.5833,0.275,1.5833,1.5833,1.5833,1.5833,0,2.75,0,0,0,0,0
2167,2,2,1.5,0.7333,0.8,0.1333,0.1333,0.1333,0.2,0,1,4,4,1.3333,1.3333,0.2,1.3333,1.3333,1.3333,1.3333,0,2,0,0,0,0,0
2168,5,5,3.5,0.6,0.8,0.1333,0.1667,0,0,0,2.6667,5,5,1.6667,1.6667,0.3,1.3333,1.3333,1.3333,1.3333,0,3,0,0,0,0.6,0
2169,6,6,5,0.6667,0.8,0.1333,0.1333,0.0667,0.1,0.6,1.6667,6,6,2,2,0.4,6,1,2,1,0.1,4,0,0,0,0,0
2170,2.75,2.75,1.5,0.6667,1.2,0.2,0.2167,0,0,0,1.5833,5.75,5.75,1.9167,1.9167,0.275,2.25,2.25,2.25,2.25,0,2.75,0,0,0,0,0
2171,3.25,3.25,3,1.1333,1.2,0.1333,0.0833,0,0,0,1.4167,5.25,5.25,1.75,1.75,0.325,0.75,0.75,0.75,0.75,0.1313,5.25,0,0,0,0,0
2172,3,3,1.5,0.6667,1.2,0.2,0.2333,0,0,0,1.6667,6,6,2,2,0.3,2.3333,2.3333,2.3333,2.3333,0,3,0,0,0,0,0
2173,0.75,0.75,3,0.6333,1,0.1667,0.1833,0,0,0,2.25,3.25,3.25,1.0833,1.0833,0.075,2.0833,2.0833,2.0833,2.0833,0,0.75,0,0,0,0,0
2174,2.25,2.25,1.5,1.1333,0.8,0.1333,0.15,0.5333,0.8,0,1.0833,4.25,4.25,1.4167,1.4167,0.225,1.4167,1.4167,1.4167,1.4167,0,2.25,0,0,0,0,0
2175,2.25,2.25,1.5,0.6,0.8,0.1333,0.15,0,0,0,1.0833,4.25,4.25,1.4167,1.4167,0.225,1.4167,1.4167,1.4167,1.4167,0,2.25,0,0,0,0,0
2176,4.5,4.5,2.5,0.6667,0.8,0.1333,0.2,0.0667,0.1,0.45,2.1667,5.5,5.5,1.8333,1.8333,0.35,9,1.5,3,1.5,0.1125,3.5,0,0,0,0,0
2177,3.25,3.25,2.5,0.6667,1.2,0.2,0.15,0,0,0,1.0833,6.25,6.25,2.0833,2.0833,0.325,1.4167,1.4167,1.4167,1.4167,0,3.25,0,0,0,0,0
2178,2.5,2.5,1,0.6,0.8,0.1333,0.1333,0,0,0,1.8333,4.5,4.5,1.5,1.5,0.25,1.1667,1.1667,1.1667,1.1667,0,2.5,0,0,0,1.5,0
2179,4,4,3.5,0.7333,1.2,0.2,0.1333,0.1,0.15,0.5,1,6,6,2,2,0.3,8,1.3333,2.6667,1.3333,0.075,3,0,0,0,0,0
2180,5,5,5.5,0.7333,1.6,0.2667,0.1667,0,0,0,1,6,6,2,2,0.2,2.3333,2.3333,2.3333,2.3333,0,2,0,0,0,0,0
2181,4.75,4.75,5,0.7667,1.8,0.3,0.2167,0,0,0,1.25,7.25,7.25,2.4167,2.4167,0.275,2.75,2.75,2.75,2.75,0,2.75,0,0,0,0,0
2182,3.5,3.5,4.5,1.3333,2,0.3333,0.2333,1.3333,2,0,3.1667,8.5,8.5,2.8333,2.8333,0.35,2.8333,2.8333,2.8333,2.8333,0,3.5,0,0,0,0,0
2183,6,6,6,0.8,1.3,0.2,0.1667,0,0,0,1.6667,6,6,2,2,0.3,1.6667,1.6667,1.6667,1.6667,0.175,3,0,0,0,0,0.325
2184,4.25,4.25,3.5,1,1.45,0.2667,0.1833,0,0,0,1.4167,5.25,5.25,1.75,1.75,0.225,2.0833,4.1667,2.0833,2.0833,0.3312,4.25,0,0,0,1.35,0
2185,2.25,2.25,2.5,1.1667,1,0.1667,0.325,0.5333,0.8,0,2.0833,4.75,4.75,1.5833,1.5833,0.225,1.25,1.25,1.25,1.25,0,2.25,0,0,0,0,0
2186,2.75,2.75,1,0.6,0.8,0.1333,0.15,0,0,0,2.25,4.75,4.75,1.5833,1.5833,0.275,1.25,1.25,1.25,1.25,0,2.75,0,0,0,0,0
2187,2.75,2.75,4,0.7333,1.6,0.2667,0.1167,0,0,0,2.25,6.75,6.75,2.25,2.25,0.275,1.9167,1.9167,1.9167,1.9167,0,2.75,0,0,0,1.35,0
2188,4.75,4.75,5.5,0.9,1.4,0.2333,0.375,0.3,0.45,0,2.9167,7.25,7.25,2.4167,2.4167,0.375,1.4167,1.4167,1.4167,2.8333,0,3.75,0,0,0,0,0
2189,2.25,2.25,1.5,0.6,0.8,0.1333,0.15,0,0,0,1.0833,4.25,4.25,1.4167,1.4167,0.225,1.4167,1.4167,1.4167,1.4167,0,2.25,0,0,0,0,0
2190,3.5,3.5,1.5,0.7333,0.9,0.4,0.2,0,0,0,2.1667,5.5,5.5,1.8333,1.8333,0.35,1.5,3,1.5,3,0,3.5,0,0,0,0,0
2191,6.25,6.25,4.5,0.6667,1.2,0.2,0.2167,0,0,0,1.4167,7.25,7.25,2.4167,2.4167,0.425,1.75,1.75,1.75,1.75,0,4.25,0,0,0,1.15,0
2192,4.5,4.5,3.5,1.1333,0.8,0.1333,0.1667,0.5333,0.8,0,1.1667,4.5,4.5,1.5,1.5,0.25,1.5,1.5,1.5,1.5,0,2.5,0,0,0,0,0
2193,3.25,3.25,2.5,0.7667,1,0.1667,0.1833,0.1333,0.2,0,1.75,5.75,5.75,1.9167,1.9167,0.325,1.5833,1.5833,1.5833,1.5833,0,3.25,0,0,0,2.05,0
2194,3.25,3.25,4,0.7667,1.8,0.3,0.15,0,0,0,2.0833,7.75,7.75,2.5833,2.5833,0.325,1.9167,1.9167,1.9167,1.9167,0,3.25,0,0,0,0,0
2195,3.25,3.25,2.5,1.1667,1,0.1667,0.1833,0.5333,0.8,0,1.75,5.75,5.75,1.9167,1.9167,0.325,1.5833,1.5833,1.5833,1.5833,0,3.25,0,0,0,0,0
2196,2,2,2.5,0.6667,1.2,0.2,0.1333,0,0,0,1,5,5,1.6667,1.6667,0.2,1.6667,1.6667,1.6667,1.6667,0,2,0,0,0,1.2,0
2197,4,4,2.5,1,1.45,0.2667,0.2,0,0,0,1.3333,7,7,2.3333,2.3333,0.4,1.6667,3.3333,1.6667,1.6667,0.25,6,0,0,0,0,0
2198,3,3,1.5,0.6,0.8,0.1333,0.1667,0,0,0,2.3333,5,5,1.6667,1.6667,0.3,1.3333,1.3333,1.3333,1.3333,0,3,0,0,0,1.3,0
2199,2.5,2.5,1.5,0.9333,1.05,0.2,0.1667,0,0,0,1.1667,4.5,4.5,1.5,1.5,0.25,1.5,3,1.5,1.5,0.2625,4.5,0,0,0,0.8,0
2200,4,4,2.5,0.8,1.3,0.4667,0.2333,0,0,0,1.3333,6,6,2,2,0.3,2.3333,4.6667,2.3333,4.6667,0,3,0,0,0,0,0
2201,2.75,2.75,3.5,0.5333,0.4,0.0667,0.1833,0,0,0,0.9167,1.75,1.75,0.5833,0.5833,0.075,1.5833,1.5833,1.5833,1.5833,0,0.75,0,0,0,0.55,0
2202,2,2,2.5,0.6667,1.2,0.2,0.1333,0,0,0,1,5,5,1.6667,1.6667,0.2,1.6667,1.6667,1.6667,1.6667,0,2,0,0,0,0,0
2203,2.75,2.75,2.5,1.0333,1.65,0.3,0.1833,0,0,0,1.25,6.25,6.25,2.0833,2.0833,0.275,1.75,3.5,1.75,1.75,0.2437,4.75,0,0,0,0,0
2204,3,3,1.5,0.6,0.8,0.1333,0.1667,0,0,0,2,5,5,1.6667,1.6667,0.3,1.3333,1.3333,1.3333,1.3333,0,3,0,0,0,0,0
2205,3,3,2.5,0.7333,1.2,0.2,0.1667,0.1,0.15,0.6,1,5,5,1.6667,1.6667,0.2,12,2,4,2,0.125,2,0,0,0,0,0
2206,3.75,3.75,2.5,0.6667,1.2,0.2,0.1833,0,0,0,1.5833,6.75,6.75,2.25,2.25,0.375,1.5833,1.5833,1.5833,1.5833,0,3.75,0,0,0,1.55,0
2207,2.25,2.25,1.5,1.2,1.2,0.2,0.1833,0.8,1.2,0,1.0833,5.25,5.25,1.75,1.75,0.225,2.0833,2.0833,2.0833,2.0833,0,2.25,0,0,0,0,0
2208,5.25,5.25,5.5,0.8667,1.6,0.2667,0.2167,0.2667,0.4,0,2.75,7.25,7.25,2.4167,2.4167,0.325,2.4167,2.4167,2.4167,2.4167,0,3.25,0,0,0,0,0
2209,2.75,2.75,3.5,0.5333,0.4,0.0667,0.1833,0,0,0,0.9167,1.75,1.75,0.5833,0.5833,0.075,1.5833,1.5833,1.5833,1.5833,0,0.75,0,0,0,0,0
2210,3.25,3.25,2.5,0.6,0.8,0.1333,1.025,0,0,1.025,1.0833,4.25,4.25,1.4167,1.4167,0.225,1.4167,1.4167,1.4167,1.4167,0,2.25,0.45,0.25,0.0813,0,0
2211,3,3,1.5,0.6,0.8,0.1333,0.1667,0,0,0,2,5,5,1.6667,1.6667,0.3,1.3333,1.3333,1.3333,1.3333,0,3,0,0,0,0.8,0
2212,3.5,3.5,2.5,0.6667,1.2,0.2,0.2,0,0,0,2.1667,5.5,5.5,1.8333,1.8333,0.25,2.1667,2.1667,2.1667,2.1667,0,2.5,0,0,0,0,0
2213,3,3,2,0.6,0.8,0.1333,0.1667,0,0,0,2,5,5,1.6667,1.6667,0.3,1.3333,1.3333,1.3333,1.3333,0,3,0,0,0,1.5,0
2214,3.25,3.25,2,0.7333,0.9,0.4,0.1167,0,0,0,1.75,4.25,4.25,1.4167,1.4167,0.225,1.0833,2.1667,1.0833,2.1667,0,2.25,0,0,0,0,0
2215,2.5,2.5,1,0.6,0.8,0.1333,0.1333,0,0,0,1.5,4.5,4.5,1.5,1.5,0.25,1.1667,1.1667,1.1667,1.1667,0,2.5,0,0,0,0,0
2216,0.25,0.25,1.5,0.5333,0.4,0.0667,0.15,0,0,0,0.75,1.25,1.25,0.4167,0.4167,0.025,1.4167,1.4167,1.4167,1.4167,0,0.25,0,0,0,0,0
2217,3,3,1.5,0.6,0.8,0.1333,0.2,0,0,0,1.3333,5,5,1.6667,1.6667,0.3,1.6667,1.6667,1.6667,1.6667,0,3,0,0,0,0.9,0
2218,3.25,3.25,4,0.8,1.3,0.2,0.0833,0,0,0,1.4167,6.25,6.25,2.0833,2.0833,0.325,1.0833,1.0833,1.0833,1.0833,0.0563,3.25,0,0,0,1.35,0.2062
2219,1.5,1.5,2.5,0.5333,0.4,0.0667,0.1667,0,0,0,0.8333,1.5,1.5,0.5,0.5,0.05,1.5,1.5,1.5,1.5,0,0.5,0,0,0,0,0
2220,3.25,3.25,2,0.8,0.8,0.1333,0.425,0.2,0.3,0,1.75,5.25,5.25,1.75,1.75,0.325,1.4167,1.4167,1.4167,2.8333,0,3.25,0,0,0,1.25,0
2221,0.75,0.75,4,0.8333,1.4,0.2333,0.1833,0.2,0.3,0,1.5833,4.25,4.25,1.4167,1.4167,0.075,2.4167,2.4167,2.4167,2.4167,0,0.75,0,0,0,0,0
2222,3,3,1.5,0.6667,1.2,0.2,0.2333,0,0,0,1.3333,6,6,2,2,0.3,2.3333,2.3333,2.3333,2.3333,0,3,0,0,0,0,0
2223,0,0,1.5,0.5333,0.4,0.0667,0.1333,0,0,0,1.6667,1,1,0.3333,0.3333,0,1.3333,1.3333,1.3333,1.3333,0,0,0,0,0,0,0
2224,0.25,0.25,1.5,0.5333,0.4,0.0667,0.2167,0,0,0,0.75,1.25,1.25,0.4167,0.4167,0.025,1.75,1.75,1.75,1.75,0,0.25,0,0,0,0,0
2225,2.25,2.25,1,0.6,0.8,0.1333,0.1167,0,0,0,1.4167,4.25,4.25,1.4167,1.4167,0.225,1.0833,1.0833,1.0833,1.0833,0,2.25,0,0,0,0,0
2226,3.25,3.25,4,0.9,1.9,0.5667,0.15,0,0,0,2.0833,7.75,7.75,2.5833,2.5833,0.325,1.9167,3.8333,1.9167,3.8333,0,3.25,0,0,0,0,0
2227,3.5,3.5,3,0.7333,1.2,0.2,0.2,0.1,0.15,0.65,1.8333,6.5,6.5,2.1667,2.1667,0.35,11,1.8333,3.6667,1.8333,0.0875,3.5,0,0,0,1.3,0
2228,3,3,1,0.6667,0.8,0.1333,0.1667,0.0667,0.1,0.7,1.6667,5,5,1.6667,1.6667,0.3,8,1.3333,2.6667,1.3333,0.075,3,0,0,0,0,0
2229,4,4,5,1.1,2.05,0.3667,0.1667,0,0,0,2.6667,7.5,7.5,2.5,2.5,0.3,2.1667,4.3333,2.1667,2.1667,0.275,5,0,0,0,0,0
2230,4.25,4.25,5,0.7,1.4,0.2333,0.15,0,0,0,2.4167,5.75,5.75,1.9167,1.9167,0.225,1.9167,1.9167,1.9167,1.9167,0,2.25,0,0,0,0,0
2231,3,3,2.5,0.6667,1.2,0.2,0.1667,0,0,0,1,5,5,1.6667,1.6667,0.2,2,2,2,2,0,2,0,0,0,1.1,0
2232,2,2,1.5,0.8,1.2,0.2,0.1667,0.2,0.3,0,1,5,5,1.6667,1.6667,0.2,2,2,2,2,0,2,0,0,0,0,0
2233,2,2,3,0.8667,1.6,0.2667,0.1333,0.2667,0.4,0,1.3333,6,6,2,2,0.2,1.6667,1.6667,1.6667,1.6667,0,2,0,0,0,0,0
2234,3.25,3.25,2.5,0.7667,1.1,0.1667,0.1833,0,0,0,1.75,5.75,5.75,1.9167,1.9167,0.325,1.5833,1.5833,1.5833,1.5833,0.1062,3.25,0,0,0,0,0.2562
2235,3.75,3.75,2.5,1,1.45,0.2667,0.2167,0,0,0,1.5833,5.75,5.75,1.9167,1.9167,0.275,2.25,4.5,2.25,2.25,0.3187,4.75,0,0,0,0,0
2236,4.25,4.25,2.5,0.7333,0.9,0.4,0.1833,0,0,0,2.4167,5.25,5.25,1.75,1.75,0.325,1.4167,2.8333,1.4167,2.8333,0,3.25,0,0,0,0,0
2237,2.25,2.25,1,0.6,0.8,0.1333,0.1167,0,0,0,1.4167,4.25,4.25,1.4167,1.4167,0.225,1.0833,1.0833,1.0833,1.0833,0,2.25,0,0,0,0,0
2238,1.75,1.75,2.5,0.6667,0.4,0.0667,0.1833,0.0667,0.1,0,0.9167,1.75,1.75,0.5833,0.5833,0.075,1.5833,1.5833,1.5833,1.5833,0,0.75,0,0,0,0,0
2239,2,2,1.5,0.6,0.8,0.1333,0.1333,0,0,0,1,4,4,1.3333,1.3333,0.2,1.3333,1.3333,1.3333,1.3333,0,2,0,0,0,0,0
2240,4,4,3.5,0.8,1.3,0.4667,0.1333,0,0,0,1,6,6,2,2,0.3,1.3333,2.6667,1.3333,2.6667,0,3,0,0,0,0,0
2241,3,3,4.5,0.7333,1.6,0.2667,0.1333,0,0,0,1.3333,6,6,2,2,0.2,2,2,2,2,0,2,0,0,0,1.2,0
2242,1.5,1.5,2.5,0.8667,0.65,0.1333,0.1667,0,0,0,0.8333,1.5,1.5,0.5,0.5,0.05,1.5,3,1.5,1.5,0.3125,2.5,0,0,0,0,0
2243,3.25,3.25,3,0.8667,1.2,0.2,0.325,0.3,0.45,0,2.75,6.25,6.25,2.0833,2.0833,0.325,1.75,1.75,1.75,3.5,0,3.25,0,0,0,0,0
2244,4,4,4,0.6667,1.2,0.2,0.7,0,0,0.9,1.6667,7,7,2.3333,2.3333,0.4,1.3333,1.3333,1.3333,1.3333,0,4,0.5,0.4444,0.125,1.2,0
2245,0.25,0.25,2.5,0.6,0.8,0.1333,0.15,0,0,0,1.0833,2.25,2.25,0.75,0.75,0.025,1.75,1.75,1.75,1.75,0,0.25,0,0,0,0,0
2246,3.25,3.25,6,0.9,2.6,0.4333,0.1833,0,0,0,2.0833,8.75,8.75,2.9167,2.9167,0.225,3.25,3.25,3.25,3.25,0,2.25,0,0,0,0,0
2247,2.25,2.25,1,0.6,0.8,0.1333,0.1167,0,0,0,1.4167,4.25,4.25,1.4167,1.4167,0.225,1.0833,1.0833,1.0833,1.0833,0,2.25,0,0,0,0,0
2248,6.5,6.5,7.5,0.8,2,0.3333,0.2,0,0,0,1.1667,7.5,7.5,2.5,2.5,0.25,2.8333,2.8333,2.8333,2.8333,0,2.5,0,0,0,0,0
2249,2.25,2.25,1,0.6,0.8,0.1333,0.1833,0,0,0,1.4167,4.25,4.25,1.4167,1.4167,0.225,1.4167,1.4167,1.4167,1.4167,0,2.25,0,0,0,0,0
2250,4.75,4.75,2.5,1.1667,1,0.1667,0.2833,0.5333,0.8,0,2.25,7.25,7.25,2.4167,2.4167,0.475,2.0833,2.0833,2.0833,2.0833,0,4.75,0,0,0,0,0
2251,2.25,2.25,1,0.6,0.8,0.1333,0.1167,0,0,0,1.4167,4.25,4.25,1.4167,1.4167,0.225,1.0833,1.0833,1.0833,1.0833,0,2.25,0,0,0,0,0
2252,4.75,4.75,2.5,0.6,0.8,0.1333,0.2167,0,0,0,2.25,5.75,5.75,1.9167,1.9167,0.375,1.5833,1.5833,1.5833,1.5833,0,3.75,0,0,0,0,0
2253,0.75,0.75,1.5,0.5333,0.4,0.0667,0.1833,0,0,0,0.9167,1.75,1.75,0.5833,0.5833,0.075,1.5833,1.5833,1.5833,1.5833,0,0.75,0,0,0,0.75,0
2254,3.5,3.5,2.5,0.7667,1,0.1667,0.2,0.1333,0.2,0,2.1667,6,6,2,2,0.35,1.6667,1.6667,1.6667,1.6667,0,3.5,0,0,0,0,0
2255,4,4,3,0.6,0.8,0.1333,1.1,0,0,1.1,1.3333,4,4,1.3333,1.3333,0.2,1,1,1,1,0,2,0.3,0.2222,0.1,0,0
2256,2,2,2.5,0.6333,1,0.1667,0.0667,0,0,0,2.6667,4.5,4.5,1.5,1.5,0.2,1.1667,1.1667,1.1667,1.1667,0,2,0,0.6667,0.8,0,0.075
2257,6.25,6.25,7.5,0.8,2,0.3333,0.15,0,0,0,1.4167,8.25,8.25,2.75,2.75,0.325,2.0833,2.0833,2.0833,2.0833,0,3.25,0,0,0,1.65,0
2258,4.25,4.25,2.5,0.6,0.8,0.1333,0.1833,0,0,0,2.0833,5.25,5.25,1.75,1.75,0.325,1.4167,1.4167,1.4167,1.4167,0,3.25,0,0,0,0,0
2259,2.75,2.75,1.5,0.6667,1.2,0.2,0.2167,0,0,0,1.25,5.75,5.75,1.9167,1.9167,0.275,2.25,2.25,2.25,2.25,0,2.75,0,0,0,0,0
2260,3.5,3.5,1.5,0.6667,0.8,0.1333,0.2,0.0667,0.1,0.25,2.1667,5.5,5.5,1.8333,1.8333,0.35,1.5,1.5,1.5,1.5,0.0875,3.5,0,0,0,0,0
2261,0,0,1.5,0.5333,0.4,0.0667,0.1333,0,0,0,1,1,1,0.3333,0.3333,0,1.3333,1.3333,1.3333,1.3333,0,0,0,0,0,0,0
2262,4,4,3.5,1.1667,1.4,0.1667,0.1333,0,0,0,1.6667,6.5,6.5,2.1667,2.1667,0.4,1.1667,1.1667,1.1667,1.1667,0.15,6,0,0,0,0,0
2263,5.5,5.5,4.5,0.6667,1.2,0.2,0.1667,0,0,0,1.5,6.5,6.5,2.1667,2.1667,0.35,1.5,1.5,1.5,1.5,0,3.5,0,0,0,0,0
2264,3,3,2.5,0.9333,1.05,0.2,0.1333,0,0,0,1,4,4,1.3333,1.3333,0.2,1.3333,2.6667,1.3333,1.3333,0.275,4,0,0,0,0,0
2265,2.75,2.75,2.5,0.7,1,0.1667,0.1167,0.0667,0.1,0.275,1.9167,5.25,5.25,1.75,1.75,0.275,1.4167,1.4167,1.4167,1.4167,0.0688,2.75,0,0.9167,0.575,0,0.0938
2266,2.75,2.75,1,1.1333,0.8,0.1333,0.15,0.5333,0.8,0,1.5833,4.75,4.75,1.5833,1.5833,0.275,1.25,1.25,1.25,1.25,0,2.75,0,0,0,0,0
2267,0.5,0.5,1.5,0.5333,0.4,0.0667,1.05,0,0,1.05,1.1667,1.5,1.5,0.5,0.5,0.05,1.5,1.5,1.5,1.5,0,0.5,0.4,0.0556,0.0875,0,0
2268,2.25,2.25,2,0.6333,1,0.1667,0.15,0,0,0,1.75,4.75,4.75,1.5833,1.5833,0.225,1.5833,1.5833,1.5833,1.5833,0,2.25,0,0,0,0,0
2269,2.25,2.25,1.5,1.1333,0.8,0.1333,0.15,0.5333,0.8,0,1.0833,4.25,4.25,1.4167,1.4167,0.225,1.4167,1.4167,1.4167,1.4167,0,2.25,0,0,0,0,0
2270,2.75,2.75,1.5,0.6667,1.2,0.2,0.2167,0,0,0,1.9167,5.75,5.75,1.9167,1.9167,0.275,2.25,2.25,2.25,2.25,0,2.75,0,0,0,1.25,0
2271,2.5,2.5,1.5,0.6667,1.2,0.2,0.2,0,0,0,1.5,5.5,5.5,1.8333,1.8333,0.25,2.1667,2.1667,2.1667,2.1667,0,2.5,0,0,0,0,0
2272,3,3,2.5,0.6667,1.2,0.2,0.1667,0,0,0,2,6,6,2,2,0.3,1.6667,1.6667,1.6667,1.6667,0,3,0,0,0,0,0
2273,3,3,2.5,0.6,0.8,0.1333,0.1333,0,0,0,1,4,4,1.3333,1.3333,0.2,1.3333,1.3333,1.3333,1.3333,0,2,0,0,0,0,0
2274,2,2,1.5,0.6667,1.2,0.2,1.1,0,0,1.1,1,5,5,1.6667,1.6667,0.2,2,2,2,2,0,2,0.5,0.2222,0.075,0,0
2275,3.75,3.75,2.5,0.6667,1.2,0.2,0.2167,0,0,0,2.25,6.75,6.75,2.25,2.25,0.375,1.9167,1.9167,1.9167,1.9167,0,3.75,0,0,0,0,0
2276,3.75,3.75,1.5,0.6,0.8,0.1333,0.975,0,0,0.975,2.25,5.75,5.75,1.9167,1.9167,0.375,1.5833,1.5833,1.5833,1.5833,0,3.75,0.65,0.4167,0.1688,0,0
2277,2.5,2.5,1.5,0.6,0.8,0.1333,0.1667,0,0,0,1.1667,4.5,4.5,1.5,1.5,0.25,1.5,1.5,1.5,1.5,0,2.5,0,0,0,1.6,0
2278,3,3,1,0.6,0.8,0.1333,0.2333,0,0,0,1.6667,5,5,1.6667,1.6667,0.3,1.6667,1.6667,1.6667,1.6667,0,3,0,0,0,0,0
2279,3,3,1.5,0.6,0.8,0.1333,0.1667,0,0,0,2.3333,5,5,1.6667,1.6667,0.3,1.3333,1.3333,1.3333,1.3333,0,3,0,0,0,0,0
2280,2.75,2.75,3,0.8667,1.2,0.2,0.275,0.3,0.45,0,1.9167,5.75,5.75,1.9167,1.9167,0.275,1.5833,1.5833,1.5833,3.1667,0,2.75,0,0.9167,0.575,0,0.0938
2281,3.25,3.25,3,0.7333,1.6,0.2667,0.725,0,0,0.925,1.75,7.25,7.25,2.4167,2.4167,0.325,2.0833,2.0833,2.0833,2.0833,0,3.25,0.55,0.3611,0.1313,0,0
2282,3,3,1.5,0.6,0.8,0.1333,0.9,0,0,0.9,2,5,5,1.6667,1.6667,0.3,1.3333,1.3333,1.3333,1.3333,0,3,0.5,0.3333,0.15,1.1,0
2283,2.75,2.75,1,0.6,0.8,0.1333,0.15,0,0,0,1.5833,4.75,4.75,1.5833,1.5833,0.275,1.25,1.25,1.25,1.25,0,2.75,0,0,0,0,0
2284,2.25,2.25,2,0.8,1.2,0.2,0.1167,0.2,0.3,0,1.75,5.25,5.25,1.75,1.75,0.225,1.4167,1.4167,1.4167,1.4167,0,2.25,0,0,0,0,0
2285,3.75,3.75,5.5,1.3333,2.4,0.3333,0.1833,0,0,0,2.25,7.75,7.75,2.5833,2.5833,0.275,2.5833,2.5833,2.5833,2.5833,0.2188,4.75,0,0,0,0,0
2286,2.5,2.5,2.5,0.9667,1.25,0.2333,0.1,0,0,0,1.8333,5,5,1.6667,1.6667,0.25,1.3333,2.6667,1.3333,1.3333,0.2375,4.5,0,0,0,0,0
2287,3.75,3.75,5,0.8333,2.2,0.3667,0.1833,0,0,0,1.5833,9.25,9.25,3.0833,3.0833,0.375,2.4167,2.4167,2.4167,2.4167,0,3.75,0,0,0,1.25,0
2288,2,2,1.5,0.6,0.8,0.1333,0.1333,0,0,0,1,4,4,1.3333,1.3333,0.2,1.3333,1.3333,1.3333,1.3333,0,2,0,0,0,0,0
2289,4.5,4.5,3,0.8667,1.2,0.2,0.55,0.3,0.45,0,3.1667,7.5,7.5,2.5,2.5,0.45,2.1667,2.1667,2.1667,4.3333,0,4.5,0,0,0,0,0
2290,3,3,1.5,0.6,0.8,0.1333,0.1667,0,0,0,2,5,5,1.6667,1.6667,0.3,1.3333,1.3333,1.3333,1.3333,0,3,0,0,0,0.8,0
2291,2.75,2.75,2.5,0.7,1.4,0.2333,0.1833,0,0,0,1.25,6.25,6.25,2.0833,2.0833,0.275,1.75,1.75,1.75,1.75,0,2.75,0,0,0,0,0
2292,2.75,2.75,1,0.6,0.8,0.1333,0.15,0,0,0,1.5833,4.75,4.75,1.5833,1.5833,0.275,1.25,1.25,1.25,1.25,0,2.75,0,0,0,1.15,0
2293,3.5,3.5,4,0.7667,1.8,0.3,0.2,0,0,0,4.8333,8,8,2.6667,2.6667,0.35,2.3333,2.3333,2.3333,2.3333,0,3.5,0,0,0,0,0
2294,2.5,2.5,1.5,0.9333,1.05,0.2,0.1667,0,0,0,1.5,4.5,4.5,1.5,1.5,0.25,1.5,3,1.5,1.5,0.2625,4.5,0,0,0,0,0
2295,3.25,3.25,2,0.7333,0.9,0.4,0.1167,0,0,0,1.4167,4.25,4.25,1.4167,1.4167,0.225,1.0833,2.1667,1.0833,2.1667,0,2.25,0,0,0,0,0
2296,4.75,4.75,3.5,0.6,0.8,0.1333,0.1833,0,0,0,1.25,4.75,4.75,1.5833,1.5833,0.275,1.5833,1.5833,1.5833,1.5833,0,2.75,0,0,0,1.45,0
2297,2.75,2.75,5.5,0.8667,2.4,0.4,0.1833,0,0,0,2.25,8.75,8.75,2.9167,2.9167,0.275,2.9167,2.9167,2.9167,2.9167,0,2.75,0,0,0,0,0
2298,2.5,2.5,2.5,0.9667,1.25,0.2333,0.1333,0,0,0,1.5,5,5,1.6667,1.6667,0.25,1.3333,2.6667,1.3333,1.3333,0.2375,4.5,0,0,0,0,0
2299,4.25,4.25,4.5,1.2333,1.8,0.2333,0.15,0,0,0,1.0833,5.75,5.75,1.9167,1.9167,0.225,1.5833,1.5833,1.5833,1.5833,0.2062,4.25,0,0,0,0,0
2300,0.25,0.25,1.5,1.0667,0.4,0.0667,0.2167,0.2667,0.4,0,1.0833,1.25,1.25,0.4167,0.4167,0.025,1.75,1.75,1.75,1.75,0,0.25,0,0,0,0,0
2301,5,5,3.5,0.6667,1.2,0.2,0.2,0,0,0,1.3333,7,7,2.3333,2.3333,0.4,1.6667,1.6667,1.6667,1.6667,0,4,0,0,0,0,0
2302,5,5,2.5,0.6667,0.8,0.1333,0.2333,0.0667,0.1,0.5,2.3333,6,6,2,2,0.4,10,1.6667,3.3333,1.6667,0.125,4,0,0,0,0,0
2303,1,1,2.5,0.5333,0.4,0.0667,0.1333,0,0,0,1.3333,1,1,0.3333,0.3333,0,1.3333,1.3333,1.3333,1.3333,0,0,0,0,0,0,0
2304,2,2,2.5,0.7,1.4,0.2333,0.1,0,0,0,2,5.5,5.5,1.8333,1.8333,0.2,1.5,1.5,1.5,1.5,0,2,0,0,0,0,0
2305,4,4,2.5,0.6667,1.2,0.2,0.2,0,0,0,1.3333,7,7,2.3333,2.3333,0.4,1.6667,1.6667,1.6667,1.6667,0,4,0,0,0,0,0
2306,3.25,3.25,4,0.8,2,0.3333,0.2167,0,0,0,1.75,8.25,8.25,2.75,2.75,0.325,2.4167,2.4167,2.4167,2.4167,0,3.25,0,1.0833,0.525,0,0.1062
2307,3,3,4,0.7667,1.8,0.3,0.2333,0,0,0,1.3333,6.5,6.5,2.1667,2.1667,0.2,2.8333,2.8333,2.8333,2.8333,0,2,0,0,0,0,0
2308,4.5,4.5,4.5,0.8333,1.5,0.2333,0.2,0,0,0,2.5,7,7,2.3333,2.3333,0.35,2,2,2,2,0.1375,3.5,0,0,0,0,0.2875
2309,5,5,4.5,0.7667,1.4,0.2333,0.2333,0.1,0.15,0.7,2.6667,7.5,7.5,2.5,2.5,0.4,13,2.1667,4.3333,2.1667,0.125,4,0,0,0,0,0
2310,3.75,3.75,2.5,0.8,1.2,0.2,0.1833,0.2,0.3,0,1.25,6.75,6.75,2.25,2.25,0.375,1.5833,1.5833,1.5833,1.5833,0,3.75,0,0,0,0,0
2311,3.25,3.25,1.5,0.7333,0.8,0.1333,0.1833,0.1333,0.2,0,2.0833,5.25,5.25,1.75,1.75,0.325,1.4167,1.4167,1.4167,1.4167,0,3.25,0,0,0,0,0
2312,5.25,5.25,4.5,1.2,1.2,0.2,0.225,0.8,1.2,0,1.75,6.25,6.25,2.0833,2.0833,0.325,2.0833,2.0833,2.0833,2.0833,0,3.25,0,0,0,0,0
2313,2,2,1,0.6,0.8,0.1333,0.1,0,0,0,1.3333,4,4,1.3333,1.3333,0.2,1,1,1,1,0,2,0,0,0,1,0
2314,0.75,0.75,1.5,0.6,0.4,0.0667,0.1833,0.0333,0.05,0.575,0.9167,1.75,1.75,0.5833,0.5833,0.075,9.5,1.5833,3.1667,1.5833,0.1187,0.75,0,0,0,0,0
2315,3,3,3.5,0.8333,1.5,0.5,0.1333,0,0,0,2.3333,6.5,6.5,2.1667,2.1667,0.3,1.8333,3.6667,1.8333,3.6667,0,3,0,0,0,0,0
2316,3.5,3.5,4,1.3,1.8,0.3,0.2,1.0667,1.6,0,2.8333,8,8,2.6667,2.6667,0.35,2.3333,2.3333,2.3333,2.3333,0,3.5,0,0,0,0,0
2317,5,5,6.5,0.8,2,0.3333,0.1667,0,0,0,1,7,7,2.3333,2.3333,0.2,2.6667,2.6667,2.6667,2.6667,0,2,0,0,0,0,0
2318,5,5,4,0.6667,1.2,0.2,0.2333,0,0,0,2.3333,7,7,2.3333,2.3333,0.4,2,2,2,2,0,4,0,0,0,0,0
2319,2,2,4,0.8,2,0.3333,0.1333,0,0,0,1,7,7,2.3333,2.3333,0.2,2,2,2,2,0,2,0,0,0,1.3,0
2320,4,4,4,0.8667,1.7,0.2667,0.2333,0,0,0,2,8,8,2.6667,2.6667,0.4,2.3333,2.3333,2.3333,2.3333,0.125,4,0,0,0,0,0.275
2321,0.25,0.25,1.5,0.5333,0.4,0.0667,0.15,0,0,0,1.0833,1.25,1.25,0.4167,0.4167,0.025,1.4167,1.4167,1.4167,1.4167,0,0.25,0,0,0,0,0
2322,4,4,3.5,1.1667,1.4,0.1667,0.1333,0,0,0,2,5.5,5.5,1.8333,1.8333,0.3,1.5,1.5,1.5,1.5,0.2,5,0,0,0,0,0
2323,4.75,4.75,3.5,0.6667,1.2,0.2,1.175,0,0,1.175,1.25,5.75,5.75,1.9167,1.9167,0.275,2.25,2.25,2.25,2.25,0,2.75,0.65,0.3056,0.0938,0,0
2324,4.5,4.5,4.5,0.9,1.4,0.2333,0.45,0.3,0.45,0,1.8333,8,8,2.6667,2.6667,0.45,1.6667,1.6667,1.6667,3.3333,0,4.5,0,0,0,0,0
2325,2.75,2.75,4,0.8,2,0.3333,0.1833,0,0,0,1.5833,7.75,7.75,2.5833,2.5833,0.275,2.25,2.25,2.25,2.25,0,2.75,0,0,0,1.25,0
2326,2,2,2.5,0.9,1.4,0.2333,0.3,0.3,0.45,0,1,5.5,5.5,1.8333,1.8333,0.2,1.5,1.5,1.5,3,0,2,0,0,0,0,0
2327,2.25,2.25,3.5,0.5333,0.4,0.0667,0.15,0,0,0,0.75,1.25,1.25,0.4167,0.4167,0.025,1.4167,1.4167,1.4167,1.4167,0,0.25,0,0,0,0,0
2328,2,2,4,0.7667,1.8,0.3,0.1333,0,0,0,1.6667,6.5,6.5,2.1667,2.1667,0.2,2.1667,2.1667,2.1667,2.1667,0,2,0,0,0,0,0
2329,2.75,2.75,2,0.8,0.8,0.1333,0.375,0.2,0.3,0,1.5833,4.75,4.75,1.5833,1.5833,0.275,1.25,1.25,1.25,2.5,0,2.75,0,0,0,0,0
2330,2.5,2.5,2.5,0.6333,1,0.1667,0.95,0,0,0.95,1.8333,5,5,1.6667,1.6667,0.25,1.3333,1.3333,1.3333,1.3333,0,2.5,0.4,0.2778,0.1375,0,0
2331,2,2,2,0.7,1.4,0.2333,0.1667,0,0,0,1,5.5,5.5,1.8333,1.8333,0.2,2.1667,2.1667,2.1667,2.1667,0,2,0,0,0,0.8,0
2332,2,2,1.5,0.6,0.8,0.1333,0.2,0,0,0,1,4,4,1.3333,1.3333,0.2,1.6667,1.6667,1.6667,1.6667,0,2,0,0,0,0,0
2333,3.5,3.5,1.5,0.9333,1.05,0.2,0.2,0,0,0,2.1667,5.5,5.5,1.8333,1.8333,0.35,1.5,3,1.5,1.5,0.2625,5.5,0,0,0,0,0
2334,4.5,4.5,3.5,0.6,0.8,0.1333,0.1667,0,0,0,1.1667,4.5,4.5,1.5,1.5,0.25,1.5,1.5,1.5,1.5,0,2.5,0,0,0,0,0
2335,2.5,2.5,3,0.7667,1.8,0.3,0.2,0,0,0,1.5,7,7,2.3333,2.3333,0.25,2.6667,2.6667,2.6667,2.6667,0,2.5,0,0,0,0,0
2336,0,0,1.5,0.5333,0.4,0.0667,0.1333,0,0,0,1,1,1,0.3333,0.3333,0,1.3333,1.3333,1.3333,1.3333,0,0,0,0,0,0,0
2337,5.25,5.25,5,0.7,1.4,0.2333,0.1833,0,0,0,2.0833,6.75,6.75,2.25,2.25,0.325,1.9167,1.9167,1.9167,1.9167,0,3.25,0,0,0,0,0
2338,3.25,3.25,1.5,0.6,0.8,0.1333,0.1833,0,0,0,2.0833,5.25,5.25,1.75,1.75,0.325,1.4167,1.4167,1.4167,1.4167,0,3.25,0,0,0,0,0
2339,3,3,2.5,0.6667,0.8,0.1333,0.1333,0.0667,0.1,0.5,1,4,4,1.3333,1.3333,0.2,8,1.3333,2.6667,1.3333,0.1,2,0,0,0,0,0
2340,4.5,4.5,3,0.6333,1,0.1667,0.2333,0,0,0,1.8333,6,6,2,2,0.35,2,2,2,2,0,3.5,0,0,0,1.5,0
2341,2.25,2.25,1.5,0.6,0.8,0.1333,0.15,0,0,0,1.0833,4.25,4.25,1.4167,1.4167,0.225,1.4167,1.4167,1.4167,1.4167,0,2.25,0,0,0,0,0
2342,2.25,2.25,1,0.6,0.8,0.1333,0.1167,0,0,0,1.75,4.25,4.25,1.4167,1.4167,0.225,1.0833,1.0833,1.0833,1.0833,0,2.25,0,0,0,0,0
2343,3,3,2.5,0.6667,1.2,0.2,0.1333,0,0,0,1,6,6,2,2,0.3,1.3333,1.3333,1.3333,1.3333,0,3,0,0,0,0,0
2344,3.25,3.25,2.5,0.7333,0.8,0.1333,0.15,0.1333,0.2,0,1.0833,4.25,4.25,1.4167,1.4167,0.225,1.4167,1.4167,1.4167,1.4167,0,2.25,0,0,0,0.75,0
2345,5.25,5.25,5,0.6667,1.2,0.2,0.15,0,0,0,2.0833,6.25,6.25,2.0833,2.0833,0.325,1.75,1.75,1.75,1.75,0,3.25,0,1.0833,0.625,1.55,0.1563
2346,0.75,0.75,1.5,0.5333,0.4,0.0667,0.1833,0,0,0,0.9167,1.75,1.75,0.5833,0.5833,0.075,1.5833,1.5833,1.5833,1.5833,0,0.75,0,0,0,0,0
2347,6.75,6.75,4,0.8,0.8,0.1333,0.575,0.2,0.3,0,2.25,6.75,6.75,2.25,2.25,0.475,1.9167,1.9167,1.9167,3.8333,0,4.75,0,0,0,1.55,0
2348,2.25,2.25,1.5,0.6,0.8,0.1333,0.15,0,0,0,1.0833,4.25,4.25,1.4167,1.4167,0.225,1.4167,1.4167,1.4167,1.4167,0,2.25,0,0,0,0.75,0
2349,4.25,4.25,4,0.7333,0.8,0.1333,0.625,0.1333,0.2,0.825,1.4167,5.25,5.25,1.75,1.75,0.325,0.75,0.75,0.75,0.75,0,3.25,0.35,0.3611,0.1062,0,0
2350,2.25,2.25,1.5,0.6,0.8,0.1333,0.15,0,0,0,1.0833,4.25,4.25,1.4167,1.4167,0.225,1.4167,1.4167,1.4167,1.4167,0,2.25,0,0,0,0,0
2351,2,2,1.5,0.6,0.8,0.1333,0.1333,0,0,0,1,4,4,1.3333,1.3333,0.2,1.3333,1.3333,1.3333,1.3333,0,2,0,0,0,0,0
2352,4,4,3.5,0.9,1.4,0.2333,0.4,0.3,0.45,0,1.3333,6.5,6.5,2.1667,2.1667,0.3,1.8333,1.8333,1.8333,3.6667,0,3,0,0,0,1.6,0
2353,3,3,2.5,0.8,1.3,0.4667,0.1333,0,0,0,1.3333,6,6,2,2,0.3,1.3333,2.6667,1.3333,2.6667,0,3,0,0,0,0,0
2354,4.75,4.75,3.5,0.6,0.8,0.1333,0.1833,0,0,0,1.25,4.75,4.75,1.5833,1.5833,0.275,1.5833,1.5833,1.5833,1.5833,0,2.75,0,0,0,0,0
2355,3,3,4,0.8,1.2,0.2,0.0667,0.2,0.3,0,1.6667,6,6,2,2,0.3,1,1,1,1,0,3,0,0,0,0,0
2356,0,0,1.5,0.6667,0.4,0.0667,0.1333,0.0667,0.1,0,0.6667,1,1,0.3333,0.3333,0,1.3333,1.3333,1.3333,1.3333,0,0,0,0,0,0,0
2357,2,2,1.5,0.6667,1.2,0.2,0.1667,0,0,0,1,5,5,1.6667,1.6667,0.2,2,2,2,2,0,2,0,0,0,0.8,0
2358,2.75,2.75,1,0.6,0.8,0.1333,0.15,0,0,0,1.5833,4.75,4.75,1.5833,1.5833,0.275,1.25,1.25,1.25,1.25,0,2.75,0,0,0,0,0
2359,3.25,3.25,2.5,0.6,0.8,0.1333,0.15,0,0,0,1.0833,4.25,4.25,1.4167,1.4167,0.225,1.4167,1.4167,1.4167,1.4167,0,2.25,0,0,0,1.25,0
2360,3,3,7,1.0667,2.8,0.4667,0.1333,0.4667,0.7,0,3,10,10,3.3333,3.3333,0.3,3,3,3,3,0,3,0,0,0,0,0
2361,4.75,4.75,2.5,0.9333,1.05,0.2,0.2167,0,0,0,2.25,5.75,5.75,1.9167,1.9167,0.375,1.5833,3.1667,1.5833,1.5833,0.2938,5.75,0,0,0,0.95,0
2362,7,7,10,0.8667,2.4,0.4,0.1333,0,0,0,3.6667,10,10,3.3333,3.3333,0.4,2.3333,2.3333,2.3333,2.3333,0,4,0,0,0,0,0
2363,2.25,2.25,1.5,0.6667,0.8,0.1333,0.15,0.0667,0.1,0.525,1.0833,4.25,4.25,1.4167,1.4167,0.225,8.5,1.4167,2.8333,1.4167,0.0813,2.25,0,0,0,0,0
2364,3,3,1.5,0.6667,0.8,0.1333,0.2333,0.0667,0.1,0.4,2,5,5,1.6667,1.6667,0.3,10,1.6667,3.3333,1.6667,0.1,3,0,0,0,0,0
2365,2.25,2.25,1.5,0.6,0.8,0.1333,0.15,0,0,0,1.0833,4.25,4.25,1.4167,1.4167,0.225,1.4167,1.4167,1.4167,1.4167,0,2.25,0,0,0,0,0
2366,5.5,5.5,4.5,1.1667,1,0.1667,0.45,0.5333,0.8,0,2.1667,6,6,2,2,0.35,1.6667,1.6667,1.6667,1.6667,0,3.5,0,0,0,0,0
2367,5.5,5.5,5,0.6667,1.2,0.2,0.1333,0,0,0,1.5,5.5,5.5,1.8333,1.8333,0.25,1.5,1.5,1.5,1.5,0,2.5,0,0,0,0,0
2368,4,4,3,0.7333,0.8,0.1333,0.1,0.1333,0.2,0,1.3333,4,4,1.3333,1.3333,0.2,1,1,1,1,0,2,0,0,0,0,0
2369,2,2,1.5,0.6667,1.2,0.2,0.1667,0,0,0,1,5,5,1.6667,1.6667,0.2,2,2,2,2,0,2,0,0,0,0.9,0
2370,3,3,1,0.6,0.8,0.1333,0.1667,0,0,0,1.6667,5,5,1.6667,1.6667,0.3,1.3333,1.3333,1.3333,1.3333,0,3,0,0,0,0,0
2371,2.75,2.75,1,0.6,0.8,0.1333,0.15,0,0,0,1.5833,4.75,4.75,1.5833,1.5833,0.275,1.25,1.25,1.25,1.25,0,2.75,0,0,0,1.15,0
2372,4.25,4.25,3,0.8,1.2,0.2,0.25,0.2,0.3,0,2.0833,7.25,7.25,2.4167,2.4167,0.425,2.0833,2.0833,2.0833,2.0833,0,4.25,0,0,0,1.45,0
2373,5.75,5.75,5.5,0.7,1.4,0.2333,0.2167,0,0,0,2.25,7.25,7.25,2.4167,2.4167,0.375,2.0833,2.0833,2.0833,2.0833,0,3.75,0,0,0,0,0
2374,5.5,5.5,4.5,0.6333,1,0.1667,0.1667,0,0,0,2.5,6,6,2,2,0.35,1.6667,1.6667,1.6667,1.6667,0,3.5,0,1.1667,0.75,0,0.1625
2375,2.75,2.75,1.5,0.8,0.8,0.1333,0.575,0.2,0.3,0.675,1.5833,4.75,4.75,1.5833,1.5833,0.275,1.5833,1.5833,1.5833,3.1667,0,2.75,0.55,0.3056,0.1187,0,0
2376,6,6,6.5,0.9,1.4,0.2333,0.4,0.3,0.45,0,1.6667,7.5,7.5,2.5,2.5,0.4,1.5,1.5,1.5,3,0,4,0,1.3333,0.5,0,0.125
2377,2.75,2.75,2,0.9333,1.05,0.2,0.15,0,0,0,1.9167,4.75,4.75,1.5833,1.5833,0.275,1.25,2.5,1.25,1.25,0.2437,4.75,0,0,0,0,0
2378,3.75,3.75,1.5,0.6667,0.8,0.1333,0.2167,0.0667,0.1,0.575,2.25,5.75,5.75,1.9167,1.9167,0.375,1.5833,1.5833,1.5833,1.5833,0.0938,3.75,0,0,0,0,0
2379,2,2,1,0.6,0.8,0.1333,0.1,0,0,0,1.3333,4,4,1.3333,1.3333,0.2,1,1,1,1,0,2,0,0,0,0.7,0
2380,3,3,1.5,0.6,0.8,0.1333,0.2,0,0,0,1.3333,5,5,1.6667,1.6667,0.3,1.6667,1.6667,1.6667,1.6667,0,3,0,0,0,0.9,0
2381,2.25,2.25,1.5,0.6667,1.2,0.2,0.1833,0,0,0,2.0833,5.25,5.25,1.75,1.75,0.225,2.0833,2.0833,2.0833,2.0833,0,2.25,0,0,0,0,0
2382,4.25,4.25,3,0.7333,1.2,0.2,0.2167,0.1,0.15,0.625,1.4167,6.25,6.25,2.0833,2.0833,0.325,10.5,1.75,3.5,1.75,0.1062,3.25,0,1.0833,0.425,0,0.1313
2383,1,1,2.5,1.1333,0.8,0.1333,0.2,0.5333,0.8,0,1.3333,3,3,1,1,0.1,2,2,2,2,0,1,0,0,0,0,0
2384,3.5,3.5,5,1.3333,2.4,0.3333,0.1667,0,0,0,1.5,7.5,7.5,2.5,2.5,0.25,2.1667,2.1667,2.1667,2.1667,0.1875,4.5,0,0,0,0,0
2385,5.25,5.25,3.5,0.7333,0.8,0.1333,0.1833,0.1333,0.2,0,2.0833,5.25,5.25,1.75,1.75,0.325,1.4167,1.4167,1.4167,1.4167,0,3.25,0,0,0,0,0
2386,5.75,5.75,3.5,0.6,0.8,0.1333,0.2833,0,0,0,2.5833,5.75,5.75,1.9167,1.9167,0.375,1.9167,1.9167,1.9167,1.9167,0,3.75,0,0,0,0,0
2387,2.75,2.75,1,1.2667,0.9,0.4,0.15,0.6,0.9,0,1.9167,4.75,4.75,1.5833,1.5833,0.275,1.25,2.5,1.25,2.5,0,2.75,0,0,0,0,0
2388,2.75,2.75,1.5,0.6667,1.2,0.2,0.2167,0,0,0,1.25,5.75,5.75,1.9167,1.9167,0.275,2.25,2.25,2.25,2.25,0,2.75,0,0,0,0,0
2389,2.75,2.75,1.5,0.6667,1.2,0.2,0.2167,0,0,0,1.25,5.75,5.75,1.9167,1.9167,0.275,2.25,2.25,2.25,2.25,0,2.75,0,0,0,0,0
2390,2,2,3,0.7,1.4,0.2333,0.1333,0,0,0,1.3333,5.5,5.5,1.8333,1.8333,0.2,1.8333,1.8333,1.8333,1.8333,0,2,0,0.6667,0.4,0.8,0.1
2391,4.25,4.25,6.5,0.8333,2.2,0.3667,1.125,0,0,1.125,2.75,9.75,9.75,3.25,3.25,0.425,2.25,2.25,2.25,2.25,0,4.25,0.55,0.4722,0.2062,0,0
2392,2.25,2.25,2.5,0.7,1,0.1667,0.0833,0.0667,0.1,0.225,1.75,4.75,4.75,1.5833,1.5833,0.225,1.25,1.25,1.25,1.25,0.0563,2.25,0,0.75,0.525,0,0.0813
2393,2,2,1.5,0.6,0.8,0.1333,0.2,0,0,0,1,4,4,1.3333,1.3333,0.2,1.6667,1.6667,1.6667,1.6667,0,2,0,0,0,0,0
2394,2.75,2.75,3.5,0.9,1.4,0.2333,0.375,0.3,0.45,0,1.5833,6.25,6.25,2.0833,2.0833,0.275,1.75,1.75,1.75,3.5,0,2.75,0,0,0,0,0
2395,4,4,3.5,1.1667,1,0.1667,0.1333,0.5333,0.8,0,1.6667,6.5,6.5,2.1667,2.1667,0.4,1.1667,1.1667,1.1667,1.1667,0,4,0,0,0,1.2,0
2396,3,3,5.5,0.6,0.8,0.1333,1,0,0,1,0.6667,2,2,0.6667,0.6667,0,1.6667,1.6667,1.6667,1.6667,0,0,0.3,0,0.05,0,0
2397,0.75,0.75,1.5,0.5333,0.4,0.0667,0.1833,0,0,0,0.9167,1.75,1.75,0.5833,0.5833,0.075,1.5833,1.5833,1.5833,1.5833,0,0.75,0,0,0,1.05,0
2398,3.25,3.25,1.5,0.8,1.2,0.2,0.25,0.2,0.3,0,1.4167,6.25,6.25,2.0833,2.0833,0.325,2.4167,2.4167,2.4167,2.4167,0,3.25,0,0,0,0,0
2399,2.75,2.75,1,0.7333,0.9,0.4,0.15,0,0,0,1.9167,4.75,4.75,1.5833,1.5833,0.275,1.25,2.5,1.25,2.5,0,2.75,0,0,0,1.35,0
2400,3,3,2.5,0.6667,1.2,0.2,0.1333,0,0,0,1,6,6,2,2,0.3,1.3333,1.3333,1.3333,1.3333,0,3,0,0,0,0,0
2401,2.25,2.25,2.5,1.1667,1.4,0.1667,0.0833,0,0,0,2.0833,4.75,4.75,1.5833,1.5833,0.225,1.25,1.25,1.25,1.25,0.1563,4.25,0,0,0,1.55,0
2402,2.25,2.25,1,0.6,0.8,0.1333,0.1167,0,0,0,1.75,4.25,4.25,1.4167,1.4167,0.225,1.0833,1.0833,1.0833,1.0833,0,2.25,0,0,0,0,0
2403,4.25,4.25,2.5,0.6667,1.2,0.2,0.2167,0,0,0,1.4167,7.25,7.25,2.4167,2.4167,0.425,1.75,1.75,1.75,1.75,0,4.25,0,0,0,0,0
2404,0.25,0.25,1.5,0.5333,0.4,0.0667,0.15,0,0,0,0.75,1.25,1.25,0.4167,0.4167,0.025,1.4167,1.4167,1.4167,1.4167,0,0.25,0,0,0,0,0
2405,3.5,3.5,1.5,0.8,0.8,0.1333,0.25,0.2,0.3,0,1.8333,5.5,5.5,1.8333,1.8333,0.35,1.8333,1.8333,1.8333,3.6667,0,3.5,0,0,0,1.6,0
2406,2,2,3.5,0.7333,1.6,0.2667,0.1333,0,0,0,1.6667,6,6,2,2,0.2,2,2,2,2,0,2,0,0,0,1.2,0
2407,2,2,1,0.6,0.8,0.1333,0.1,0,0,0,1.3333,4,4,1.3333,1.3333,0.2,1,1,1,1,0,2,0,0,0,0,0
2408,3,3,3,1.2667,2,0.2667,0.2,0,0,0,1.3333,7,7,2.3333,2.3333,0.3,2,2,2,2,0.175,5,0,0,0,0,0
2409,2.25,2.25,1.5,0.6,0.8,0.1333,0.15,0,0,0,1.0833,4.25,4.25,1.4167,1.4167,0.225,1.4167,1.4167,1.4167,1.4167,0,2.25,0,0,0,0,0
2410,6,6,5,0.8,1.2,0.2,0.1667,0.2,0.3,0,2.3333,6,6,2,2,0.3,1.6667,1.6667,1.6667,1.6667,0,3,0,0,0,0,0
2411,4,4,4.5,0.8333,1.4,0.2333,0.1333,0.2,0.3,0,2,7.5,7.5,2.5,2.5,0.4,1.5,1.5,1.5,1.5,0,4,0,0,0,1.2,0
2412,3,3,2.5,0.6667,1.2,0.2,0.2,0,0,0,1.3333,6,6,2,2,0.3,2,2,2,2,0,3,0,0,0,0,0
2413,2.75,2.75,2,0.7333,1.2,0.2,0.15,0.1,0.15,0.675,1.5833,5.75,5.75,1.9167,1.9167,0.275,9.5,1.5833,3.1667,1.5833,0.0688,2.75,0,0,0,0,0
2414,5,5,3.5,0.6,0.8,0.1333,0.1667,0,0,0,2,5,5,1.6667,1.6667,0.3,1.3333,1.3333,1.3333,1.3333,0,3,0,0,0,0.6,0
2415,3.75,3.75,2.5,0.6667,1.2,0.2,0.1833,0,0,0,1.25,6.75,6.75,2.25,2.25,0.375,1.5833,1.5833,1.5833,1.5833,0,3.75,0,0,0,0,0
2416,4.75,4.75,3.5,0.6667,1.2,0.2,0.2167,0,0,0,1.25,5.75,5.75,1.9167,1.9167,0.275,2.25,2.25,2.25,2.25,0,2.75,0,0,0,0,0
2417,0.75,0.75,1.5,0.5333,0.4,0.0667,0.1833,0,0,0,0.9167,1.75,1.75,0.5833,0.5833,0.075,1.5833,1.5833,1.5833,1.5833,0,0.75,0,0,0,0,0
2418,2.25,2.25,2.5,0.8333,1.4,0.2333,0.15,0.2,0.3,0,1.0833,5.75,5.75,1.9167,1.9167,0.225,1.5833,1.5833,1.5833,1.5833,0,2.25,0,0,0,0,0
2419,3.75,3.75,3.5,0.8333,1,0.1667,0.375,0.2,0.3,0,1.5833,6.25,6.25,2.0833,2.0833,0.375,1.0833,1.0833,1.0833,2.1667,0,3.75,0,0,0,0,0
2420,2.75,2.75,2.5,0.6333,1,0.1667,0.1167,0,0,0,2.25,5.25,5.25,1.75,1.75,0.275,1.4167,1.4167,1.4167,1.4167,0,2.75,0,0,0,1.85,0
2421,6.25,6.25,8,0.9333,2,0.3333,0.15,0.3333,0.5,0,2.0833,9.25,9.25,3.0833,3.0833,0.425,2.0833,2.0833,2.0833,2.0833,0,4.25,0,0,0,0,0
2422,2,2,1,0.6,0.8,0.1333,0.1,0,0,0,1.3333,4,4,1.3333,1.3333,0.2,1,1,1,1,0,2,0,0,0,1,0
2423,3,3,5.5,0.8667,2.4,0.4,1,0,0,1,1.3333,9,9,3,3,0.3,2.3333,2.3333,2.3333,2.3333,0,3,0.4,0.3333,0.1,0,0
2424,2,2,3,0.7,1.4,0.2333,0.1333,0,0,0,2,5.5,5.5,1.8333,1.8333,0.2,1.8333,1.8333,1.8333,1.8333,0,2,0,0,0,0,0
2425,2,2,2.5,1.0333,1.65,0.3,0.1,0,0,0,1.3333,5.5,5.5,1.8333,1.8333,0.2,1.5,3,1.5,1.5,0.225,4,0,0,0,0,0
2426,0,0,1.5,1.0667,0.4,0.0667,0.1333,0.2667,0.4,0,0.6667,1,1,0.3333,0.3333,0,1.3333,1.3333,1.3333,1.3333,0,0,0,0,0,0,0
2427,4.25,4.25,2.5,0.6667,1.2,0.2,1.225,0,0,1.225,1.4167,6.25,6.25,2.0833,2.0833,0.325,2.4167,2.4167,2.4167,2.4167,0,3.25,0.75,0.3611,0.1062,0,0
2428,2.75,2.75,1,0.6,0.8,0.1333,0.15,0,0,0,1.9167,4.75,4.75,1.5833,1.5833,0.275,1.25,1.25,1.25,1.25,0,2.75,0,0,0,0,0
2429,4.25,4.25,2.5,0.6667,1.2,0.2,0.2833,0,0,0,1.4167,7.25,7.25,2.4167,2.4167,0.425,2.0833,2.0833,2.0833,2.0833,0,4.25,0,0,0,0,0
2430,4.25,4.25,2,1.1333,0.8,0.1333,0.1833,0.5333,0.8,0,1.75,5.25,5.25,1.75,1.75,0.325,1.4167,1.4167,1.4167,1.4167,0,3.25,0,0,0,0,0
2431,3,3,2.5,0.6667,1.2,0.2,0.1333,0,0,0,1,6,6,2,2,0.3,1.3333,1.3333,1.3333,1.3333,0,3,0,0,0,0,0
2432,3.25,3.25,2.5,0.6667,1.2,0.2,0.15,0,0,0,1.75,6.25,6.25,2.0833,2.0833,0.325,1.4167,1.4167,1.4167,1.4167,0,3.25,0,0,0,0,0
2433,3.25,3.25,2.5,0.6667,1.2,0.2,0.15,0,0,0,1.0833,6.25,6.25,2.0833,2.0833,0.325,1.4167,1.4167,1.4167,1.4167,0,3.25,0,0,0,0,0
2434,2.75,2.75,1,0.6,0.8,0.1333,0.15,0,0,0,1.5833,4.75,4.75,1.5833,1.5833,0.275,1.25,1.25,1.25,1.25,0,2.75,0,0,0,0,0
2435,3.25,3.25,1.5,0.6,0.8,0.1333,0.25,0,0,0,2.4167,5.25,5.25,1.75,1.75,0.325,1.75,1.75,1.75,1.75,0,3.25,0,0,0,0,0
2436,2.25,2.25,1,0.6,0.8,0.1333,0.1167,0,0,0,1.4167,4.25,4.25,1.4167,1.4167,0.225,1.0833,1.0833,1.0833,1.0833,0,2.25,0,0,0,0,0
2437,3.25,3.25,2.5,0.6667,1.2,0.2,0.1833,0,0,0,2.0833,6.25,6.25,2.0833,2.0833,0.325,1.75,1.75,1.75,1.75,0,3.25,0,0,0,0,0
2438,2.25,2.25,1,0.6,0.8,0.1333,1.125,0,0,1.125,1.4167,4.25,4.25,1.4167,1.4167,0.225,1.0833,1.0833,1.0833,1.0833,0,2.25,0.35,0.25,0.1062,0,0
2439,4.5,4.5,3.5,0.6667,1.2,0.2,0.2,0,0,0,1.1667,5.5,5.5,1.8333,1.8333,0.25,2.1667,2.1667,2.1667,2.1667,0,2.5,0,0,0,0.9,0
2440,2,2,3,0.7667,1.8,0.3,0.1667,0,0,0,1.3333,6.5,6.5,2.1667,2.1667,0.2,2.5,2.5,2.5,2.5,0,2,0,0,0,0,0
2441,0.5,0.5,1.5,0.5333,0.4,0.0667,0.1667,0,0,0,0.8333,1.5,1.5,0.5,0.5,0.05,1.5,1.5,1.5,1.5,0,0.5,0,0,0,0,0
2442,4,4,3.5,0.6667,1.2,0.2,0.2333,0,0,0,1,5,5,1.6667,1.6667,0.2,2.3333,2.3333,2.3333,2.3333,0,2,0,0,0,0,0
2443,4.25,4.25,2.5,0.6667,1.2,0.2,0.2167,0,0,0,1.4167,7.25,7.25,2.4167,2.4167,0.425,1.75,1.75,1.75,1.75,0,4.25,0,0,0,0,0
2444,2.5,2.5,2,0.6667,1.2,0.2,0.1333,0,0,0,1.8333,5.5,5.5,1.8333,1.8333,0.25,1.5,1.5,1.5,1.5,0,2.5,0,0,0,0,0
2445,4.25,4.25,3.5,0.6,0.8,0.1333,0.15,0,0,0,1.0833,4.25,4.25,1.4167,1.4167,0.225,1.4167,1.4167,1.4167,1.4167,0,2.25,0,0,0,1.35,0
2446,1,1,1.5,0.5333,0.4,0.0667,0.2667,0,0,0,1,2,2,0.6667,0.6667,0.1,2,2,2,2,0,1,0,0,0,0,0
2447,0.25,0.25,1.5,0.5333,0.4,0.0667,0.15,0,0,0,0.75,1.25,1.25,0.4167,0.4167,0.025,1.4167,1.4167,1.4167,1.4167,0,0.25,0,0,0,0,0
2448,2,2,2.5,0.7,1.4,0.2333,0.1,0,0,0,1.6667,5.5,5.5,1.8333,1.8333,0.2,1.5,1.5,1.5,1.5,0,2,0,0,0,0,0
2449,3.5,3.5,2.5,0.6667,1.2,0.2,0.1667,0,0,0,1.1667,6.5,6.5,2.1667,2.1667,0.35,1.5,1.5,1.5,1.5,0,3.5,0,0,0,0,0
2450,5,5,3.5,0.6,0.8,0.1333,0.1667,0,0,0,2.6667,5,5,1.6667,1.6667,0.3,1.3333,1.3333,1.3333,1.3333,0,3,0,0,0,0,0
2451,2,2,1.5,0.6,0.8,0.1333,0.1333,0,0,0,1,4,4,1.3333,1.3333,0.2,1.3333,1.3333,1.3333,1.3333,0,2,0,0,0,0,0
2452,4,4,1.5,0.6,0.8,0.1333,1,0,0,1,2.3333,6,6,2,2,0.4,1.6667,1.6667,1.6667,1.6667,0,4,0.7,0.4444,0.175,0,0
2453,2.75,2.75,1,0.7333,0.8,0.1333,0.15,0.1333,0.2,0,1.5833,4.75,4.75,1.5833,1.5833,0.275,1.25,1.25,1.25,1.25,0,2.75,0,0,0,0,0
2454,3.5,3.5,1.5,0.9333,1.05,0.2,0.2,0,0,0,2.1667,5.5,5.5,1.8333,1.8333,0.35,1.5,3,1.5,1.5,0.2625,5.5,0,0,0,0,0
2455,5.25,5.25,5.5,0.7333,1.2,0.2,0.15,0.1,0.15,0.525,1.0833,5.25,5.25,1.75,1.75,0.225,10.5,1.75,3.5,1.75,0.1563,2.25,0,0,0,0,0
2456,2,2,2.5,0.7,1.4,0.2333,0.1,0,0,0,2.3333,5.5,5.5,1.8333,1.8333,0.2,1.5,1.5,1.5,1.5,0,2,0,0,0,0,0
2457,7,7,10,0.9,2.6,0.4333,0.2,0,0,0,2,9.5,9.5,3.1667,3.1667,0.3,3.1667,3.1667,3.1667,3.1667,0,3,0,0,0,0,0
2458,0,0,1.5,0.5333,0.4,0.0667,0.1333,0,0,0,0.6667,1,1,0.3333,0.3333,0,1.3333,1.3333,1.3333,1.3333,0,0,0,0,0,0,0
2459,3.25,3.25,1,0.6,0.8,0.1333,0.1833,0,0,0,1.75,5.25,5.25,1.75,1.75,0.325,1.4167,1.4167,1.4167,1.4167,0,3.25,0,0,0,0,0
2460,3.25,3.25,1.5,0.6,0.8,0.1333,0.1833,0,0,0,2.75,5.25,5.25,1.75,1.75,0.325,1.4167,1.4167,1.4167,1.4167,0,3.25,0,0,0,0,0
2461,5.75,5.75,6.5,0.7333,1.6,0.2667,0.1833,0,0,0,1.5833,6.75,6.75,2.25,2.25,0.275,2.25,2.25,2.25,2.25,0,2.75,0,0,0,0,0
2462,4,4,3.5,0.6667,1.2,0.2,0.1667,0,0,0,1.6667,5,5,1.6667,1.6667,0.2,2,2,2,2,0,2,0,0,0,0,0
2463,3.75,3.75,2.5,0.7333,1.2,0.2,0.1833,0.1,0.15,0.575,1.25,6.75,6.75,2.25,2.25,0.375,9.5,1.5833,3.1667,1.5833,0.0688,3.75,0,0,0,0,0
2464,5.25,5.25,4.5,0.7,1.4,0.2333,0.1833,0,0,0,2.4167,6.75,6.75,2.25,2.25,0.325,1.9167,1.9167,1.9167,1.9167,0,3.25,0,0,0,0,0
2465,4.25,4.25,2.5,0.6,0.8,0.1333,0.2167,0,0,0,2.0833,5.25,5.25,1.75,1.75,0.325,1.75,1.75,1.75,1.75,0,3.25,0,0,0,0,0
2466,1,1,1.5,0.5333,0.4,0.0667,1.1,0,0,1.1,1,2,2,0.6667,0.6667,0.1,1.6667,1.6667,1.6667,1.6667,0,1,0.5,0.1111,0.075,0.6,0
2467,3.75,3.75,1.5,0.6,0.8,0.1333,0.2167,0,0,0,2.25,5.75,5.75,1.9167,1.9167,0.375,1.5833,1.5833,1.5833,1.5833,0,3.75,0,0,0,0,0
2468,0.75,0.75,1.5,0.5333,0.4,0.0667,0.1833,0,0,0,2.5833,1.75,1.75,0.5833,0.5833,0.075,1.5833,1.5833,1.5833,1.5833,0,0.75,0,0,0,0,0
2469,2.5,2.5,1,0.6,0.8,0.1333,0.1333,0,0,0,1.5,4.5,4.5,1.5,1.5,0.25,1.1667,1.1667,1.1667,1.1667,0,2.5,0,0,0,0,0
2470,2,2,1,0.6,0.8,0.1333,1.1,0,0,1.1,1.3333,4,4,1.3333,1.3333,0.2,1,1,1,1,0,2,0.3,0.2222,0.1,0,0
2471,2.75,2.75,2.5,0.8333,1.4,0.2333,0.15,0.2,0.3,0,2.25,6.25,6.25,2.0833,2.0833,0.275,1.75,1.75,1.75,1.75,0,2.75,0,0,0,0,0
2472,2.25,2.25,1.5,0.8,1.2,0.2,0.1833,0.2,0.3,0,1.4167,5.25,5.25,1.75,1.75,0.225,2.0833,2.0833,2.0833,2.0833,0,2.25,0,0,0,0,0
2473,3,3,2.5,1,1.45,0.2667,0.1667,0,0,0,1,5,5,1.6667,1.6667,0.2,2,4,2,2,0.3,4,0,0,0,0,0
2474,2.75,2.75,1.5,1.1333,0.8,0.1333,0.1833,0.5333,0.8,0,1.25,4.75,4.75,1.5833,1.5833,0.275,1.5833,1.5833,1.5833,1.5833,0,2.75,0,0,0,0,0
2475,2,2,1,0.7333,0.8,0.1333,0.1,0.1333,0.2,0,1.3333,4,4,1.3333,1.3333,0.2,1,1,1,1,0,2,0,0,0,0,0
2476,3,3,4,1.4333,1.9,0.5667,0.1333,1.1333,1.7,0,1.3333,7.5,7.5,2.5,2.5,0.3,1.8333,3.6667,1.8333,3.6667,0,3,0,0,0,0,0
2477,4.75,4.75,3.5,0.6667,1.2,0.2,0.2167,0,0,0,1.25,5.75,5.75,1.9167,1.9167,0.275,2.25,2.25,2.25,2.25,0,2.75,0,0,0,0,0
2478,5.25,5.25,3.5,0.8,1.2,0.2,0.2167,0.2,0.3,0,1.4167,7.25,7.25,2.4167,2.4167,0.425,1.75,1.75,1.75,1.75,0,4.25,0,0,0,0,0
2479,3.25,3.25,4,0.8,2,0.3333,0.1833,0,0,0,2.4167,8.25,8.25,2.75,2.75,0.325,2.4167,2.4167,2.4167,2.4167,0,3.25,0,0,0,0,0
2480,2.75,2.75,1.5,0.6667,1.2,0.2,0.2167,0,0,0,1.25,5.75,5.75,1.9167,1.9167,0.275,2.25,2.25,2.25,2.25,0,2.75,0,0,0,1.45,0
2481,2,2,1,0.6,0.8,0.1333,1.1,0,0,1.1,1.6667,4,4,1.3333,1.3333,0.2,1,1,1,1,0,2,0.3,0.2222,0.125,0,0
2482,3,3,1.5,0.6,0.8,0.1333,0.2,0,0,0,1.3333,5,5,1.6667,1.6667,0.3,1.6667,1.6667,1.6667,1.6667,0,3,0,0,0,0,0
2483,3,3,1.5,0.7333,0.9,0.4,0.1667,0,0,0,2,5,5,1.6667,1.6667,0.3,1.3333,2.6667,1.3333,2.6667,0,3,0,0,0,0,0
2484,6.5,6.5,10,0.9,2.6,0.4333,0.1667,0,0,0,2.1667,9,9,3,3,0.25,3,3,3,3,0,2.5,0,0,0,0,0
2485,3.25,3.25,2,0.6,0.8,0.1333,0.725,0,0,0.925,1.75,5.25,5.25,1.75,1.75,0.325,1.4167,1.4167,1.4167,1.4167,0,3.25,0.55,0.3611,0.1313,0,0
2486,4.25,4.25,3,0.7333,0.9,0.1333,0.1833,0,0,0,1.75,5.25,5.25,1.75,1.75,0.325,1.4167,1.4167,1.4167,1.4167,0.1313,3.25,0,0,0,0,0.2813
2487,2.25,2.25,2,1.1667,1.4,0.1667,0.15,0,0,0,1.4167,4.75,4.75,1.5833,1.5833,0.225,1.5833,1.5833,1.5833,1.5833,0.1812,4.25,0,0,0,0,0
2488,2.75,2.75,2.5,0.7,1.4,0.2333,0.675,0,0,0.875,1.9167,6.25,6.25,2.0833,2.0833,0.275,1.75,1.75,1.75,1.75,0,2.75,0.45,0.3056,0.1437,0,0
2489,4,4,6,0.8,1.6,0.2667,0.0667,0.1333,0.2,0.3,1.6667,7,7,2.3333,2.3333,0.3,1.3333,1.3333,1.3333,1.3333,0.05,3,0,1,0.5,0,0.075
2490,2.75,2.75,2,0.6333,1,0.1667,0.1833,0,0,0,1.5833,5.25,5.25,1.75,1.75,0.275,1.75,1.75,1.75,1.75,0,2.75,0,0,0,1.65,0
2491,2.75,2.75,2.5,0.7,1.4,0.2333,1.075,0,0,1.075,1.25,6.25,6.25,2.0833,2.0833,0.275,1.75,1.75,1.75,1.75,0,2.75,0.45,0.3056,0.0938,0,0
2492,4.5,4.5,3.5,0.7667,1.1,0.1667,0.1667,0,0,0,2.1667,7,7,2.3333,2.3333,0.45,1.3333,1.3333,1.3333,1.3333,0.0875,4.5,0,0,0,0,0.2375
2493,2.25,2.25,2,0.7333,0.9,0.4,0.1167,0,0,0,1.4167,4.25,4.25,1.4167,1.4167,0.225,1.0833,2.1667,1.0833,2.1667,0,2.25,0,0,0,0,0
2494,3.75,3.75,3.5,0.6333,1,0.1667,0.1167,0,0,0,1.9167,5.25,5.25,1.75,1.75,0.275,1.4167,1.4167,1.4167,1.4167,0,2.75,0,0,0,1.15,0
2495,2.75,2.75,1,0.6667,0.8,0.1333,1.175,0.0667,0.1,1.475,1.5833,4.75,4.75,1.5833,1.5833,0.275,1.25,1.25,1.25,1.25,0.0688,2.75,0.45,0.3056,0.1187,1.15,0
2496,6.75,6.75,7.5,1.2667,1.6,0.2667,0.1833,1.0667,1.6,0,2.25,6.75,6.75,2.25,2.25,0.275,2.25,2.25,2.25,2.25,0,2.75,0,0,0,0,0
2497,2.25,2.25,5,0.7,1,0.1667,0.15,0.0667,0.1,0.525,1.4167,2.75,2.75,0.9167,0.9167,0.025,11.5,1.9167,3.8333,1.9167,0.1563,0.25,0,0,0,0,0
2498,2,2,2.5,0.7333,1.6,0.2667,0.1667,0,0,0,2,6,6,2,2,0.2,2.3333,2.3333,2.3333,2.3333,0,2,0,0,0,0,0
2499,0.75,0.75,1.5,0.6667,0.5,0.3333,1.075,0,0,1.075,0.9167,1.75,1.75,0.5833,0.5833,0.075,1.5833,3.1667,1.5833,3.1667,0,0.75,0.45,0.0833,0.0688,1.05,0
2500,5.5,5.5,4.5,0.6667,1.2,0.2,0.1667,0,0,0,1.1667,6.5,6.5,2.1667,2.1667,0.35,1.5,1.5,1.5,1.5,0,3.5,0,0,0,0,0
2501,2,2,1,0.6,0.8,0.1333,0.1,0,0,0,3.6667,4,4,1.3333,1.3333,0.2,1,1,1,1,0,2,0,0,0,0,0
2502,2,2,1.5,0.6667,1.2,0.2,0.1667,0,0,0,1.6667,5,5,1.6667,1.6667,0.2,2,2,2,2,0,2,0,0,0,0,0
2503,2,2,3.5,0.6667,0.4,0.0667,0.1333,0.0667,0.1,0,1,1,1,0.3333,0.3333,0,1.3333,1.3333,1.3333,1.3333,0,0,0,0,0,1,0
2504,3,3,2.5,0.6,0.8,0.1333,1,0,0,1,1.3333,4,4,1.3333,1.3333,0.2,1.3333,1.3333,1.3333,1.3333,0,2,0.4,0.2222,0.1,0,0
2505,6.25,6.25,6.5,0.7333,1.6,0.2667,0.2167,0,0,0,2.0833,7.25,7.25,2.4167,2.4167,0.325,2.4167,2.4167,2.4167,2.4167,0,3.25,0,0,0,0,0
2506,2.75,2.75,1.5,0.6667,1.2,0.2,1.175,0,0,1.175,1.5833,5.75,5.75,1.9167,1.9167,0.275,2.25,2.25,2.25,2.25,0,2.75,0.65,0.3056,0.1187,0,0
2507,0.25,0.25,3,0.6333,1,0.1667,1.025,0,0,1.025,1.0833,2.75,2.75,0.9167,0.9167,0.025,1.9167,1.9167,1.9167,1.9167,0,0.25,0.35,0.0278,0.0813,0,0
2508,4,4,5,0.7667,1.8,0.3,0.1333,0,0,0,2,7.5,7.5,2.5,2.5,0.3,1.8333,1.8333,1.8333,1.8333,0,3,0,0,0,0,0
2509,2.75,2.75,1,0.7333,0.9,0.4,0.15,0,0,0,1.9167,4.75,4.75,1.5833,1.5833,0.275,1.25,2.5,1.25,2.5,0,2.75,0,0,0,0,0
2510,5,5,6,0.7667,1.8,0.3,0.1667,0,0,0,3,7.5,7.5,2.5,2.5,0.3,2.1667,2.1667,2.1667,2.1667,0,3,0,0,0,0,0
2511,0.75,0.75,1.5,1.0667,0.4,0.0667,1.075,0.2667,0.4,1.075,0.9167,1.75,1.75,0.5833,0.5833,0.075,1.5833,1.5833,1.5833,1.5833,0,0.75,0.45,0.0833,0.0688,0,0
2512,1,1,1.5,0.5333,0.4,0.0667,0.2,0,0,0,1,2,2,0.6667,0.6667,0.1,1.6667,1.6667,1.6667,1.6667,0,1,0,0,0,1.1,0
2513,3.25,3.25,5,1.1667,2.45,0.4333,1.125,0,0,1.125,1.75,7.75,7.75,2.5833,2.5833,0.225,2.9167,5.8333,2.9167,2.9167,0.3063,4.25,0.55,0.25,0.1313,0,0
2514,3.25,3.25,4,0.7,1.4,0.2333,0.15,0,0,0,1.4167,5.75,5.75,1.9167,1.9167,0.225,1.9167,1.9167,1.9167,1.9167,0,2.25,0,0,0,1.25,0
2515,5.25,5.25,2.5,0.7333,0.8,0.1333,0.25,0.1333,0.2,0,2.4167,6.25,6.25,2.0833,2.0833,0.425,1.75,1.75,1.75,1.75,0,4.25,0,0,0,0,0
2516,4,4,4.5,0.7667,1.8,0.3,0.1667,0,0,0,2.3333,7.5,7.5,2.5,2.5,0.3,2.1667,2.1667,2.1667,2.1667,0,3,0,0,0,0,0
2517,3.25,3.25,1.5,0.6,0.8,0.1333,0.2167,0,0,0,1.75,5.25,5.25,1.75,1.75,0.325,1.75,1.75,1.75,1.75,0,3.25,0,0,0,0,0
2518,4.75,4.75,3,0.6,0.8,0.1333,0.15,0,0,0,1.5833,4.75,4.75,1.5833,1.5833,0.275,1.25,1.25,1.25,1.25,0,2.75,0,0,0,1.15,0
2519,3.5,3.5,1.5,0.6,0.8,0.1333,0.2,0,0,0,3.8333,5.5,5.5,1.8333,1.8333,0.35,1.5,1.5,1.5,1.5,0,3.5,0,0,0,0,0
2520,5.75,5.75,5,0.8333,1.4,0.2333,0.2167,0.2,0.3,0,2.5833,7.25,7.25,2.4167,2.4167,0.375,2.0833,2.0833,2.0833,2.0833,0,3.75,0,0,0,0,0
2521,5,5,5,0.9,1.9,0.5667,0.2333,0,0,0,3,8.5,8.5,2.8333,2.8333,0.4,2.5,5,2.5,5,0,4,0,0,0,0,0
2522,2.5,2.5,3,0.7,1.4,0.2333,0.1667,0,0,0,2.1667,6,6,2,2,0.25,2,2,2,2,0,2.5,0,0,0,1.6,0
2523,2.75,2.75,1,0.6,0.8,0.1333,0.15,0,0,0,1.9167,4.75,4.75,1.5833,1.5833,0.275,1.25,1.25,1.25,1.25,0,2.75,0,0,0,0,0
2524,4,4,3.5,0.6667,1.2,0.2,1.1,0,0,1.1,1.3333,5,5,1.6667,1.6667,0.2,2,2,2,2,0,2,0.5,0.2222,0.1,0,0
2525,5.25,5.25,9,0.9667,3,0.5,0.1833,0,0,0,2.0833,9.75,9.75,3.25,3.25,0.225,3.5833,3.5833,3.5833,3.5833,0,2.25,0,0,0,0,0
2526,4,4,4,0.7667,1.8,0.3,0.2333,0,0,0,3.3333,8.5,8.5,2.8333,2.8333,0.4,2.5,2.5,2.5,2.5,0,4,0,0,0,0.9,0
2527,4.75,4.75,4.5,0.8667,1.6,0.2667,0.1833,0.2667,0.4,0,1.5833,7.75,7.75,2.5833,2.5833,0.375,1.9167,1.9167,1.9167,1.9167,0,3.75,0,0,0,1.95,0
2528,3.25,3.25,1.5,0.9333,1.05,0.2,0.925,0,0,0.925,2.0833,5.25,5.25,1.75,1.75,0.325,1.4167,2.8333,1.4167,1.4167,0.2562,5.25,0.55,0.3611,0.1563,0,0
2529,6.5,6.5,6.5,0.7333,1.6,0.2667,0.2,0,0,0,2.8333,7.5,7.5,2.5,2.5,0.35,2.1667,2.1667,2.1667,2.1667,0,3.5,0,0,0,0,0
2530,0,0,1.5,1.0667,0.4,0.0667,1,0.2667,0.4,1,0.6667,1,1,0.3333,0.3333,0,1.3333,1.3333,1.3333,1.3333,0,0,0.3,0,0.05,0,0
2531,5.25,5.25,4.5,1.5333,1.45,0.2667,0.15,0.9667,1.45,0,1.0833,6.25,6.25,2.0833,2.0833,0.325,1.4167,2.8333,1.4167,1.4167,0.2813,5.25,0,0,0,0,0
2532,3.5,3.5,2,0.9333,1.05,0.2,1.15,0,0,1.15,1.5,4.5,4.5,1.5,1.5,0.25,1.1667,2.3333,1.1667,1.1667,0.2625,4.5,0.4,0.2778,0.1125,0,0
2533,1.25,1.25,2.5,0.5333,0.4,0.0667,1.025,0,0,1.025,0.75,1.25,1.25,0.4167,0.4167,0.025,1.4167,1.4167,1.4167,1.4167,0,0.25,0.35,0.0278,0.0563,0,0
2534,2.5,2.5,1.5,0.7333,0.9,0.4,1.05,0,0,1.05,1.1667,4.5,4.5,1.5,1.5,0.25,1.5,3,1.5,3,0,2.5,0.5,0.2778,0.0875,0,0
2535,4.25,4.25,4.5,0.7667,1,0.1667,0.0833,0.1333,0.2,0,1.4167,5.75,5.75,1.9167,1.9167,0.325,0.9167,0.9167,0.9167,0.9167,0,3.25,0,0,0,1.35,0
2536,4.25,4.25,3.5,0.7,1,0.1667,0.15,0.0667,0.1,0.625,1.75,6.75,6.75,2.25,2.25,0.425,7.5,1.25,2.5,1.25,0.0563,4.25,0,1.4167,0.525,0,0.0813
2537,2.75,2.75,5,0.9333,2,0.3333,0.1167,0.3333,0.5,0,2.5833,7.75,7.75,2.5833,2.5833,0.275,2.25,2.25,2.25,2.25,0,2.75,0,0,0,1.45,0
2538,4,4,4.5,0.8333,1,0.1667,0.7,0.2,0.3,0.8,1.3333,5.5,5.5,1.8333,1.8333,0.3,0.8333,0.8333,0.8333,1.6667,0,3,0.3,0.3333,0.1,0,0
2539,4.25,4.25,4.5,0.8333,1.4,0.2333,0.15,0.2,0.3,0,1.4167,5.75,5.75,1.9167,1.9167,0.225,1.5833,1.5833,1.5833,1.5833,0,2.25,0,0,0,0,0
2540,3.75,3.75,2,0.6,0.8,0.1333,0.2167,0,0,0,1.9167,5.75,5.75,1.9167,1.9167,0.375,1.5833,1.5833,1.5833,1.5833,0,3.75,0,1.25,0.575,1.35,0.1187
2541,2.75,2.75,2.5,0.6667,1.2,0.2,0.875,0,0,0.875,1.5833,5.75,5.75,1.9167,1.9167,0.275,1.9167,1.9167,1.9167,1.9167,0,2.75,0.55,0.3056,0.1187,0,0
2542,2.25,2.25,2.5,0.8333,1,0.1667,0.225,0.2,0.3,0,1.75,4.75,4.75,1.5833,1.5833,0.225,1.25,1.25,1.25,2.5,0,2.25,0,0,0,1.35,0
2543,3.75,3.75,3.5,0.9,1.9,0.3,0.25,0,0,0,1.9167,8.25,8.25,2.75,2.75,0.375,2.4167,2.4167,2.4167,2.4167,0.1187,3.75,0,0,0,0,0.2687
2544,3,3,3.5,0.8333,1,0.1667,0.3,0.2,0.3,0,1.3333,5.5,5.5,1.8333,1.8333,0.3,0.8333,0.8333,0.8333,1.6667,0,3,0,1,0.4,0,0.05
2545,4.25,4.25,5,0.7333,1.6,0.2667,0.15,0,0,0,2.4167,8.25,8.25,2.75,2.75,0.425,1.75,1.75,1.75,1.75,0,4.25,0,0,0,1.55,0
2546,2.5,2.5,1.5,0.6,0.8,0.1333,0.45,0,0,0.65,3.1667,4.5,4.5,1.5,1.5,0.25,1.5,1.5,1.5,1.5,0,2.5,0.5,0.2778,0.2375,0,0
2547,5,5,6,0.7,1.4,0.2333,0.8,0,0,0.8,1.3333,5.5,5.5,1.8333,1.8333,0.2,1.8333,1.8333,1.8333,1.8333,0,2,0.4,0.2222,0.1,0,0
2548,4,4,4.5,1.3,1.8,0.3,0.4,1.0667,1.6,0,1.6667,7.5,7.5,2.5,2.5,0.3,2.1667,2.1667,2.1667,2.1667,0,3,0,0,0,0,0
2549,4.25,4.25,3.5,0.8333,1,0.1667,0.425,0.2,0.3,0,1.75,6.75,6.75,2.25,2.25,0.425,1.25,1.25,1.25,2.5,0,4.25,0,0,0,0,0
2550,3.5,3.5,3.5,0.9,1.4,0.2333,0.35,0.3,0.45,0,1.5,6,6,2,2,0.25,1.6667,1.6667,1.6667,3.3333,0,2.5,0,0,0,0,0
2551,4,4,3.5,0.7667,1.1,0.1667,0.1333,0,0,0,2.3333,5.5,5.5,1.8333,1.8333,0.3,1.5,1.5,1.5,1.5,0.125,3,0,0,0,0,0.275
2552,4.25,4.25,6,0.8,2,0.3333,0.15,0,0,0,3.0833,8.25,8.25,2.75,2.75,0.325,2.4167,2.4167,2.4167,2.4167,0,3.25,0,1.0833,0.925,0,0.1313
2553,4,4,3.5,0.7667,1.1,0.4333,0.1333,0,0,0,1.6667,6.5,6.5,2.1667,2.1667,0.4,1.1667,2.3333,1.1667,2.3333,0,4,0,0,0,0,0
2554,4.5,4.5,3.5,0.9,1.4,0.2333,0.45,0.3,0.45,0,1.8333,7,7,2.3333,2.3333,0.35,2,2,2,4,0,3.5,0,0,0,1.9,0
